lang	gold_ipa	predicted_ipa
anal1239	d@na:te val}hinto p_ho:ts\a	tena:te valuhin to po?ts\a
anal1239	ionna te? ama mas_ha te? da bile eam mava n}	eonotaamasatamoverda:belemmavono
anal1239	van} vapa pe:t_he ir_0oma	vanovapapiti ehuma
anal1239	b}to k_haN kun kunn}	botok_haNkuNan kono
anal1239	salk_h} t`u t_hum numn} vajuN s@val pe	ts\akatutonono vausavalpe
anal1239	ak_he? its\ar poso r_0o maniN no vad@maN	drop akepi ts\arposohomaniNnodeno
anal1239	kolapa tu:~ vad@na:te	kola:patuna:nte
anal1239	va}ne ts\a:~ hinto t_h@jen}	uvunets\a:hend}t_hojene
anal1239	unsa? ka:lo ts\avo ka:s} ts\avo	onits\akluts\avo ka:ts\uts\avo
anal1239	da? d@ja ts\aka mo d@jen} moteru kop_h} to	da:dejasa kamudenamote rukoputo
anal1239	t_hal tu:~ te? het`unts\a je ve?	t_haldute hetuNts\ave
anal1239	at`uN to te hurira	adontatehurira
anal1239	ts\unt`h@ te va:m_0i ile ru it`ol at_he at_he ts\unt`h@ mi in vavaN_0ruki e	ts\onts\oteva:mileerutotet_hits\ont_hami enva vaNt_hve
anal1239	vapaluNt_hu pat`e jojo nu	vapaluNts\ patejjonu
anal1239	pakanpa tu:~ vasu ja: na:te vaunsa n}	pakapati vasuarate vojisano
anal1239	vaheson vaheson vaheson na:te atuN hate van}te vats\un pedohva	mehets\on vehets\on hets\onataatuhate vanuterats\onpedvo
anal1239	k_hamt`uN len bu ivum halnu iuN ja:va	kantoNlel bun halno javNja:
anal1239	vaj@N_0a tu:~ ive:l vats\aka ve d@na:te	vats\ahatu evel vasakavedanate
anal1239	ts\@:nt`aN tu:~ so:l_0na to naN k_h}n}	sont_haNtuts\olnato naNk_huno
anal1239	pala to hepam_0om meme hepam_0om meme	palatehipuhomeme epomomekeko
anal1239	datuN dolt_hu siN suN	da:tuN dolt_huts\iNsuN
anal1239	ama vas@ ika:jol tu:~ o? kale:n ha kapo so do nibe o?	amavas@ eka:jortuNo kalalhaka:pusudanembjo
anal1239	naheka pat`hal sinnu leleha naheka tol va	ehika dopat_hosino nene nahikatolo
anal1239	vaN t`ut`u vaNn} vaNn} vaNn}	vaNtin vaNna vaNa vNna
anal1239	pet_h@ t`_hanaka	kits\ats\anaka
anal1239	hata k_he? val ata:~ t_huN tu:~ amin n}	hatak_heval ata:ntuNt_huhamenu
anal1239	amaki te taNts\a	anakitetavNsa
anal1239	vadana:te nik_he? te	adena:te nikete
anal1239	va sinn} tu:~ da? vadi	vasenutu davati
anal1239	vaj} na je to vats\aln} hin to pe:bo rum n} t_h@ le:lo: n}	vajonete vats\aanohendo pebonunots\alevo
anal1239	van} to ajal ts\a ve	vanuto ajalsave
anal1239	pas_he na van_0o lo nate ti:se to	pasenavalunotu tiseto
anal1239	amats\u tu:~	amnasuti
anal1239	vapat`_ho koval t_hal kibe	pat_hovaltarkeve
anal1239	ts\ara pemin so ka t_hit_hi	ts\arapemensokats\its\i
anal1239	van} ts\aN je?	vodsae
anal1239	vats\aln} k}N da:li avaN t`_h} mo e?	vats\aluk da:le avoNt_hvome
anal1239	vadana:te ts\ot`aN to akamn}	vats\ena:tot_haNto aka:mno
anal1239	amat_huN tu:~	mat_hoN ti
anal1239	j}hinn} ama:put_hi e vain t_huN ae pe luk_hin	ts\uhiNno ama:puts\ievantuN ajepiluki
anal1239	at`_hiN jen} inaN paN jen} pe:k_hum paN jen}	at_hiNinu inaNpaNin pik_humpaNinu
anal1239	hal kara kara? to k_haNpuN ipuN	hakarakaratokaNp}puNi
anal1239	adal al_0ija vadi:te	adal alhija hudede
anal1239	s@l ajam_0e a:d@ maN_0in	salaimhets\ama
anal1239	amato h}:mpi var_0uNva	amato vumpivarhoN va
anal1239	apaluN l_0udo?	apaluNts\udo
anal1239	hata k_he? hata it_h@ k_ho d@n} ka:s} d@n} ka:s} l_0o te	hatak_he hane aits\akoteno ka:vsusano kasulovte
anal1239	et`o lele et`o jenu	otulele itolenoppp
anal1239	va sinn} da? losiN da? in ts\aka	vasenu dalosindaisaka:
anal1239	va:t`_huN jo:m taN o?	vat_huNlondavo
anal1239	nite at_he kaamts\a ja:te ts\ints\a kats\ats\a: meme? te	nite tekamts\ajadats\iNsa:kasa:memete
anal1239	va:~kal len abu:~ abu:~ts\u to ts\anaka	va:ka:len abuabuNts\u to sanaka
anal1239	l_0am pal} t_huN	tampulot_huN
anal1239	da? t`o: kaniN	ta:to kane
anal1239	et`o bol jenu ata et`o lolo et`olo jenu	e itubal lenotaetulolo intoleno
anal1239	vain t_huN tu:~ pat`uNts\an}	vientoNt} patuNsan}
anal1239	nihin kat`uN du ki mak_he	neN kat_huNts\u pimake
anal1239	ak_hopa:m ak_hopa:m_0a mi t_harka ha kakara al_0un n}	ak_hopa:mkopa:man mitarkahakar kalonno
anal1239	van} tu:~ ats\al maso van} tu:~	vant} asalmaso vanopte
anal1239	asinte vapo vaseto alal tu:~ vahol po van} vad@na:te	vasente apovaseto alaltun vaholpovanovdanalte
anal1239	t`_h}m te a:ve va	t_humts\e va:viva:
anal1239	vana d@he	tampavk_hudok vanatehe
anal1239	val_0un meme:te d} ak_hehto amn}	vallonmemete duaketo ami
anal1239	tepaN pe d@ ma ts\a pe	tipaNpia damasape
anal1239	t_hal tu:~ te da? losiN t`o k_h}} kaniN he be	talt_hu te da:losin tokskanemheve
anal1239	ahe hehe he	ak_hts\ats\eke
anal1239	int_huN ki nal_0a paluN to t_hu: ts\an}	entoNkenalapavatats\unuts\an
anal1239	ak_he? tu:~ p_hen vabo	aketu pemavo
anal1239	male tu:~ val_0e lin} k_hehvape val	maleto valhe leno hevpeva
anal1239	tu:~te? m_0e he ve? dan}	nats\ete pat meve dano
anal1239	pi:hol nare t`hamanu hu ha k_he? l_0uN l_0uN	piholajets\aman huakevroluN
anal1239	damo mano ada? he	da:mo manoada:he
anal1239	as_ha k_hol ha as_ha k_hol ha juNbu naka he	asakolhaasak_holhats\oNmbunaka vaenhe
anal1239	vad} s}l ra? ammi palim te	dvadosoravami palinhe
anal1239	va } vane ki saru supenu	vavovane kisaru supeno
anal1239	amahebe asolt`_h} niNsuN damo kaniN	amehembe asholtvonesu damhokana
anal1239	hakaN na:te l_0am t_huN tu:~ davha	ka:haNnata hamtuNt_hudo
anal1239	sa id}d}? sa	ts\a idodosa
anal1239	t`_ha to? ahaN t_hun} are? ani to? ahaNt_hu n}	ts\ato ahaNts\uno eraanitohaNts\uno
anal1239	valosiN tu:~	valuts\intu
anal1239	alal mevum pa:l o?	alal mevompalo
anal1239	vaniN tuN k_h}man} j} k_h}ts\a	vandiN toNpumanats\puts\a
anal1239	vadana:te vaniN t_hin} t`ahts\a ve vat`an_0a:te	adena:tne vaniNts\in vata:asave vatana:te
anal1239	boliN hal ti ti dan} kaon peva:no vado na:te	meboliNhaltiti d@nu kavonpe vanod@nvat
anal1239	damo tu: lin} dava:n} tu niNt_ho tu:~ lin}	lamuts\u dinu davants\u net_hot_hu denuta
anal1239	dotu:~ t_hon}	dotut_hono
anal1239	alal va	alalduva
anal1239	mat`umn} tata to? ak_hehk_he val_0e pum k_he to? vats\a:do	matonots\ats\atoeke valepalk_hane kunketo ts\a:do
anal1239	damo m_0i ape:l va:so vad@na:te	damo ehi apealoaso dena:te
anal1239	na:te aj@N_0a j@N tu:~te?	Na:te ats\@hats\aatute
anal1239	vats\aln} hin to nal_0a t_hu: ts\a pe	vvats\an mahito na hats\uts\ape
anal1239	nuNe taNna vapa:l na:je te	nota ropanate
anal1239	vam_0i kapu	vonpikapu
anal1239	ama he te ts\ana maniN datuN d@: kaniN	amepisanamane da:tuNtitanits\a
anal1239	bo:l hudi hol jen} am_0a:~ ha par}:l il_0am ts\@: ts\aje ve?	bolt_hu diholeno ama:parole hamts\aseve
anal1239	ani tu:~ nal_0a to? va:j}su doki to?	anints\unavsatovasilokitava
anal1239	k_haN am_0an am_0an tin} asu jajo he l_0uN t`_ho l_0on} he	kaNamha nahantan asiaveluNt_hulunuhe
anal1239	ts\ara to? vat`_ho ti:~ ti:~ tu:~ be vam_0e to? va:l_0umpe mol val je	ts\arato vat_hotits\it_huNts\uteva hitokatupemolol
anal1239	vapaluN t_hu vanapadun ts\a:to	apruNt_honapatonts\a:to
anal1239	ni a:pe: kaniN a d@ va	ni a:pehne adava
anal1239	d}to s}:n} vahuN	dotets\una vaho
anal1239	doja va amatu:~	vattts\aa mti
anal1239	le ka:~ pihol ak_he? to rints\an}	leaka:pihol ak_hetorents\an
anal1239	va } vane hin nuN t`o lulu	vavovanehe nuNtolulua
anal1239	amato va:juNjuN va:juNjuN jadon_0} sinpa ts\arato	mato vajuNju vajoN ja:dono simbats\arato
anal1239	it`ha ma amna	it_hama:mna:
anal1239	vad@ na:te	madena:te
anal1239	pas_he na t_huN dara? kanama ts\a	pats\antovta:rakanamats\a
anal1239	akar_0}ke bol ara:~ kastom vano	no akarvukebol ara:ka:stampano
anal1239	ara:~ kintiN kintaN pa pe:min	ara: kin tiN kintaNpa pimen
anal1239	d@ k_h} jen} pa:m ak_hehhato vaN k_h} jen}	dak_hvino va:no kehato vaNvano
anal1239	ka sinn} he a:pe: kaniN	kats\en he apekan
anal1239	atuN at_h}:n vak_h} ts\aka no vad@va	ato atv}n vakvasakanovada
anal1239	kan} saNsaN	kanosaNts\aN
anal1239	paju pava tisuN ak_he? k_heha ts\@ tibe	pajupats\ok_hek_hesatave
anal1239	pa asanibe kum_0me t`ohints\aka	pa: asenibe kompetohinisaka
anal1239	vap} hin ts\a:~val ki ha ise ise melmol to? avaN holn}	vaputs\avakehajsits\umaNoto avoNpono
anal1239	lula:m vat`o: na:jete	dula:matonaete
anal1239	nuNdo ts\aka	noNdovts\ka
anal1239	na:te ts\aN va:esal haN am man}	nate vavts\aNva:sat_haN amanu
anal1239	ara:~ ki pena varamo be ama to	ara:Nkipenapara:modemato
anal1239	asinn} e likaniN vad@ maN	asenh}l dikne vudama
anal1239	niNt_ho naNso ts\ak_h@ to datuN va:~ka:l_0a haNkalso	niNto naNsots\ak_hatota:to ma:kala:Nkalso
anal1239	j}hin ts\aka ts\e	nvensakats\e
anal1239	p_halbi t_huNte	pal bit_huNte
anal1239	l_0uN t`_ho l_0o tin} he	t_huNt_huutane
anal1239	vats\apa tu:~ k_he iN adal al_0ija danite	vats\apatukeia dalelija danete
anal1239	d@na:te tut_huN rahtu:~	halate tit_horatu
anal1239	n} kadol t_hu:ka vadana:te	nokadalt_hulkavevedenate
anal1239	e? pali:mto pava:n leltu:~ iju:~ lomlomva?	eh pilimto pava:lnaltu its\uNlomloma
anal1239	d@n} am_0adets\a dato t_hin}	ohodona aha:bits\ada tots\inu
anal1239	ats\im ma	ats\ema
anal1239	ka:~ va:d@te	ka:va:ts\ate
anal1239	van} vapahin asin vele: ts\@:ts\aka vanad@ hinto hata k_he? val its\e:~ do? vaje	uvanuvapan ats\en velesaasakavanadahen tohatakeval isijedo?vaje
anal1239	t`umk_he? vahuNle	tumkev}ne
anal1239	am_0a:~ ha ts\@:n} vats\a va ne r_0aN	amhahasano vats\navats\avaneha
anal1239	van_0ol t`_hu val jeve?	vatot_huvaleve
anal1239	t_h@ m_0u tin k_he? ts\a ana je hin e	ts\ahat_hinkets\a? a:nts\ehie
anal1239	van} to ts\@:so	vano to ts\oso
anal1239	ts\aN_0al t_h@ni jote niN it_hi	ts\aNhalts\ani joteneNts\i
anal1239	d@ na:te	danate
anal1239	ama a:lt_hu he t`_hanami	na art_hohin t_hanen
anal1239	van}hin vapahinto am_0a:~ t_huN tu:~ vam_0ol hinto pun	vanuhin vapa:nto aha:at_h}Nti vamolhin te ipolpnpuntoton}
anal1239	juNpa ja:ts\aka	iNpets\pat
anal1239	alt_ha to amka	pa:tats\a amka
anal1239	va:juNts\un na:te	vajoNts\on na:te
anal1239	vahe je dohdo? ki p_hint`@: he	vahiedodokepents\a he
anal1239	hue? to vad}m ruN na:te sal to ap_hin}ne	hvedov dum roNnadesaldo apienune
anal1239	va:jusu na:jete int_huN auNja:n}	navisuts\ateint_huNja:no
anal1239	amaki ahuN n}	amake ahuNno
anal1239	amots\ara to? pupa: jen} pa:m k_he hato vavaNts\un na je te?	amosarato kupa:jono vavoN pa:nt_hiato vavoNso najete
anal1239	ek_hal pats\a:~ man}	ek_halpvats\amn}
anal1239	var}to avaNn}	varvoto avaNno
anal1239	hu ha k_he l_0uN	t_hakivatajaluN
anal1239	sa h}:mpi pase	ts\a vumpi pase
anal1239	j}n} vat_hal hatu:~ alivaN jen} vavaNts\un vavaNts\un vavaNts\un	jona vat_halhati alivaNjeno vabaNts\on vavaNts\on vavaNts\on
anal1239	vabu hintu:~ bu al_0um n}	tvabuvede dulat_huNno
anal1239	damo tu:~ d@n}	na:vut_hundano
anal1239	h}:mpipa to he l_0u ts\a pe	homkipatohirsukisape
anal1239	alal va:nad@ tu:~	alel va:nadot_hu
anal1239	vad@na atuN hate vakolte mito nuNnuNma t`_hiNn}	vadena atuhate vakolte mitu nomat_heno
anal1239	ka:pe bahin ti o? vad@na:te	ka:pepeNits\oana:te
anal1239	t`_h}m r_0} ijuN butu:~ tari? to vade:~val	vom vo ivoNbutuNtarito vadeval
anal1239	damo vam_0iha pat`uN sinbe vam_0i liNka	damo vamiapatoNsen devami leNka
anal1239	vapal na tu:~ te	vapaNatunte
anal1239	ni ka ru:~ts\in he:~ he:~ je	nekaruNsenheheje
anal1239	ka:t_hi namahin ti ve	ka:ts\inomahisive
anal1239	pit_h@ pats\a:~ma ts\a je	pets\apats\amats\a
anal1239	t`umk_he? k_h} ar_0iN at`u:lto vaheje	tomkek_hu at_heN atvol to vahets\e
anal1239	tumanite vaku? an_0@ b} iba:l he t`hami	maente vokunt_hompe pa:let_hana
anal1239	na:te atatu:~ vas} ja: na jete? damo pa hin tu:~	na:tevats\uvats\uanae te navupahiNki
anal1239	ts\@d} k_hu:~t_huN }ne adaNka	s@dukuNt_huN ponea:daNka
anal1239	asa:n tu:~ ana:l pa:m t_huN tu:~	ats\a:t_hu analpat_huNtu
anal1239	tut_hal vako:~ hinto vak_ho pevalje	matala vakuhindavak_hopevalje
anal1239	par}:l a}l n} aso:n ts\a	parvalakuno ats\oants\a
anal1239	na:te niNt_ho aj} ts\ave	naja iso ats\usave
anal1239	l_0i vavava?	ts\ivavava
anal1239	aru:~ tu:~	arunu tu
anal1239	ama paluNt_hu to panu va:~sa:~ ike ja	avaloNtuna panuva:sa: ekeja
anal1239	sal su:n ak_he? van} t`_h}n} va:huN na:te	ts\alts\un ake vanut_huno va:hunate
anal1239	ka:~ adumn} ave? buN n} var_0a? e?	ka:atumuN apipuNrovaha:e
anal1239	ama e ama kats\apa e va:juNts\a	amae amakats\apa vajuNts\a
anal1239	asiNki alal va}	asiNki alal vavo
anal1239	ama ts\ati amnibe ba:r amka	amasats\i amnive baharamka
anal1239	sinpa ak_he? to?	ts\impat_heto
anal1239	t_halna an_0uN amna pe:ts\in	tan anuN Namna pisi
anal1239	pa:mj@:~ t_huNte vam_0i iva:rto	pa:ents\ats\uNote vanmivaltu
anal1239	vabo:l r_0}mo:~ he to ka:n} iam lela:va	paborvumuN heto ka:no amlela
anal1239	vaku? n_0@ b} i ba:l t`hami	avakunapoebalts\ami
anal1239	nal_0a hinto pan} t`uN t`uN jen} vaja na:te	nalaintopantopuN envahate
anal1239	vajuN na:te	vajovna:te
anal1239	t_humpol l_0o t_h@ka danu	t_hompol vots\ukadan
anal1239	atuNki sinn} ts\ara k}:~tu:~ tu:~ alaltu:~ vapats\@:l na:te	atuNkets\enuts\at_harakotu nesempatu alaltuNja pasal nate
anal1239	s@:l aja m_0e bol ahol num maN	t_halajave boohornoma
anal1239	peku:n jo:ln}	pekunts\ono
anal1239	diN vame d@n} pats\@ kapena:te o? va:na:	ndeNvom@te pas}kapena:to va:na
anal1239	m_0i t`u:~so d@nibe	nde hitusodenibe
anal1239	ka:pe mahin n}	kapemahiNnu
anal1239	ta:p tana ts\a pan} ja:n}	tat_hanavts\ak_hanojaNn
anal1239	d@t_hal kite van} ru:~ vats\apa ru:~	tetarkede vanuru vats\aparu
anal1239	minuN nat`o: t_huN tute	minuN natot_huNts\ute
anal1239	mato vahaN p_ha na:te	mato vahamk_hanate
anal1239	damo jen} alejen} alejen}	ndamo ajenu alejeno alejeno
anal1239	ba:lda pat_ha: manu	ba:lda pat_hamano
anal1239	lin kul t_huN he at_hal so idim	leNkultuNhija at_ha:pts\o idemts\a
anal1239	vajuN na:te	vajuN na:te
anal1239	ak_ho ts\uki vamo e?	akusukiome
anal1239	nat`o: mat_huN te	natomatoNts\u te
anal1239	ip_he? rim rumva	piremluma:
anal1239	nal_0a tu:~ vats\a lan} tu:~	nats\atits\alaloti
anal1239	te ats\umpana: pin}n}ma no?	teats\umpada penonumak_heno
anal1239	vaba:l hinto paNal pa t`inn}	ts\atoto va pa:len to paNalpateno
anal1239	kapaluNt_hu ru: kasal ka at`ol manu	kapaluNts\uru kasal katolman
anal1239	ama to sit_ha to duts\a maniN	mato st_ha:to duvsamano
anal1239	amaki in_0lu it_hu t`_h} na r_0aN he ne	aamaki int_hut_ht_hunaNene
anal1239	vad@ de: mana:te	va:do demana:te
anal1239	vap_ha daldal na:te	vapadal dl na:te
anal1239	vats\aln} hin te atatu:~ h}:mpipa tu:~ vat_hove to lidon_0} ma:ts\a	vasanohiNtetets\ohumbipati vateki lidon} ma:sa
anal1239	naN ru ani to at_he he	natua nitateve
anal1239	nite kakum vika d@n} ka:~ ka:da ts\a:te	nedek_hkumlivika:dono ka:kadatts\a:te
anal1239	idar sa pa niN pe d} na maniN pe vadava	idarsapaneNpedonamaneN pepadapa
anal1239	tu t_hal in to na:te in vat`uN ti:~	tulalant_hu entopitaNdohuNna te envot_huNttu
anal1239	niNt_ho tu:~ da	nets\otudavati
anal1239	or_0aN ma jahin n}	uhaN ma ja:hiNnu
anal1239	nal_0a hin to so nal_0a vad@ jahpa	nalapin taso nala vataja:pa
anal1239	ama javato	majak_hitamat
anal1239	vavaN na:te atuN ne s}k}N avanp_ha ti:~ ti:~	va:vaN nate atuNne ts\}kuN avaNpatiti
anal1239	va inpu hinto	vajimpuhento
anal1239	var_0avar_0a ki sar} lu to	va:ra varakisharuluto
anal1239	mi ka:ts\al mava idato t_hin}	mi kasanmavadotot_hiena
anal1239	parim d}s}l vapar_0o maN	parindosolapahma
anal1239	van} tu:~ adal al_0ija vada t_huN tu:~	vanoti adalalija vadat_hoNti
anal1239	ts\aN_0alpa to? kan}	ts\ahalpatotts\ukanatate
anal1239	panu he il} pa va	panuhelu pahan
anal1239	at`_h@ k_he? var_0a:~ na:te	ats\oke var ha:na:te
anal1239	da? are vahin mo e	da:ri vahenmo
anal1239	sumto ahaN palu? lom lomn}	ts\omdahaNpalilomlomn
anal1239	an_0am va id@to t_hijen}	anama:do tots\ijeno
anal1239	va t_het_he o d@n}	vateteo danu
anal1239	na:te pakan tu:~ halku:~pa tu:~ dan}	nate pakanpatu deharkun patudanu
anal1239	japan ra:l t`o: n}	japanratono
anal1239	ara:~ tu:~	ara t_h}
anal1239	in ni sa sinpa to	enits\asimpatal
anal1239	paluN ve kasin	poluNvekese
anal1239	pat_h@ pek_ho? n}	pats\arehoruN
anal1239	an_0}:ln} na:te	ah}olnu nate
anal1239	ra:ld} du ra:l bol esa	ra:ldudurabolesa
anal1239	ana:l m_0i:~ he	ana:lhi he
anal1239	sal a:nape ts\a: niNe? ako:~ha apas_huva:	sal anapets\a:neN akoha apuskuva
anal1239	vain_0a:te tinkalal ul_0into t`_hiNjen}	viinate teNkalal@lhen to t_heNjenu
anal1239	vaNle n} t`_ha:n t_huN ha l_0u n} t_h@ ts\a	vaNlenots\antuNalt_henots\ats\a
anal1239	asinki van}to vako:~ vak_h@ pero? val	asen ki vanoto vukovk_haperoval
anal1239	vadana:te va:huN na:te	anate vahonat
anal1239	t`ot`aN akam kaniN dan}	enitotaN akamkaniNdano
anal1239	vad@na:te vats\apa tu:~te vat_himavato ijuNva?	vadana:te vasapatujute vats\imavato ijoNva
anal1239	ata tu:~ et_h@ er_0iN he tu:~ eam vahin sin	atutun its\arietu iambinsin}
anal1239	anal k_hullen hale ama vatun va	ana:rkulelhalema:va tunva
anal1239	atuN saN t`im paN va va? t_huNtu:~	atots\antimavasoti
anal1239	d@n} ne	dandne
anal1239	van} vapa iamma	vanu vapa eama
anal1239	mi rinnu jol t_hunu	mirenonts\adolts\unu
anal1239	hemte tunu at_hits\a maNmo	henti tunau atuts\a:maN m
anal1239	vapaluN t_huN dara? pi:s_haN mats\a	va puluNtuNda:rapits\aNmesa
anal1239	es@ t`_hiNn} va:dal ha pats\@:n}	esat_heno va:dallapats\avano
anal1239	vapahin tu:~ vaj@:l it`o pats\a:~ mats\a	vapahiNti vajaatopasa:mats\a
anal1239	damo aj@N_0a	dam ats\aha
anal1239	mi ts\a ts\a r_0aN ki aro:l t_hu va: t_hu na: te t`@n}	mits\ats\ahankarvalti va:ts\un hatets\ano
anal1239	niNt_ho vain t_huN ae luk_hin ka:d@maN ve	niNt_ho ventuN ajeluuk_hiN kadamah@e
anal1239	na:te nik_he? te	nate nik_hete
anal1239	l_0iva ts\@: jen} vapa:l jete	sioasaeno opa:lete
anal1239	al_0i l_0ol_0o hin sin suN pa:l va hin sin de	ats\its\alovsits\va pa:la jensinti
anal1239	ata:~ to vave:l na:te	ata:tova velnate
anal1239	mi:~ dada? ka:pake naka ka:ts\a naka d@:n}	midadakakapakenaka kats\anakadano
anal1239	ka vats\a nahe	kovats\a:nahe
anal1239	at`@: nu	atono
anal1239	mat`umn} tu:~	matumnuto
anal1239	da? pakan pa naNte da? are vahin mo	da pakampanaNte da a:revaheo
anal1239	alal nal_0a hintu:~	alalnalantu
anal1239	vad@ ve	adave
anal1239	ija ts\a ni hinte	ijasanihiNpe
anal1239	ama sinpa ts\arahe ajuNso d@nibe an d}d}? b} d}d}? apek_hin	ama:simpats\arahe ajoNushodani be an dodu bududu apeke
anal1239	nal_0a ak_he? ad@n}	nahak_head@nu
anal1239	enaN mar_0aN naN l_0on_0u	inaN maraN naNtol
anal1239	mi il_0un lulu pats\a:~ mi	mets\ollum pats\ahame
anal1239	molpi amp t_huN he	morpikemt_hoNhe
anal1239	damo ak_he? t`odo joso pe:nal te	damuketo dovts\oso penalte
anal1239	pal_0e hin k_haN	palehinkaN
anal1239	ekana na maki t_ha:~ nuN va	ikananamakit_hamuNa
anal1239	vaptu:~ k_humdo? ts\aniN ve	mopatnik_hum do?ts\aneNve
anal1239	so hin ka: oN hinn}	barit_hiso heNkavandeno
anal1239	mis@ to mato mi t`@ts\anu	misato mata mit_hots\ano
anal1239	vanen} mat`umn} tu:~	vaneno mats\o nots\im
anal1239	so danibe pot_ham niN_0ral t_himati	sudenive pot_hamnin hart_himatipp
anal1239	nuN nuN ma mi ata:~ t_huNki vana t_hu l_0o to pam_0ar n}	nuNnuNma meata:tuNkevanat_hloto paharno
anal1239	ja:~kel lo:n vapa:l t_huN	ja:kellon vapa:rt_huN
anal1239	var_0a? to vadu buN val	varha:dan pato muNan
anal1239	vadana:te van}to	vadena:ta vanut@a
anal1239	iN lera pemin s}:kaniN	elerapaminsokane
anal1239	deses} ts\a ne	dis@sane
anal1239	t_hal k_hu ra nite	talk_huranide
anal1239	amatote? t`_homan}	am@tet_hot_homan
anal1239	sal rin ts\@: ts\an}	ts\aremts\ots\ano
anal1239	p_ha k_ho k_h} n}	pak_hovune
anal1239	j}hinn} ama:put_hi he ahaN vaso	ts\ahino ama:puts\e ahaNvats\o
anal1239	s@:l aja ad@ maN	sor aja:d@ma
anal1239	vat`o val	vatova
anal1239	tarihpa ka:t_he l_0on} tuki kats\un na: kapake vave?	taripa:kat_herono tu kikats\onnakapkeave
anal1239	at_himn} tu:~ dajen}	ats\enatuden
anal1239	ama niNt_ho to?	amannents\oto
anal1239	am_0i: t_hi at_he na t`a? t_he t_he ma	ahite ate a:nata?tetem}
anal1239	its\@: vaje t`ot`aNkamto its\@: vaje	isoojetotaNkamtoisooje
anal1239	lol mi hat_h@ t`onu	hik_halol ati mihats\atura
anal1239	vap_hadal dalt_huN val}ts\eto vako:~to vapat`_ho peval	vapadaldaltuN valots\eto vakuato vapat_hopeval
anal1239	ni rara?	nipava
anal1239	at`ol ts\a ja:nu	atosa:ja:no
anal1239	kaja: nato kana t_he ts\a:va	kaja:nato kanatets\a:va
anal1239	dabu t_huN vavaNt_hu l_0o ts\e te?	daput_huNtaavants\ilosete
anal1239	atuN t_hal he	adoNtalhe
anal1239	va nono va?	vaduno va
anal1239	pavan_0a patal haN sinbe	pavanapats\alaNsibe
anal1239	vabu leltu:~ it`o va satu:~ ajuNbu polts\ave	vabula:ltu ajuNitoasatujuNbupolsave
anal1239	asinki tu:~ van} tu:~ vats\ara to? va:l_0am k_h} va	asikiti vanot_hu vasala ta varaNkuva
anal1239	sa:~ napi nap} hin vanatun hin to	ts\anapinapuhe uanatonhiNto
anal1239	kan} p_h}: eli ts\@ kaniN	kanupulasakre
anal1239	amato te vat`a hin t_hal ha l_0am t_huN vaN t`on} vaNts\a	matate vataNitlal la tovaNdonovNts\a
anal1239	ar_0inpum hete da? kiva? vad@na:te	ariN pomita daikivavadana
anal1239	kan} pet_he litin} kan} tata?	kunopets\eliutanu kanotata
anal1239	kan}hin kapahin sar} kanats\a nahin kar_0e na vahin	kanun kapan ts\aru kanats\a:nen karkenavenda
anal1239	vanu vapa hin tu:~ dabu pat_hu ma jen}	vanopetu dabupats\umen
anal1239	r_0eN r_0oN n} amato	lenanomvato
anal1239	nats\apahe vad@va	vidan nets\apaheivedava
anal1239	da? lap}n} naNte t`_hots\a mo kada te dali ivaNle vati mo e?	da:lapununaNtet_hats\dama kate da:le ivaNlevatame
anal1239	t_hal kibe an_0am jol vaniN id@to	tarkeve o anam jolvanedato
anal1239	nal_0a it`_ha vana li hebe	naat_ha it_hona lihive
anal1239	auN t`@ta ar_0iNna aka den den at`_h@ na	avatota arheNna akaden den ats\ana
anal1239	k_hulon idim idimde	kulon idim dim de
anal1239	ara:~ tu:~ o?	ara:ntivo
anal1239	maki p_heb} vabuNt_huN te	makip pipbots\oNte
anal1239	pit`_huN ja:n} d@ na:te	pit_huNt_ha n@nate
anal1239	it`_haja? pa:ljen} d@pa:n}	t_haja pa:len dapa:nu
anal1239	pa pat`_hama no pat`_hama no	papats\amano pats\amano
anal1239	ni so ad@: n} kali ts\a: ve tu:~ in ts\ava niN ve vad@ te var_0o mana: te	niesvoadono kalisahave tivits\ahonedadalahomonate
anal1239	kats\a lan} te atahe:~ par}:l padal padal r_0oN nu tu:~	kats\alodade alkapadarholt_hu
anal1239	juNjuN haN_0aN	joNts\uNhaNhaN
anal1239	ara:~ tu:~	ara:tu
anal1239	timpar_0aN va:t_he lolval	timbaha:va:t_helolvas
anal1239	o:n l_0o? je n}	ol hono
anal1239	tu t_hal na t_hiN_0ol ts\@:kaniN	ts\utanateNholts\akane
anal1239	vun te te ra t`ami	von teterata:mi
anal1239	tute naNte ats\am_0u patal datuN sanko:m p_hen kaniN	titenaNtats\ahupataldatuN saNk_hvampen kane
anal1239	t_hal tu:~te?	t_haltute
anal1239	oho vasu na jete	aho masunaete
anal1239	va nono va?	avanonova
anal1239	lapan} but_hal saNla ep_ha	lapanuput_hal saNla:pa
anal1239	vat_hal vadu ha ne ipu	vatal vadua nepu
anal1239	na:te nal_0a to palato vak_ho:~ dudu:~ va	ha:tenalato palatovakoduduva
anal1239	ts\ako:l ido? lel pioNn}	sokol idolel pevuNnu
anal1239	anibe maharaja anibe na: nun naka	anive maharats\a:nive ianna:nunapa
anal1239	d@n} j} jen}	nahits\oa
anal1239	lent`a:~te da? da? lu e amnaka rende kapadumna	niki neta:te a:dalidanakaranikapeda
anal1239	so:l_0na tu:~ ts\@:nt`aN to den paNn}	ts\olhatuits\ontaN to denpaNno
anal1239	vata: na:te pa} at_huts\a	vata:na:tepauvat_hvisa
anal1239	nint_ho ni ra e kasinn} it`_ha ra t`_ha ma	niNt_ho nerahin kats\inoits\arat_h}a
anal1239	iko jo so idam va hinsin	ikojaso idambahensennntn
anal1239	hal pir_0uNjen}	halperoNN}
anal1239	ni:~ li: kaniN	nidekan
anal1239	hu ts\in madi ki	ats\imadeke
anal1239	pats\@ pats\@ dan} vaon na:te	jojojojjo pats\ihohopats\iholon vonate
anal1239	unsa? ilopa: jen}	onts\a:jlopa: eno
anal1239	va:n_0am hinto vajen}	va:nahito vajenu
anal1239	kapo dim maleva	kapodemaleva
anal1239	t_hiN pati:~rum n} vanaN mol va t_hiN tu:~	t_hintapats\i?rum anamorot_hinpi
anal1239	vasaln} to vape k_h} val ve	vats\alnoto vopik_halve
anal1239	par}:l amna k_hu eja:	parolamnak_huheja
anal1239	a tuNte tute	atts\oNkudanan@
anal1239	so:l_0na tok_he? iso: pa? ha r_0a:n don_0}	ts\olnatakhits\opahara:ndono
anal1239	naku rim te pat_h@ namasin	nakurendepats\anamase
anal1239	mi m_0elt_hi pan}n} ma	mimhelts\ipanunuma
anal1239	japan ra:l to t`u:n}	japanrartotuno
anal1239	naN so dats\e ts\} ja:n} o?	naNsu daseso jano
anal1239	diNts\a mo e?	dets\ama
anal1239	kisin pa naN tu:~ te	kisi banatote
anal1239	na tu:~ te	tats\ote
anal1239	it`_ha ajats\aka d@n} it`_ha va:ja: na: je te	its\ajesaka den it_ha:va:ja:nete
anal1239	vaNn} no a? n}	vaN nonoano
anal1239	o? kat`o kat`o	akat_ho kat_ho
anal1239	int_huN padaN n}	int_huN padaNnu t_h
anal1239	na:te atuNbe pat_hi: kaniNno	nate atoNbe pats\ikanino
anal1239	d@ nana n}	laanano
anal1239	pan_0am jenu valen tuN jenu	panhamenvaleltunu
anal1239	li mar_0aN tibe	milmaraNtave
anal1239	va in ha to vaNn} t`uN de? mats\a sal su:n to vats\a: na:te	vents\atovano taetotuNtevts\asasuto vats\a:nate
anal1239	tu pa te ni ahaN t_h} ka niN d@n} haN t_h}n}	tipan teniats\okaneNidanahaNtvano
anal1239	at`uN to te hurira vad@ pa ts\e	adontate huruts\avadavase
anal1239	kal_0o o? ak_ho dali vati mo e? d@n}	kalahok_hotaluvatamoja
anal1239	va va ts\aln} hin tu:~ h}:mpi pa k}:~ va d@ pa	vasalavasalneneedkehobipakovadava
anal1239	hal to na:ja? avaN ts\un jen}	haltonats\a avaNts\onts\enu
anal1239	na:te vapato vapat`_him bujon_0}	na:te vapato vapat_himbujoono
anal1239	o d@n}	ovadana
anal1239	pa:l jen} t_haltu:~ te amatu:~ te l_0iba:l ve: jen}	pa:lenot_hantuta mantusiba:l veno
anal1239	kanat`o: kihin mak_he pedaN hinn}	kanatokihiN mat_hepedaNhiNu
anal1239	pe:ts\e vaje	pets\ive
anal1239	n} o? k_hoN t_huN te anat_hal e? te da? bu vamo e?	nok_hot_hokenataleteo da:bume
anal1239	ts\a:~s_he amp ki ahuNn}	ts\a:ts\ekem kiahuNno
anal1239	tepaN ak_he? tu:~	tepaNak_hetu
anal1239	naN am_0i: anat_hi keko at_heva	naN ahi nat_hikekoateva
anal1239	}t`opa to	otopato
anal1239	haNkal je n}	haNkaleno
anal1239	budi:l to dajenu van} at`_huN nato asanki	putiatoten} vanot_huna tosa:ke
anal1239	m_0iko:m bo:m uNja: jenu atahe:~ pan} t`u t`u jenu	t_hikon von uNjaeno tehe panututuven}
anal1239	ara:~ki nats\aln} ro:l pahe ka pe	earaki nats\an nuror pahe kape
anal1239	da pa:n}	tapavma:
anal1239	vavaNts\un vavanjuNje vavaNts\un into vasu? na:jete	vavaNts\on vavaNts\uNje vavaNts\on ento vasunajete
anal1239	t`ahk_h} ts\ave	ta:k_huts\ave
anal1239	ts\at ahaN t_hu: jo nu	tatatahaNts\ujono
anal1239	aru:~tu:~ aj} o:n n} lera pa to a sinn} e ni ka:pe va	aruNtu ajoano neapato asenenika:peva
anal1239	nal_0a var_0aN t_hu: na: te	nalavahaNts\unate
anal1239	d@n} ata he	dannatehe
anal1239	k_hol k_he? t_huNtu:~ r}:lpi tu:~ aja: ja:n}	kalts\etuNts\} rol pit_hu ajaja:nan
anal1239	vasam te d@n} ivaN ts\um pa pe	basan tedan ibaNts\omato
anal1239	pa:m to pa:m to vart_huNte kari: m_0ira m_0ira t`hanra t`hanmi	pa:mts\o pampuvats\oNte kariheramiat_hanat_hami
anal1239	kumt_hum sun}	konton t_hono
anal1239	t`_he:~ t`_he:~ r_0eN lu e vase:npa	tet_hek_henu ats\eempa
anal1239	da? ra a:palo namaniN it_h@ vaniN ve d@n}	ta:rapulvnomanets\avanevets\ano
anal1239	niNt_ho pet_huna r_0aNki t_huN tu:~ t`_h}: jen} vapa am val je ve?	neNt_ho pet_hinahanke pales amaot_hu no pa:maleve
anal1239	ama e te ka:pe ts\ava	amet_haka:pits\ela
anal1239	kal_0} te ka: p}p} mem_0e? ma k_hin o	kalts\utevapupomenemeho
anal1239	ju:l k_h}ts\a vaj@N_0a tu:~ t`um k_he? k_h}	jolkvuts\anata vats\aNhatotum kekva
anal1239	vadu ak_he? asan l_0on} ts\aN_0alpa tu:~ vats\aval	va:tok_hesanlonu sahalpativsa:va
anal1239	sap_hi m_0u to naheka doki to avaNle mi	sa:pih}to nahekadoketo avaNlimitt
anal1239	d@niN suN ka sinn} to a:pe:	danit_hakasunats\aapeha
anal1239	van}te ini? varam_0o	vanote enni vara:mo
anal1239	ata:~ m_0uN te ak_ho	atavontako
anal1239	ama:put_hi oh niNt_ho atatu:~ vadamaN ve	ama:puts\o niNt_hotet_hu damaNve
anal1239	ak_huts\ara hinso apakuNva? apakuNn} amato suhin ts\aka	akits\aranso apukoNva pukoN no amatots\uints\akadana
anal1239	pat_h@ n} var} vare he pat_h}:n s}l n} iuN vaniN vema he	pats\anode varuleta ti pat_hasona oNvanevema:i
anal1239	sont_hipa li:ha bunu	ts\honts\ipaliha bunou
anal1239	vam_0i pato? ts\akamo vad@ na:te	valipatoats\ kamovadana:te
anal1239	di:n} dal_0u dal_0u at`o: hin dojen}	dinu da:lu da:lu atohiNdan
anal1239	ata:~ te ak_ho ts\u va vad@te	ata:te kuts\uva:ate
anal1239	lapan} ak_he? amn}	lapanoke amno
anal1239	bal_0ra pata: manu	ba:rhapata:mano e
anal1239	dadara vat_ho varam ta amato vapaluN t_hi linu	datara vatoran tasa matapaloNts\ilin
anal1239	simpa ak_he? tu:~ datuN ts\ara t`_ho naka	sinpaketutatoNts\arat_honaka
anal1239	ts\ahel ts\umkati	sahiala ovts\om kats\i
anal1239	na:te kan}he akolte va no? vad@ na:te	nate ekonue akol tevano vadenua
anal1239	t_huNte pi kapa:m al_0am ts\a: kaniN ve?	tonte pjo kapanat_hamts\al kanemve
anal1239	l_0uN va li jen} l_0uN to sinki s@: an}:l s@: an}:l mol jen}	t_huNalien} luNtots\iNkits\ona sanomuleN
anal1239	amato h}:mpipa to	amado ts\umpipato
anal1239	kal_0u kal_0u e parindaN na to jo:rn} amato	kalsu kalsuNe parendaN nato jorno mato
anal1239	linkul t_huN tu:~ padim n} idim ts\a	liNkots\oNdo padena idents\a
anal1239	vapa:l t`_hapa:ja:nu	evapalts\apa:jano
anal1239	par}:l tu:~ vapa dal va?	parotio padallo
apah1238	eke at tuno it te	ekeatunupe
apah1238	iren tam XinoR oR nijarusama an	irentaminoX iarsoan
apah1238	antente it	anrinaXalaX XarmaBit
apah1238	nimi ap aNge itno etle	nimiaBaNgetnotle
apah1238	jali p\il	jalip\il
apah1238	etlere ap aRla etlema wereR o	atlere ap aXltlemaweroXa
apah1238	e aNgen taXaneBat seXekon no	eaXNgindaXane p\aseekono
apah1238	malik misiR	malik misiR
apah1238	pik isa larikikte ari roXo seRma	umasakirpikesal riki arroXusoXma
apah1238	paBa ware waXen ano uluR irisimure	bapaware waXananotuX risimure
apah1238	o tia p\am	eoriX atRam
apah1238	an kulet wilaXi to	an aXur amguler ulaXeto
apah1238	aBaXapsili kik waXarukukteR wene	apaXasilikikwaXaruktaXoreX ma wantesur eX
apah1238	tu p\il seR lit	tup\irselet
apah1238	tia roXo eXereR uruk laXi ru	tiaroXXereXultlaX iruw
apah1238	we not misiR aron ari	wennot misiXaron ari
apah1238	jaBuk sukale ari Ximin	aptukanerimanor
apah1238	lin eXekma	lineekmaX
apah1238	aX arire an	ariran
apah1238	jet XarusareRte	jar XawrusareXti
apah1238	em em XaR toXo seR	Xuruk eem Xatose
apah1238	at jonet mel ari	e arjonetmelario
apah1238	we je	re j
apah1238	aren wilil liBaR ari	arenilai wililliBaX ali
apah1238	waXaruk lit te	BaXaruklite
apah1238	eke wereR XumaR p\il eke ari	lekiwere Xumap\ilekari
apah1238	Ruru p\am wereR ari	kuruXomworoX akire
apah1238	ap ari Ranti asumit laXalep uluR	aB arik nri asimir laXalaB uluX
apah1238	urusa ibma ir sali oXo	rsap maresaluXoXo
apah1238	ejuXen at soBeR lit	ejuXen asoBiX lir
apah1238	amene mel	amenemel
apah1238	iken waluR lamisireR aluluk	aneiken warlamseweR uluk
apah1238	poN surukmente	baNujurukmenre
apah1238	Xerijeik laXareR	jekleXare
apah1238	eke we	ekiwi
apah1238	penira penen	pinjapen in
apah1238	umalikisi wereR ambeR an oR naptuR	umalikisi wereXampeX anoXunaplo
apah1238	e aNgen ibmano taXantukmen irare	eaNgen imanetaXantukmindare
apah1238	il larikim wam piren wak at larusa ari naRmu	inlarikimrewawambire wakatlarusaerinaXma
apah1238	XinaXan oR iseXek	XinaXan oX iseXek
apah1238	jeruk kik waXarukuk	seXampejerukikwaruk
apah1238	it piren irare	itpirenrare
apah1238	an we anten ira sirikik	anwere anten tersarla sirikikuu
apah1238	malik XinaXan irano p\oBik waXarukmure	mali XinaandaroXpoBik waXaruXmbure
apah1238	ambireR ano piXi ari	Xambileanopieri
apah1238	jaXije senereXek ari	jaXejison ereXek ari
apah1238	tunaNan wereXon itno	tundaNan wareXonetno
apah1238	onloXotma wereR lit sak osoko wilamul uluR	loXotNawereXer tak elukul ambeloX
apah1238	watseXek ano	watsaek anona
apah1238	jaXije misiR wereR ano piren	jaXejimisiX wereXono piren
apah1238	mene itno	menetno
apah1238	mika p\aluk mel	mikapalukmel
apah1238	we ar ambiBaRte	earamotaXsXe
apah1238	o joXo iliNge tu p\am Xa	osoXoli ger upamX
apah1238	uBalik itno kuruk lit XiBareR Xe eke at	oBalikitnukurikin BareXoXekejar
apah1238	ambik waXarukim ka	XambikoXarukink
apah1238	uluR irikikonte ja	ulu eXwitikontoumuken ja
apah1238	nimi ap aNge toron itno	niBiaBaNke toronitno
apah1238	alomaNge waluR laXa	XalomaNkew aluXlaa
apah1238	Xun ari oXo at uBabut ibma	Xun ajoXo ar uBabur isma
apah1238	ira Xu XoroR	aroXuXoroN
apah1238	ambireR ari	ambirariXar
apah1238	iren eneluk lit	tapi iren aenerukli
apah1238	ap eXenon irare juXun at wamulusa p\uR	areXenwontarejuXun wambuspo
apah1238	wene nim ulonte it ira irikik	waenenimulonre iri tarikiku
apah1238	ar seBeda waluR waXaon itno p\am	ar seperaX waluX aXawon itnuX am
apah1238	XejaR XireXesa ibma	XeakeraXosatma
apah1238	p\iraon Xaren ti roXo sin	p\iraon Xaotiosi
apah1238	areRma tu roXo wereRma kenaBa	reXasuruXuwereXokenapa
apah1238	o rure	motule
apah1238	winaXik XaXon	winaik Xawon
apah1238	sali alo we jiXit tiXit Xarukmure toXo p\uR	salijalop mXareX aniawainieXitiXiB arukmuouknomaintuXuXuX
apah1238	kerua liNkuNan laXarikik itno	anriBrueketuwaliNgukan laXariiketna
apah1238	ap an napma ibma oXo	aB aX apmakmaXo ep
apah1238	amene itno ari wereR ari	aminetmriB eriXari
apah1238	mene itno	menet no
apah1238	tuanen eseruk aNge XaXon Xi	tuwanesitukaNgiXaXnei
apah1238	nimi itno	nimitno
apah1238	ta suruk ari nimi itno aXandi	tasuruk arinimitnowaX andi
apah1238	suBuru minaR nuruXu uluR	seBuruminaX nuruX oluX
apah1238	Xun aBeleR XaR toXo	un aBelekaXtoXo
apah1238	at soXono tot wilim toXo	asoXonotoruutum roXo
apah1238	an wereR tu	ameretuwa
apah1238	o wiriko ira laXik waXarukukteR	owawirikotlel aXik woXarukteX
apah1238	ap Xumli aNgere tor at	iniapXum tieN geretore a
apah1238	pikalem lendi	pikalem lenti
apah1238	eke sekore an nuBam embiwaR ari emberusa ari	akesekori anwaN mbaB aXr imberusari
apah1238	sue simu	suwesimu
apah1238	limaen wereXon XaR wereR ano ele	limaner ono Xatweranon le
apah1238	ari p\uR ano	arip\u ano
apah1238	jaBukmu ibmano	ijapukNepmano
apah1238	iXion ibma	taXunoiXion ima
apah1238	it pulisien aNge eke pake sirikik	jer pulisonaNgekepakeserik
apah1238	Xun at jalaBik	un ajlaBik
apah1238	wereXon ture	melaXuntute
apah1238	wak laR keria	wak laXketke
apah1238	iranoen nin roXo wilaXijaR ambeR at nin	itanwen iipindareXo welaXajeX ambaXatnin
apah1238	waluR irare	waXalu itare
apah1238	tureR ambeXente	isanbXanrer kileX
apah1238	XumaR XumaR	XumaXmo n
apah1238	XeNgo sono Xa oR XisaXuBen embesin	XiNkasonuXaXukisaXoponebisin
apah1238	ap inijuR amitmit ibma	Xap ejuXwammikmirip maXa
apah1238	e leXente	XaileXentetii
apah1238	kerua liNkuNan tu wilarikik ari	ketwalliNuantuwullatirkare
apah1238	malik XinaXan	amalikinaRen
apah1238	sijoR toXo	sigoX loXo
apah1238	p\am Xoltuk larukukteR	er arikoBomoltuk attotreaX
apah1238	malik toron misiR	malik toron mesiX
apah1238	e aNgen	e aNgeno
apah1238	tu suruk ambeR	tu surukanbeX
apah1238	mene itno woluwaR puBu aNge aruk laruk aruk	amenetnowoluwaX pupuRXaNgaatuk laruk atukk
apah1238	an laruk lit amburuk lit	aan larikerkel amburiker
apah1238	amene inim watseXekteRte	amenen imasiXaiteXte
apah1238	piren irano	piren rono
apah1238	an wilip arikik p\uR iXi itno	an uliBatik poXBitno
apah1238	XinaXa seR je	Xinaanseje
apah1238	e itno p\ene at iNgiken XoXoBo suruk	etnop\ eneariNgiken bulu oXoBo suruk
apah1238	ari eleR ari Xia	arielealXa
apah1238	iranoen sil sil sil silte	etanwensil sisitiltee
apah1238	seXesa oNgo oR XisaXup uluR	sijapsamsaoNXokumusaXwploX
apah1238	amene tam arik waXama	amenetXmarik weXaman
apah1238	asumit laXaku p\uRmure nambirak peruk laXi	asumitleakop\uXmuren amberak berik laXee
apah1238	owe waXaon arien seXek ari	eawoi waXon arijentoXekari
apah1238	roXo XukaloBunu amburuk suaR ambeR	pinlarXoXukale prunw amburuk suwaXmbeXeX
apah1238	sono XaR toXo siBareR	sonoXatomsibareX
apah1238	an nor oXo	an noroXo
apah1238	eke it	kite
apah1238	sirisi p\uR ano	ietsilsiBaXanwe
apah1238	siNgoNgo p\am waXaruk laXa	siNgoNgoXam bo aruk laXa
apah1238	eke wak kuk waBaR ari	erek wakruk wepaXaner
apah1238	jo Xun uwaNgi aXaloXo to	Xun uwamni aXaluXutowo
apah1238	Xandimu ari mel	anrimu arimer
apah1238	ap Xuluon aNgere	apul won aNgire
apah1238	kok itno ik luluk jiNgik larisi ari	kone kluluk ingiX lsiarike
apah1238	manman uruson ari wereR ari	mananXurson ari wereX arir
apah1238	eXeon itno	eXeun etnon
apah1238	on we an	on uweeXatni an
apah1238	seleXet piren	seleXet piren
apah1238	pulisien alilip	buisijansipn eklep
apah1238	e taXan pin uluR alma laXareRte	etaXanbinulo almal aarote
apah1238	paBa nit aXukno nunseXesamare nit	papan ir auknusalonnseXsamerinir
apah1238	tu roXo seR lit	tilwoslke
apah1238	suruk uluRte	surukuluXte
apah1238	laXik waXarukuk masaXaNguli laRi	elaXikarukmasaNguli laki
apah1238	abma p\il kilap p\uR aNge	apmaXp\ir kilapo aNges
apah1238	nit ap warep\eseluR waXarukim	nrBarepuselowoX aruem
apah1238	poXolma ere laXap Xumuk o	boXol matrilaXa umbuko
apah1238	mel luk larisi itno	mer lukloerisitnoXe
apah1238	ira roXo seR arisimure	eteroXasatisimure
apah1238	p\ikiranere jion tion weNgel Xarikik p\uR	pikin an ekejon jonu NgelariikpuX
apah1238	ja ja	a
apah1238	bokondini misiR	bokoninimesiXa
apah1238	ekeon ekeon wereR	akeon ekeon wereX
apah1238	nowe suwon oXo eleRma	nowesuNguwon oXo leX ma
apah1238	ijo nit itno laXik waXarukuk ari	eXaniitna laXekwaXrukari
apah1238	emberum p\ilet	mberunp\ilet
apah1238	it pulisi	itpundisiwe
apah1238	ari larusareR	arindawusaleX
apah1238	niNgik Xane roXo poR aruk sijaR ari	iNgikaneruXupok atukseX arie
apah1238	ap kuler ikmon ibma	Xatkulerionima
apah1238	Xat seXen mel Xup aNgo	arseXen netXu ankoX
apah1238	eke lendi noNge Xaruk laXen	ekilentinoNkearik laXeen
apah1238	jaXo jaXo an kinasuR	kaXoajaXo an kenasuX opaX
apah1238	ja itnoen nare nare nare	enonarisasunarituwanaritiksampe
apah1238	ke ku piren irano	keku piren etanoo
apah1238	waXarikikteR nin eke	oXarikseX miinike
apah1238	e p\am	ep\am
apah1238	jaXije senereXekteR	jaXejis en erRekt
apah1238	misiR tu waXarisi	misiXtu waarsi
apah1238	laruk ari	laruk ari
apah1238	miNgu leBiX wilarikik	satumiNguleBiulatiu
apah1238	tom pulisien eke aluplup paleR aNge	wambunisenekaletl pasue
apah1238	nandoR iruk ari	nandoX otuk ari
apah1238	ibma nare nare anten	manariXiriantim
apah1238	sakal nami	saXarnami
apah1238	o joXo XaR laXiBaR	ejoXo XaX laXaBeX
apah1238	waXarisi aXun	waXerisiaXon
apah1238	ir ari nir	irarin ira
apah1238	we saBijap Xik isil ambik waXarisi itno	wesXajaXekiselobikoXalilul
apah1238	piren tu roXo kilaBeXon uNgul uaR	pikren tiroiXaBukula
apah1238	eke ar ibma	ekXar iper
apah1238	ap misiR misiR ari wene p\ejeR weNgel Xarusa	ap emisiXusiX ari wenep\ ejoogel XausX
apah1238	suap kijareR XaXon aria	suBapkeerekaXon are
apah1238	ibmano nin eke Xun at	rukNruin ikeXunar
apah1238	sue XaXon oloXore	suweaXen uloXre
apah1238	ninikni itno	ninikNitno
apah1238	p\ejeR winaR XuwoR uluRte ira uruk laXi ari	taXun XeX wen akuwoloetaluaXieri
apah1238	ari iren oXo urusa	ariwXanje irenuXerusaX
apah1238	irisimure likijare	simwere likiare
apah1238	Xijap tumon warusareRma	ejaptumon warusareXma
apah1238	an lewat simin p\uR	andewatimin Xo
apah1238	pulmure toNgore	pulmetoNgore
apah1238	ari wilaXuwaXon ja	ariwlaXaXun muNgin
apah1238	ap anten wol inapminon Xat XoleR lamuk uluR	ap nren wonpminonr XarXoloX l amuk uluX
apah1238	antente tom	aninde tom
apah1238	aXaraBul aNge	aXar aBul aNge
apah1238	roXo paleR lit	raterupallik
apah1238	laXul uluR laXarukmure	laXonrurulaXorukmerei
apah1238	wam XinaXanam	wamNgin eXinXa
apah1238	surusa ari	sakolasilisiari
apah1238	an tu were	antuwere
apah1238	ja mene itno tu	jaXmenetnotu
apah1238	ambeXente nin	ambaXanten in
apah1238	an nuBabut ari	ene an uBapur ari
apah1238	sue XaR toXo seXon	suwiXatosoXo
apah1238	nit ap	nir ap
apah1238	at nim we jaBuk surukukon	atnimu jaBuksuruXukon
apah1238	kaXaleR seXen ibmano leBar isaruk lit	kaXXasiXen none lepar saruke
apah1238	apma p\il melteR lit	apmap\il melelitt
apah1238	jo o XuluBikusiR ira	jeXXuluBuk isiXata
apah1238	it aru	iraruo
apah1238	kinaNma jiN aXa	ken aNmajiNaXa
apah1238	pilor iBam	pilor ijan
apah1238	simiXinmure ap erema eneluk	imXen weraapet emen eluk
apah1238	oR iseXekma waluR waXareR	Xosaikma walu areX
apah1238	penira pen	minrapen
apah1238	ju ari ari surusa roXo an jet Xarikik toXo	jo eri anisurisaroXajan XarkitoX
apah1238	nimi itno etle wereR ere	nimit notlewereXate
apah1238	paBa lisirik ninim larukuk to	bapallesirioXniim larwukto
apah1238	sirikikon iXi ari	esirik gon aXere
apah1238	maNkok XaR seR lit p\amen	oamoXenXuXatuXnkin siletuXnen
apah1238	Xe eke itno an muR nijarision itnore wam eke wak lamiXin	eketno anmuXniarsion euXe wamseX waklamuXen ar
apah1238	XumaR XumaXet	XumaX umait
apah1238	ambik waBaRmare	ambik opaXman
apah1238	jeruken laluR	ienuken laluX
apah1238	jarik kuruk laXareR	jarikuruk aareX
apah1238	uluR an saBar sijareR wilaXijareRte	iesueroX weXenisapr siatat welaXaXrekte
apah1238	mansawan inaptuk larusa	naXsawan meN ajareraruksen
apah1238	niren oXo warukuk	rirenoXwatu
apah1238	emu p\il ari imin p\uR	emukilarir emenpo
apah1238	a lendia wereXon erea	anlendiaBaroXon atea
apah1238	toron XorijeR	toron XorjeX
apah1238	jawet maikel inikni ari mel	jawetmakelenikniarimer
apah1238	eke mene uNgul uaRma ari noNge XorijeR	ekemeneNgulaX marenuNgoXur je
apah1238	leXetma irano wereRmare	laXmotanwereXmare
apah1238	Xaren eke in	Xaren nekein
apah1238	aNgora ibmano XinoR urusa	aNXotap aneXin oXorkea
apah1238	p\arema e eke ari aNgen jiXik	p\aremaekaeriXaNgen iXik
apah1238	eke lendire	ikelentire
apah1238	Xijap aru tam wene	tiap arutamwene
apah1238	Xulani Xijap aNge misiR tam waXa	XulaaniXiaBaNgin misitam
apah1238	onde malik ar o	anamalikar o
apah1238	koBon nami	koBon ame
apah1238	eke eleXente	ekilleXente
apah1238	irare paBa moXi	leere papamuXii
apah1238	laXap Xumuk o	laXapumuko
apah1238	nit laXik waXarukuk itno oXo	nisaXewaru koXu
apah1238	sue simu itno	suwesimutno
apah1238	tepmi ambijaNmen laXik waruR	eknanienwenlaXekwali
apah1238	XinaXan waluR larisireR	Xin aXan waluX l arsreX
apah1238	ik aXum kejon eke nim malik	aXanikaXomukeXon ekn imali
apah1238	wene kik waXarisi ambeRte amu teneR ari	weneikwaXrsimbeta amureneXari
apah1238	malik ap aNge itno	malik aB aNgetno
apah1238	aNkat sik	kamtieX wome
apah1238	tuma montoR une eleR aNge we kinaNma iraXamu lambuliR larisi ari	mamuroX uwunerNkek wekijaXbel aXmbul amultuX lasier
apah1238	tia wereXam	tiawele akuiu
apah1238	ke etlemanoen waluR wilip aBaRmare we	kelenmanoXen warluXuliBapaX mariwo
apah1238	tia sa mel sa mel wereRma jet isaruk laXen	tiasamel smel weriX majeris arik laXel
apah1238	ari anten jaBuk sen Xa laXaruk sijareR	ari andin jawuk sen XalXorukere
apah1238	nimi itno jet toXoma	nimitnojetoXoma
apah1238	ru roXo	tan eruroXo
apah1238	emberimu at wereRmare	amberip NoewereXmare
apah1238	anten ele	anden ele
apah1238	siNgoNgo p\am	siNgoNgoBam
apah1238	ap aruma tot tot	apamat oXtot
apah1238	kulet ambik waXaruk lit XuwareR	kular ambik woXaruk ireoraXa
apah1238	eleR aruXu p\uXen	seiNgoneXaruXup Xen
apah1238	mel sirikik ari	melserikari
apah1238	siNgoNgo p\am laXap\ik laXakekteR	siNgoNgoXam laXap\ik leaXikteX
apah1238	ik minaR nuruXu	ik menaXnuruXo
apah1238	waXarisi itno	leXpuisesemer oXarisitna
apah1238	eke an	ikiaXan ane
apah1238	jeruken niren oXo	jeruken jukn erenroXo
apah1238	XuBula p\il were	Xulap\il were
apah1238	keria Xit we	ketiaXen wen
apah1238	noNge suruk ane ira it nim	noXesurukanetaitnimu
apah1238	kuler eke	kulereke
apah1238	o tuma waXion tumare	Xutumowajon bare
apah1238	an niNgikmu ap	anikikmoape
apah1238	uNgul asum tu ambeXek tu uluR irare arat	uNXul asumwambeik tuulu tararart
apah1238	ap we piren p\ejeR eneRte wam oR Xumul o irisi	Xana apwe piron peeXanRoto wamokumulut
apah1238	eke endi noNge ture	turesekentinoN keeture
apah1238	ke iraXandi laXik wamulusa aNgere	kerXntilaikuamusaNgeri
apah1238	arision itno p\am	arison nepane
apah1238	XuBula p\ikit eke ari	XBulasp\ilekari
apah1238	ambireR ari	ambirari
apah1238	ke roXo suruk XeXen	kereXosuruk eXen
apah1238	malik ap aNge itnoet amenejet	malikapaNketnoer ameneer
apah1238	jaXije itno Xira suruk	jaXejet nuirasuruk
apah1238	nori Xit te kea laruk laXep	noriisekeel aruk leXap
apah1238	Xat te an nim tia wilamul	Xapte anim riXol omul
apah1238	ejuR Xulilip aNge wanteXon mel	ejukululiBaNgewandoXon me
apah1238	kok otno wirip\eluR	koketnoweriBelo
apah1238	XaBul uluR aNgora itnoen urukente we	nembaXaBolloaNwatatnneurukene
apah1238	amene p\aXet aXijeR toXo oloXore unda jaruk ari	amene p\aXet aXekiX toX loXriX nriatuk ari
apah1238	malik irano	malik itano
apah1238	ju a pas a	jap asa
apah1238	e jaluk jaluk larukon eke	nejaluk jarklarukoneke
apah1238	urukuk ambeR irano ulaN simin	oruku kambeX aBetaBuulamsuminone
apah1238	mene itno oXo noXoruk ari	omnetnXonuXoruk ari
apah1238	at tam arik waXa	atamarik weXa
apah1238	welarikik itno	kepaXlaperaN ulatiketnoX
arap1274	to}jo} wO?eiT hE:nei?IsI:hI? nIhtSE?tSE?IxOtI:TI?	tujahwehEnesi hitSEtehtSizi?
arap1274	nIhI?wOtI?InI ?Oh nI:?eihI: nI:?eihI: TI:?Ok}t	nEwatehnahnihinihsOkt
arap1274	hEnI:sEtE:nI?I hE:tbI:TIhInO?	nisadEni? hEhEdbihinO?
arap1274	?Oh nEhE? tSE:sE? hIsei hE:ttSE:tSEnO?O:TETEn	hanE?tSEs?EsihEtSEtSEtnOhEhEn
arap1274	hE?IhnO:hObE: hI:t nIh?I:t nOh}:xOnE:nITI	hnOhObEnhedEnmahosOnEnEseh
arap1274	bEh?eihEhI? hE:nE:stO:t hE:nE:snI:TnOwO:TI? TOwOTnOnO?ei	mEeEnEstOnuttEwOtEtOwnOnOh
arap1274	wOhei nI?I:TO?	mahES
arap1274	wOhei nEnE:nInI? hI?TI?Ok}:t	hOnEnEn?itteakut
arap1274	wOhei tIh nE?tSEbE?ei nE? tSI:nE:?E:stO:t ?Oh nE:?E:T nE?O:x}w}:tE:?	wOtinEtSEbEnEntSinEhEstOtOhnEnE?hEtnEOhnE?O:xuihtE
arap1274	hE:tnE:?InOw nE:?E:stO:nEhk	hEtnE?enOnEhEstOnEh
arap1274	nEnE:nIt nEnEbE:beinO n}h?}:nO bEh?eihOhO?	nEnEne?tnenEnaba:benO?noOnOpahO?
arap1274	tO:nnI?tSO:n bEnI:TwO:to}?}	hEdbahne?tOntbElif wOrtu?h
arap1274	nE?nIh?I:stSETITE?InOwO: tIhwO:neihInO:	nEnnihtEssEnawO:tiwEnehnOh
arap1274	nOh nO:xeihI? nOhk}seitSI:nI nI:tSIhwOteiheiTI?	hEhnakn nakusEtSi?nitSwatehisi??
arap1274	nEnE:TI? hEnE:teihITI? n}h}? tei?jO:hOh?O?	EnnEsi?hEndtEse?nwi?tijEnO?
arap1274	hI:wO:nhEhE? bE:xO?}:h}? nIh?O:To}nI:hI? hI:hO:wbE:xO?	hiwO:nE?bExOu?neahunihiheObExO?
arap1274	?Oh nE?kO:kOn hI:wO:nhEhE? hE:sI:nE?EtI:nE: ?Oh	anEkakannuwa:nEEsinE?tinEO
arap1274	wO:w hE:Teiht	wOEsE
arap1274	nEnE:nIt nIh?I: nI:TInO:t n}h}? hOtI:	hEnEhEnennisinhOrtEhuatih
arap1274	hInII:t nE?TI?Ok}t	henetOsOhsnE?atpe?aktE
arap1274	hE:tnEjeih E:nei?no}?} n}h}? hInOnO?eitI:t hE:tIh?I:nEjeibI:?I:hO:TI bEh?eihOhO? n}h}? bEh?eihOhO? t?E:nEtITI? n}h}? hInOnO?eitI:t	hEdEje Eni?nu?h nI?nOnitSid EdehnEjeh bihIhO:fi?nu?bEehO?tEnEtihi?nOnidid
arap1274	kO:wO?eiT kE:tnE:tSkO:	kawidhEnEtSkOh
arap1274	hOwO: n}h}? hOwO: n}h}? neisOnO: nIhtSO?OnI:nIsE:t	wa:nu?wnu?nEsOnO:tnEtSO?nenjnsEd
arap1274	wOteiheihI: hE:ntO:t	OtehihihEntsO:?t
arap1274	wOhei wO:w hE:TEbI:TO:t	wOhonwOa:tEbIsbE
arap1274	bEbEnE nI:sO:tOx TEbtSEbI:hI? TI?OtOx	bEbnEnisa:tah sEbtEbisi?atax
arap1274	nE? nE?tSIh?ei?tOw}:neinO? n}h}? nO:?}bI:TIhITI?	hEnE?i?toinOEnE?tSetuinebnOnu?nO:?bEhhihn
arap1274	n}h}? hE:tnI:sI:tEnOw	nuhEtEnhesitEnoh
arap1274	wOhei wO:w hEnI:sI:TbE:t hItEsIh?E	wahE wEhnisisbEdtEtbsihEt
arap1274	nI:?EhI:hO? tOh?O:kOnO:n hO:kOnO:nE:nOwO:TI? tIhtSO?o}:TI?I	nEjEhEtO:knkOnOnEnEwa:fe tEtSitte
arap1274	nI?InOn nIhtSE:stI:TI?	dehidO:nhtSa:stise
arap1274	tSE:?ei?I nO:hkOh}?}	tSE?i nOkuh
arap1274	nOh bE:t tO:nhE:tnI:nI nI?I:nI hO:nOkO?Ow}:neinO? hE?I:To}?}	hO:nbEtOnnEtninni?ni hOnaka?ww@nenO?EifuE
arap1274	n}h}? hInOnO?einI:hI? nEnE:? hEnE:TO:?	nu?enOn?ni nE?hEnEpa?
arap1274	wOhei hE:tnE:?E:TE:neiteihtE:nO:t	ha:biha:nEEhsa:nEtSEhtEnOhanE
arap1274	wOhei hE:Teit hE:Teit n}h}? nI:?eihI:hO	wEha:stEha:sEhtuhntjEhO
arap1274	n}h}? ?Oh hO:jO:tOw nIh?I:t	nuahOjOtO?he
arap1274	nOh nIhTo}xOh?o}?} n}h}? hOseinO? hE:nei?IsI:hI?	na:nisEwhahowEnhsedn?Ende?sih?
arap1274	tE:tSxO? n}h} bEh?eihOhO? bEtEbIhOhO? nIh?I: nI:stOneiTI? hO:O	tEEdhahnu?bEjEhO? bEtEbihO?hh nistOnihthO?
arap1274	tSE?O:w}:h}? tSE?E:tSkO:h}t	tSEw@tSEtkOh
arap1274	nE:?E:tOto}?}tO:TI? n}h}? tei?jO:nOh?O?	nEtOtutOlhi?nu?teja:nOhO?
arap1274	nE?nIh?I:? wOhei nIh?I:t nEhE? bI:ko}nI:sI:s	nEhnhwa:he?tE?bikunisis
arap1274	nIh?I:nOnI:kOheinO: h}:TE? nIh?I:tO:TI?	hinOnikInO muhE?nhita:hi
arap1274	wOhei hETEbnOhO?o}:h}t tSE?ei ?Oh nE?tSE?eihI?	hEhnahaOhtSEhE?dat?ih
arap1274	hI:bE:bE:t nIh?I:stO:t hE?nE?tSE?nE:?E:stO:t ?Oh hE?IhtSE?nO:TI:to}?} n}h}? nI:?eihI:hO	hebEhwEtEstOtEnE?tnEstOtEhEtSOnOOhtitEnhE?ne?EO
arap1274	wOhei nIh?I:TI?	wahEtih?
arap1274	nEhE? nEnE:nIt nIh?I:TO?	nE?wudmEkoznEntnEbE??
arap1274	tSIhwOnno}xOneit hEhnI:sInITI	tOnnuhOrenEhEhneSdEse
arap1274	to}k}TO:t wOhei nE?tSE?einI tSO?O:kO:tE?einI:hI?	tuksOhEnEstSEtSO:ngOtEnuh
arap1274	TEbnO:nOnO: hInE: hI:TE? hO:TO:?O? tSO?o}:TI?I nE?tSIhwOnno}xOneit	bana:nOnhahEnEhesE?ha:ta:?tSa:usEnE?SonuhOnit
arap1274	hI?In nEnE:? nE?nIh?I:s nI:?EhI:nIt	hEnhEnEnEnis ne?EhEt
arap1274	hEnE:?E:hEk hE:nE:nE?InO? n}h}? kOxo}htI:nO:tnO	hEnhEkOnEnEendO?no?khuhtbinO:rtmO
arap1274	heihI: hE?I:tSxO:jeinI:hI? nE?ei?tOw}:nE:TI?	hehi hEzxEjinehi?nE?tuwnEhe
arap1274	hI:wO:nhEhE? hEnE:nE?InO? hI:wO:nhEhE?	hiwa:nE?hEndEndEnO?Iwa:nE
arap1274	hI:nE?EtI:t bEbI:sI:hI?	henEttithEbessihE
arap1274	wO:w hOseitIsE:nO:	wawkahasu ahetusEnO
arap1274	hEhnI:seihIt hEtSOxOnOh?Ai ?Oh nE?nIh?I:nI	hEhnesehtSaxOnOhanEnhEn
arap1274	hE:tIhbI:TbE:TI? hE:tIhnI:nI?bI:TbE:TI?	tOn hEtih bisbEhpi? hEtih nini?bisbEpi?
arap1274	wOhei hI?In nEnE:? hI:TO:bE:?	wakhEdnanOisbOlE
arap1274	wOhei nIh?I:t nEhE? hI:sI:s	wahEhpE?sis
arap1274	hO:TItO: hI nOnO?einO? hI?In nIh?I:sO:?	hEsE?O:tEtOnOmanOhe?nEhisa?
arap1274	nE:?E:Tei? nE:?E:Tei?tOto}?}tO:nO? hI:wO:nhEhE?	nsEnEsEtatudOnO?jumO:nhE??E
arap1274	nOh h}:t tSEbtE:nOtS ?Oh n}h}? To}TOx}:s}:	h@tbEntEnOtSOnu?puhoshowakunsu
arap1274	wOteiheihI: hE:tnE:?E:sIh?ETEn nIh?I:TO?	wateheSiSEttEsehEbhEmhihO?
arap1274	h}?}n nIhI: kOh?eihInI? nIh?E:TnE:wO:TE:nI?	EnnekahEjiSini?nEsnEba:hEni??
arap1274	hE:tnE:tSE:nI nIhnO:?AibEtE:ETI?	hEtnEtSEni nnnEEbEtEEhbe?
arap1274	wO:tI: nE?kO:nO:k}nO:?O:t hItI:nITEtSO: wO:tI: nE?I:nI hE:?InO?	wOtenE?kOnOxErehidenEstSEhOtenE??enhE?EnO
arap1274	heih?OhO? tei:tO:neihI?	hEwahtetOnEhi?
arap1274	wO?eiT hI?In hE:tE:nEbEtI:t bIxO:TEtI:t hE:tIhtSE?E:nto}? nOh hE:neiTOx}:hEtI?	wEtEnEttEnEbEtibihOsatitadihtSErtenEnizahuehtb
arap1274	?Oh hInI? nI:nOso}nI:sITei?ITI? n}h}?	ahuninsunifezi?mu?
arap1274	nE:?E: hEsO:hO:to}?} tSI:sInI:hI:hI? hO:w}TI? hO:w}?}n tSIhtO:TxO:tI:n	nE?EasOtEtSIstEnehOwEtE hOwE?ttO:thOten
arap1274	wOhei nIh?I:TI?	wahEnhehe?
arap1274	wOteiheihI: n}h?}:nO nIh?I:TO? nE:sEbI	hEhhEtihhih neNitOnEsEbih
arap1274	wOhei hE:tnI:nE:?E:sO:? nIh?I:t	wahE hEdni?nEhEsO??Ehne?to
arap1274	hE: nIh?I:TO?	hEhEhtEha?
arap1274	?Oh nI:nE?E:hEk nEhE? hOnOh?Ai hO:w}nEjeinE:?E:stO:	hOnennEknhOnOhEhnOawnEhinEhhstO
arap1274	wO:w tSEnE:tSEnO?O:TEtITI? nIh?I:t	wO:?tSenEtSEnOhtihinbint
arap1274	nIh?ei?tOw}:neihITI? hO:kEtSI:hIhITI? nIh?E:neisInIhI:tO:nI?	nEtawenehi? haktitSEgihi?nEnesnhitO:ni?
arap1274	wOhei nE?kOkOh?}TEtSO:t	hOnEgO:kohbtSa:n
arap1274	kO:kOn tEtSEnO:n nIhjI:sOhO?Ait	kagEnttEttSenahahtingisahEt
arap1274	wOhei nEtEsIh?E nEheitS nIh?I:t nEhE? hI:sI:s	wahEmEtEsihE nEhEttitnsis
arap1274	hE?nE?TI?Ok}t nI:jo}	nOnE?staktEnu
arap1274	kO:kOn nIhnO:nO:?eitSEhInO:	kagEnhinOna:?tSenO
arap1274	nOh hE:tO:nO: nIh?I:t nEhE? hI:sI:s	nahtOnOhhe?dE??isi
arap1274	wO:w hI?In nEnE:?	mOnnana
arap1274	wOhei bE:bE:t	ObEwEtnE?nibEt
arap1274	bI:ThI:tO:O nIh?I:tEno}?}	mishinhitO:nEnitEnuh
arap1274	wO:tI: n}h}? to}hO:nO? nOh n}h}? hInOnO?einO? tOh}:nE:?E:sE:neinOkOtI:nO?	wa:denu?tuhO:nO nonu?henEnnO?ino?tunE EfEn@ktinO?
arap1274	hIh?O:wAi?In nIh?I:sInIhI:nO: hOwOh	heawa:?npiiswenhenOhawa:h
arap1274	hI:jO:TtI:TI? hI:jO:TtI:TI?	henOstete hejOstetE
arap1274	nOh wO:w nO:?xO:tOw}nO?	nawawnO?ha:tabena?
arap1274	wO?eiT tO:nhE:tno}sI?I nEhE? hOtI: hO:wtO:?}htSEhI:tO:n	wEestO:nhEtnosinE?Oti mawta:ltSetOn
arap1274	tSI:nI hE:t nO:nOnOhInE:	tinihEtnOnEnhEnnEt
arap1274	TIwO: nE?nI:?nE:?E:sO:? nI:tO? nEhjIhO: nEbEsI:wOhO? neitEh?eihO? nEbEh?eihOwO?	towannEhnEhinEEstOhnItO?nEhjOnnEbEssiwanEtEjEnnEbEhEjO:
arap1274	wO:w bEnE:bE:tO?O:?	wOnbnEbEtO?
arap1274	hInEnItE: hO:wO:nO:x}w}tI:	hEnEtEamOnOhuhte
arap1274	n}h}? n}h}? hO:TItO: nE:?ei?IsE? n}h}? hO:TItO:	n?nohhedOh nEiswE?nhO:bedO:hh
arap1274	nOh n}h}? n}h}? kOkIjOnO nIhbI:bI:nEtI?	Nan?nu?kOkejenh nibibijinEti?
arap1274	bE:bei?On tIhnO:hO:to}?} hE:jo}h}:	hEhEwOntenOhOtEEhEjon
arap1274	nI:?ItO:nE: nIh?I:TI?	ninettO:nEnie?
arap1274	n}h}? h}seinO? ?InE to}s nIh?I:TO:t n}h} hI:sI:s	E?nosin? ena:htosnihnihanisis
arap1274	nE?nIh?I: ?hei?tOw}:neit TIwO: hO:wO:h hOno}:h}	nEn ietOwinet nEwahOOno?uhuh
arap1274	n}h}? hE:neiTO?o}bEtI:tO:nI? hO:wAi?InOw}: n}h}? wOnO:neihITI?	nu?anEnedhubatitOne? abEen w@nuh?wOnO:nnhefi?
arap1274	nEnE:nIn hE:tnOwo}:nOnE:n	nEnEn EtnO:wwEnOnEn
arap1274	hOwO: n}h}? tOh?}:nOkOtI:tO:nI? nIh?E:neinOnO?eitInO?	aba:hno?twIOktitO:ni? nEnenOnhtinO?
arap1274	hIhnI:tEheibei:tOnO? hO:wO:TeihInO?	nintibetO?hawa:kehnO
arap1274	?Oh hE:neisI:nI n}h}? tSO?o}:TI?I nI:?EhI:hO?	ha:nESenEntSOwsEhe?neEhEhann
arap1274	hI?In hInI? hE?E:neisIh?O:nO:TI hInI?	hEnbnhen?EnisnOrhEn?abst
arap1274	nI:bI? kE:t nI:bI?	nibikEniwi
arap1274	tIhbI:TwO:tO? n}h}? tSO?tSO:nO nIh?I:nI?InI:stI:t	nibizwa:rtano?tSO?tSOdOinistid
arap1274	hE:bIjO: tSIhbI:nI nI?I:To}?}	hEbejOhtSehwnihnhehu
arap1274	nEhE? hEtSOxOnOh?Ai ?Oh nE?nI:?EhI:nIt	na:?tSahonOhna?neahEnete
arap1274	xOno} xOno}:w}kO:h}t	hanuhanOhka:hod
arap1274	?Oh nOh hI:wO:nhEhE? ?Oh hEnE:TnE:beistSei?sO:?	OmOhiwOnEO hEnEsEbiszisO
arap1274	nOh hI:wO:nhEhE? nIh?ei?tOw}:neinO: tIhbIh?IjO:?	mEhwO:nawnnhetwininnOtwiO?
arap1274	wO:tI: nE:?E: kO:kOn nE:?E:nE:tOwO:nO?	kwOtenEnEtEganEnEnEtwOn?a
arap1274	nE:nEjeiTeihE:TI? neih?EhInO:	nenEnisnEnshEsnehEna
arap1274	wO?eiT hEttSIhwOnbI:TIh nOtO?O:w}:?	lEzEttSewOnbishehtEntsa:hub
arap1274	hOnO:t nIhI: hE:TEbI:nI tSE:Tei?O:no}?}	hond nhhEhEmi?nitSapiOn
arap1274	nIh?I:jeih nIh nI:nI?O:?	nEjenenewa??
arap1274	hI:to}sInIhI: wO?eiT hE:jo}	hihitosonhiwhEjuh
arap1274	xOno} h}:t bEnE:TI:nIkOtI:nE:hEk hI:nO?}sE:?	xOnuhu bEnEtinEktinEk hinusE?
arap1274	nO:kOnI:hI nIhkO:kOheiTI? bI:bI:TIhITI?	na:kanne?ihnikO:kahesmibishehi??
arap1274	nOh nE?I:nI wOhei nIh?I:TO:t hE:tnI:nI	nonE?ini wahEhnihthEdni?ni
arap1274	nei?O:nOjO:hO:tO? n}h}? nI:jo}	nEhanjEhOtOhE?nujo
arap1274	nO:kE?Ehk tEsnOhk}seitS nE?tSE?nO?}h?Oh}nITI ?Oh nE? nE?tSE?E:nEtITO:t nI:?tSIhkO?OsInEnITI nI:?eihI:hO	nO?kE?dEsnOhkssEtSnEtSEn?OhnEhOnEnEtSEhEnadifOnEskO?sEnEnEhnEEh
arap1274	xOno} nIh?I:h E:nEtITeihITI? n}h}? hO:kEtSI:hIhITI? tei?jO:nOh?O?	kOnonuEnEfeze?nu?hO:kitSEsi?tiOnw?
arap1274	nEnI:hEneihITI? nI:nE?E:nO? nI:?eihI:hO? n}h}? hItO:x}w}:tO:nInO: nIh?E:snI:hEn	nEnEhEnhEsE?ninEh?nEhEE?OnE?tO:huwtOnhOnEhEsnEhEnEEnhhnnnh
arap1274	nE?nIh?I:? hE:neis I:nI hE?I:tSxO:jeinI:nI nE?I:nnI	nEnEi?hEnishi?nehEitSxOjenenEinnih
arap1274	nI:jo} hE:tnI:sO:? hE:tnI:sO:? nI:jo} nI:?eihI:hO? hItO:x}w}:tO:nInO:	nujohEtnistOhEtnstO?nuju neEhEhO?tOhwItOnunO
arap1274	hE:tnI:tEbeibITI? hE:tbI:TbE:TI? nIh?I:TI?	hEtnetSebisihEtbitbEhte?net
arap1274	nE?nI:tOh?}:nE?EtI:TI? hOh?AinI:nI nI:?EhI:hO?	nE?nItawenE?te hahninheh
arap1274	n}h}? hOwO: nE:tSE:nO? tOh?}:tEneihITI? nE?bE:jO: nIhnO:?AibEtE:ETI?	nuOba:nEtSEnO?tutEnisi?nE?bEhOOninEEbEtEhi?
arap1274	hE:tnE:nInO: nIh?I:nO:	hEttEdnO nenOh
arap1274	kO:kOn hO:w}:nI	kakanha:wI?ne
arap1274	neih?O:wAi?In hE:tEhTI?O:k}:nO: nIh?I:TO?	naba:?nhEdfeOkunOha
arap1274	hE?I:TO:nI?I hE:t bI:TwO:TO:nInO: nIh?I:TI?	hEisOnihEt biNwa:fOhOnbnOhhEhe?
arap1274	wOhei nIh?I:t n}h}? n}h}? bI:ko}nI:sI:s nEhE? hI:sI:s	wahEnEh?nhu?iguneNsis nE?isis
arap1274	hOnOh?Ai nEhE? nIhI: h}:t nIhwOnE:ntO:tOnO?	eh hOnOhEnhtSenislEls h@duwEnEntOtnO?
arap1274	wOhei tE:bE hEnI:sI:TbE:t nEtEsIh?E	wahE tEwEhEnisiswEdnEsihE
arap1274	kO:kOn tOh}:tSI:nIhI:tO:nI?	hawkantetSenhetO:nn
arap1274	nI:h?O:?Oh}?} nIh?I:t	nihO:ahuni?t
arap1274	hE:TEbnO?}sE:nO:nI nOtO?O:w}:? nE?nIh?I:?nI:nIh?o}beihInO:	EhEbnOnsEnOnenObtOw@p nEtbninhubinOh
arap1274	nE?nIh?I:?I:nI nE:?E:sInI?O:? n}h}? tOh}:nI:nI:tEheibEtI:tO:nI?	nEnIninEsEni?O?nutuninitebEtpitOnI?
arap1274	kO:kOn hOwO: nE:TI? n}h}? bE:snEnItE:nO? bEtEbIhOhO?	kOkOnhunEt ini?bEtnanitsEnO?bEtsEbiO??
arap1274	neitEh?ei hE:tnE:nIn hE:tkO:?AinEnI:xO:TEtInO?	netEhhEtnEhni hEtka:nihOhtin?E
arap1274	tOtO:s n}h}? bI:nO nI:nI:hO:?o}?} n}h}? nEtSI: nI:bI:bIsI:jOho}?}	tOtOsnu?binOni?nihO:?n?nEtSihibinsio
arap1274	hO:w}:h}? hOh?EnI?	ha:wohahE?ne
arap1274	hE:tnI:nI TIwO: tSIh?E:neisI:nI hE:neisI:TbE:nO:TI	hEdbi?ne hulOthutSEnusi?ni EnEsisbEdnOhuh
arap1274	nE?nIh?I:? kO:kOn nIh?I: hE:neinsE:nI?	nEhikOganhi EninsEne?
arap1274	nE wOhei hE:tnI?O:?	nE?bahEhEhEdni?O:??
arap1274	sI:hOw hO:wAinEtInO?	snigasihO: habEnErtno??nh
arap1274	heihO:w}nEjeinI:nI tSei?sO:? hE:jo}h}:	heahona:hjeninitSestOha:ju
arap1274	wO:w nE?E:nEtITO:t hE?eitOw ?Oh bI?tSIh?Owo}:nOnI	hOlEEntsathE?tEhbEtSawowEnOne
arap1274	hOwO: n}h}? nIhI: tei?jO:nOh?O? nIh?I:xOno} nIh ?I:hE:nEtITeihITI?	owanu?niti?OnO?ihn@h nEnnEthihi?
arap1274	nI:hEntSEbkO:h}TI? hIh?O:w}nE:?E:sI:nI	nEhatakOsihEwunEasenem
arap1274	wOhei hE:tnE:tITO? neitEh?ei nIh?I:t	ahh EnEdsOnedEhhnit
arap1274	hE: hE?E:neiTo}?} nI:bO:tnO nI:nI:nI:bO:tO?	hEnefunibtOnininiba:rtO
arap1274	hE:tnIhI: nEhE? wOteiheihI: nIh?I:TO?	hEzhhinE?watehhisneho?
arap1274	nE?I:TI:xOhOwO:tI:nI? hInE: hE:jo}h}:	nEEsihahwO:htennEnEhh
arap1274	nI:nEsI? hE?I:teihITI? hE:ntO:t nIh?I:t	ninEshEtestEntsOtenhet
arap1274	tSE:sE? nEnItE: hO:wnO:x}w}tI:	tSEstEn@ktEhOhOnOwOhhOnOhute
arap1274	bI?kO:nO:k}htSEhI hE:TeihOk ?Oh	EgOnakOhtSEfEaxOnEg
arap1274	TIwO: tSIh?E:neistSO:tI?I nIh?I:TI?	h@wa?tSEnetSEnetSO:htIesninisi?
arap1274	bIh?IhI: hIwOx}:h}: hInEno}h}: nEnE:TI? tSE:tSE?Eseiht nEhE? tSEsE?eihI:	pe? wahuhuhEn?unEnEtE?tE?sehtnE?tEsi?E
arap1274	nE?nIh?I:sInIhI:t nEbEsI:bEhE?	nEnewisenid nEbEssEbE?Edop
arap1274	nI:h?einO:k}TI? hE:tnE:nInO: nIh?I:nO:	niEnOkuhiEdnEnwasmibnO
arap1274	hInI? hE:tOh?}nI TI?O:k}:? tSE:sE? nI:InOn tIhtSI:tO:tI:nI?	hen?EtOneh feO:kutSEsE?nehEnabEntSitO:tEn
arap1274	?Oh nIhtSO?OnnE:nInO: hInIt hInOnO?einI:hI? nIhtSO?OnnE:nInO:	ha:hnEhitSOnnEmnOnOh hinE inunainihhitSOnnEmnO
arap1274	nE?nIh?I:nI tSE?wOntSE:nOk}t	nElEjinehtSE?wEntSEnakt
arap1274	hI:to}sInIhI: nI?I:TI?	hitowsunhinEehe?
arap1274	wOhei hOho}	naheS hOhauh
arap1274	hOTEsTI?Ok}t nOnO:hObeihIt	hOtESteOkdanO:habe
arap1274	kO:hInI? wO:?tE:nO:w}? wO?eiT hE:nei?IsI:hI?	gOhEniwO?tEdO:wwhEdEisi?
arap1274	?Oh nE?I:nI hE:?InO? xOno} n}h}? tOhbI:TI?	hOnEhEhE?EnO?hOnu nu?tOmisE
arap1274	hI:kO nIh?I:t nEhE? hI:sI:s	hEkohhe?tEh?sis
arap1274	nEnI:nI:tOno}?} n}h}? nI:bI:bI:bITEhITI?	nOnintOnOnu?nbibibishEsbi
arap1274	hInI:sO:nInO: nE?E:nEntO:nITI	hEnestOnEhEda:nhE
arap1274	hE:?InO? tOh?ETEbO:w}:h}? hO:w}h?Oh}nITI	hE?EnOta?saba:wu hOwOhanEhseh
arap1274	hEnE:nei?Ino}?} nI:jo} tIh?OwO:?O:tI:nI?	ehEnenuhniotOwOhatin
arap1274	kO:kOn nIh?O:nOnInO:?O:nO?	kEgEnhnEninnOn?
arap1274	bI:ko}nI:sI:s hInI:n nEnE:nIt tSE:bE?einI?I:TbE:t	bikonesishinin anEnittSEb?eni?nufbEt
arap1274	hI:t hE?I:snOntO:nO:TI n}h}? bEnI:TbE:TI? wOhei nI:hEjO:	hEtEtSnOntOnO:tE nE?bEnIsEbEhEtwEhnEhEjO:balk
arap1274	hE:tnI:nI:beinO: nIh?I:t	EdninibEnwahnEt
arap1274	nI:?EhI:nIt hI?I:hI? tIhnOntO:t tSEbE?eitO:t	ne?EhEtIhi?tSehdOntOttSEba?tOt
arap1274	hOwO: nI:h?O:?Oh}?}	lEsnE?hawE nO:hoh
arap1274	tSE:nI:k}:TeihIt wO?ei?ITOw tE:sI? kO?Os nI:jo} n}h}? nOh}:xOnE?	tSEnEwkotEwEtOwa:htEsEkO:snEhnehhnhOhOnE
arap1274	bI:ko}nI:sI:s nE?tSIhnE?IsE:t	bikuntSwitSnE?tSnesEtt
arap1274	wO?eiT nOto}TO?o}bE?	wEsnOntoh?ubEt
arap1274	wO:w nE:?E:tSxO:jeihInO: neihO:w}nI?I:nI neihO:w}nI?I:nI nI:TInO: n}h}? hOtI:	honEEtShOjinnO nEwEnini nEwEn?nih nisenO:nhtis
arap1274	hE:tnO:hOwO:nE: nI:nE?E:hEk nEhE? hInEn	hEtdO:hwO:nEnenEpEhEnEn
arap1274	kO:kOn nIh?I:bE:bEtE:EnO:	kagOnhibEbtEnO
arap1274	hO:xO?AiTI? hI?In hIh nEstO:beihI:t	hOhEhEninEspObEhid
arap1274	h}:t hE?I:tSxO:jeinI:hI? hIsei nIhnOttOneinO:	hudnEzxOjenhisi hinOtninO
arap1274	nI:jo}nO n}h}? nOnO?OTO:? tOh?}:nsE:tI:n tOh}:tSI:tOtI:bI:tO:nI?	nejutOnunOha?tunsEten tutSitatibitOni?
arap1274	wO?eiT n}h}? hO:w}TO:w}:tE:? hEnE:TnE:tSI:nI?O:? nI?I:hE:nEsOwObeihI:tO:nI?	wEdnoOwaflOwutEsEstinanEEntObhEtO:ne
arap1274	hInI? hIhnEstO:beihI:t	hinEnEstOwEn
arap1274	bE:tE:nO:? n}h}? hEnE:TnE:bEtE:nO:?	EbEtEnO?nunEnEbEtEnO
arap1274	hE:tIhbEbI:s ETEb hE:nei?no}?} hI:nE?EtI:t	hEduhibEbis EEnebnuh hinnE?tid
arap1274	nEnI:hEnE:?InOw}nO? wO:w nIh?I:t	nehEEzamedo ba:hkne?t
arap1274	nEnItE: tIhnE:?E:nE:sI:nI bEbI:sI:hI?	enEttEtenEnEsiEtwEmsen
arap1274	TEbO:seiTI:hI? nE:jo} nIh?I:sI:nE?EtI:TI? hInOnO?einO?	nEtSOnOsetehnnEju hi?sinE?titenOnOnO:
arap1274	bE:bE:t nE?I:?bI:TbE:t nEtEsIh?E	bEbEhzE?hbisbEtnEtEseEsnE
arap1274	nE?nIh?I:nI tSE?kOhei?It	nE?lijinihtSe?kahat
arap1274	tIhtSI:bei?tSITei?I:nI nIhbI?O:nO:xOhAibI:bI:nEtITI? hE:jo}h}:	tSitSibe?tSsEn nibiwOlna:xEbibinEtisi??Ejohu
arap1274	tOh}:nO:nO?OtOx}:hEtI:tO:nI? nIh?I:t hEnE:TnE: tO:tOto}?}tO:nO?	dunOnOdxustitOni?ni?d nEnEhtOttu?dOnO?
arap1274	nO:xeihI? hE:ttSE?nE:?E:sInI?O:? hE:jo}h}:	nOxEtEnEsenOhEjo
arap1274	hETEbO:TI:sI:nI? tEsnOhk}seitSIsE:t	hEtamO:feSidEstOhkssItSsE
arap1274	?Oh n}h}? nI:tSI:bEnei?I nE? nI:nI?ItO:TI?	hahnu nitibEnih nEnini?tO:hi?
arap1274	hE:tnI:nEjeiTeiheiTI? hE:jOw}:sI?	natnennEgesEsea:jEwusbbn
arap1274	nOh nE:?E:stSE:tSei?sO:? n}h}? h}:nE?EtI:t nE:tnOnOwO?	nOnEhEtStSEtSe?saneunE?titnEnanowannnnh
arap1274	TO:wOho}h}? nE:?E:to}? hI?In nE?nIh?E:tTOwOtEneihIt nE?tSI:teit nE?tSI:teit nE?TI?Ok}t	tOwhOl?unEhEtEwnhEdnInE?tabOttEnEtEnEtSutEnEttSutnE?tE?OkOt
arap1274	wOhei nIh?I:nEstO:bE:n	a:nenEstOwEn
arap1274	hITnI:s nIhtSI:tSEh?ETtI:n nI:nE?E:nO? wOnO:nI?I?	hEsnEsEhtSiEtSEstEzhwOnO:dEE
arap1274	nEnE:nInO? nEnE:nInO? wO:w hE:?InOw}nO? hE:Tei?nE:bEtE:nO:? tSI:tO:w}:? nIh?I:t	nEnenO?nEnena?wElhE?nOwenO?hEhenhE bEtEnwO?titO:w@nId
arap1274	nI:jo} hI?In nE:jeiTO:nO:tE:?	niuhE?nEnnEnsEnEEsOnO:tE
arap1274	nIhnO:nOnO:?O:TI? nI:?eihI:hO? hEhnI:sITI?	nEhnOnOhneEhehOEhnEsete
arap1274	hInEnItE: hE:tnI:TO:wOtO?	himEtEnEhfa:watO
arap1274	bIh?IhO:xEbI: tOh}:nO?eitSITeihITI? nE?nI:stO:nI?	hihO:hEbit@nO?tSsEsidnE?nestO:na
arap1274	nOh nIh?I:t nEhE? hI:sI:s hOwOh?Ai nIh?I:t	nane?dEsis hEwhhtet
arap1274	nOh n}h}? tSEbtE:nOtS nE:nE:nI?O:?	nOnu?tEbtEnOtSini nEnEnjO?n
arap1274	wOhei nE?tSE?IsE:t	ha:na:tSEwsa:rt
arap1274	jein jEneintO:wO:h}?} hI?In hE:neisO:?	jEEnEtOwa:EnnEnEsO
bain1259	an unOh k@sumai	anunnOk@subann
bain1259	ajEnkuruxO butu:n	ajankurhOkOtun butun
bain1259	umu bugOf	umubuxaf
bain1259	iri:g aNkani J\iba:raNaN buxan ka iri:g t@bir inlumOt guli:x t@bir ka J\aka:maN	irig aNkanimEJ\ibaharaNaN buxaNk irik tEbirillumOtugulig tEbikaJ\akamaN
bain1259	JimEni aNgu d@r@m alumiminO sEmbE	JimEn aNgud@r@m alumiminOsEmbE
bain1259	ub@:hEr bim gafurunti ad@:g@t biOk amu bimbi sirun gumukuna guguni ahuja mama kabuj	b@xEbiNg@furunti @dEg@r jOk ammubim sirul gumukuna gugunE ahuja mamah kabi
bain1259	kObOr @funOt J\ihihEnEm ajEnEm so	kOb@r @funnOrkOJ\J\ikikEnEm anEntu
bain1259	gubuJem ad@:k	ubujEn ad@k
bain1259	gafuti ulax a silax nini	gufuti ulaxaaSilanini
bain1259	inaNkEn unaNkEn aJON	idaNkina iJ una:NkEn aJO
bain1259	jO: gU:b nunum burum aNg ilob@lamin	jOgumimburman ilObulamEn
bain1259	ud@k uJOts\ naNa:n gurihen an ud@:g@t	udukuJOats\inaNagurihEnaNgudib
bain1259	t@pur t@pur ulinahanam ulinahanam ani aJ\ukia agunE	tOputOpur ulinaxanam ulinaxanam ani aJ\ikEgunE
bain1259	bala alindEnEN imereN pE alin anegeN aNga anegeN	balalindibiJmErEnpE aji @niJ\iN @n@NEnigin
bain1259	anJ\ir aNEi a buneg	anJ\ir aNaN abuliN
bain1259	baru:n axO:kO an ubOs@bim	barunaxOkO anubasbi
bain1259	ud@:k anfut a kOdE:x	udOk afutaxOdEx
bain1259	jitirimin hOhO JimEni iNguni gO uwUl lOpita:n	itirimiihOhO lOpitajn JimEniNuni guNulu lOpata
bain1259	guhuni hauts\	guhuni ihuNanO hauts\u
bain1259	wOl umO:N n ipax imukunamminni gU:b atiJ\i	gOlmunifaxigmugunaminEgubOtigi
bain1259	and@:k an aJO:ts\Om sinenen sini aJO:ts\Ox	and@k aNiaJOts\Ots\inEnE ts\inaJJOts\Ox
bain1259	J\amba:l gifuntOnE a sijO arakai	J\ambagifunutOnE Esijux arakajnn
bain1259	bunuxutin kEnEm @J\ilartam @J\ilartam gusOl alufOt	bunuxutiinkEnEm aJJ\ilartam aJ\ilartam gusOl alulufOt
bain1259	an aNgu unOhON	anaNgun nOhON
bain1259	@ribEnN baxanEr	OribEm baxan@
bain1259	guhebul guNOn asihEkErEx	uxibuNgON asixEkarEx
bain1259	mE budi:n ka sindi:n n ibOsta nah giJa:x@nti bum@r	mEbudin k@sindi nEbOsuta ammil@aNkaransENg nagEJa:xin tib bum@r
bain1259	J\ahuJu:r aNga	J\EhuJur aNga J\@JEgin
bain1259	atE:pri:ni kO:naheneN abaJ\ul bum anaN	atEpidinikOnEnEn abaJ\uguman
bain1259	um@r aran aN ad@:g@t	umuN araN EdEgar
bain1259	gijahi ifun iwOr biNE:n	gijahi ifun iObbiNEn
bain1259	gajax xOlO bijOk adelun a J\axun jOk alEJ	gajahujOk adirunaJ\ahul allEJOk alE
bain1259	b@:b@m ad@:g@t ad@:t alika	b@b@m@d@g@t@ d@salika
bain1259	its\iNkEnEn anu n ajitinE bujENka ime:reN ind@:kOt bujas aNga udige:ni	its\iNkEnEnanu na:jitinab@jan kamirENndEkOt guasaNgudigEni
bain1259	b@J\id a:ni amaNi	b@J\idani amaNi
bain1259	aNgu udikam umON gafuti g@wuline kOna amu ahama	aNgudikamONg@futig@urinikwan amON ahama
bain1259	J\@ni @b@g nim@rnum bunbuNanOh bugOm bunbOnN inrajili	J\@ni ab@nim@numbu muganO bugOmbumaNErajli
bain1259	ipa:x@ni abab baJOnd@rOm huNa:n guhunum	Op ipaxni apab baJOndrON hua:n guxunumm
bain1259	amu gudig guruk guguni biJal anEnEt bimbi J\ib@:hEr	amugudi gurkuguguni biJanlan nEnnEnE bimbiJ\ib@xir
bain1259	ubjEn di:nEN ana:kaN imereN a guja:x@la xa @m@r	bjEndinENanakaNimEr@NagOjaxalaxam@r
bain1259	g@gu @tErkEn gurOnna	g@bOtEukiNgunOna
bain1259	JimEni aNgu J\ambal aNg iwa:tini	JimiraNguJ\ambalaNgiwa:tini
bain1259	anlax sidi:x	alasiri
bain1259	guJ\uN awOra: binO:m amu guJ\uN guJ\uN	guJ\uN aurabin nOm amuguuN guJ\uN
bain1259	awuts\ na koJ\und awuts\ na koJ\und awuts\ naNa:n koJ\und	awuts\una:N kOJ\u auts\unaN kOJ\und awuts\unaN kOJ\und
bain1259	murON b@:rix murON J\ats\Et	murOn b@ri murOnts\ats\ad
bain1259	buruk uj@d sinJ\it xEn raf	burkujardisiJ\iJ\it kErafu
bain1259	ad@:k aNan muNkO:naum	ad@b aNan muNkOnOm
bain1259	mundum awala	mundumal
bain1259	iwuli simaNu ara buh@b ha dimaNuhOnOm	iguisimaNaraguNabadimaNhOnO
bain1259	mindEN bula ka J\axa:t galax kOxa:t abi siNkahanam	mindEm bulakaJ\axatEgalakOxat@bisin kaxanam
bain1259	uJON guguhEsE	uJONguguhEts\E
bain1259	amu budEgEnd bun axana buJON	amubudEgEndubun axanabuJOx
bain1259	kOni gaJindEN hobun iku:bul	kuni ggaJindEh@buni ikubul
bain1259	mundum n agu J\aNga:r h@J\ir	mundun @guJ\aNgar h@J\ip@rp@rp@rp@rp@rp@r
bain1259	im ajEnEm jO hOm@r gulObOh jO indan	imajEnEmijOhumugulugujO inda
bain1259	b@J\ur garadi	baJ\ugaradE
bain1259	aNgu umu gafutti	aNgu umuNgafuti
bain1259	J\egi aNga JamOn ahat ai ahatai	J\@gi aNgaJa:mun aataj ax@t@ d@gi aNg@J\ib@hir axataj
bain1259	aNg ud@:k@N uruNaN	aNgud@kaNuruNaN
bain1259	udika:n d@lob dE	udikand@lOdE
bain1259	in @sol @g@ni ajEna @sol ha buhUb	in asulagunana asuxa buhug
bain1259	aku:b@lai nini awU:l gulihan gude	akugulanini auguliham kE
bain1259	hasar guli:x hasar	hasar gulihasEn
bain1259	aNgu xum bits\i:r	ubukmbits\iits\
bain1259	kular ujiti kular	kular uitikular
bain1259	g@gu J\aka:m ubi:ri	g@guJ\akamubiri
bain1259	minnON buxa:n ka huNa:n barux	ninOmbuxankabi huEnba:rO
bain1259	alinaN ka b@:b@m	alinankababam
bain1259	sints\in sin ana:fux k@n uxan ma:nO	siJts\in sin ana:fu kan uxambuna:kama:nO
bain1259	unai duJ\inEN ula:tula:t ad@:t aJ\in na	unE biJ\inEN ulatulat@d@t@J\inna
bain1259	guhaNguli uJ\ilahat	waNginu uJ\ia uJ\ilahat
bain1259	and@k aJONi J\ama:N ina:k	and@k aJuNOt J\ama:Ninnak
bain1259	ujupul dadanO pE ban duhOj	ujupludadan OpE banduxO
bain1259	finO:N na huNa:n bukO:xul ha JOxa:t	adEgsinnON na huan bukOxOxaJuxatu
bain1259	ub@sinmin iJaNmin	ubisiminiJamit
bain1259	bala amukulEnEN bulindur	mala abukunEnEbulEJu
bain1259	b@J\id a:ni amaNi	b@J\idE ajanamaNi
bain1259	@m@r ilikainE	m@ri ilikajinE
bain1259	axan @nOba JOm@r	axa:naanubaJuma
bain1259	um@r udi:geni d@d@:g@t	um@t utigEnidadagadi
bain1259	guguJu:n nuNkana:n alikun uja:xaN	guxuJOn nuNkanan alikun bujaxaN
bain1259	gahuni amO:N g@ntiJ\ini @nden	gahun amON@ntigin@ndEn
bain1259	duja:x aNga imErEN	u djaxaNgimiri
bain1259	ajEnEm indan	ajEnEd inda
bain1259	J\amba:l gira:dini bubO:p ha sints\indhEnEm	J\ambadagiratdini bubapuxa sinkindixEnEm
bain1259	aNgu ninE:N J\ats\Et amu rEk ants\EN anJ\ir	aNguninEg J\asitamu rEk ants\EN nJ\ir
bain1259	baru:n sEtadir gubOs	barunsErE gubas
bain1259	kajax bujaka biJal	kaja bujaka biJat
bain1259	an aNaJ\ax uruk	anaN aJ\axurukuru
bain1259	huNan kanam guhuJur kOnOm	huNa:nkanam guhuJukOnumn
bain1259	@buJ abE:sa	abuJ abEsa
bain1259	ajEn nEnEnE nEnE kaJ\ahaJ\aha iNka:n nE iNkan taN nE guguOmuni bujE ha gu:b	haEnEnEnnEnEnE kaJ\axaJ\axikanE inkantanEguEimuxun gugOmunibExagu
bain1259	ha erin n ajEnEnE erin	sEkOmigiJ\amplxa Erin nuajinEnnEErin  l
bain1259	fam aNgu gambEsintinE budin ka a sindin	fam aNgug@mb@sintinE budin k@sindin a
bain1259	hoguni ijit hO anlObOhnE na J\ib@:hEr ab@gni bahan gU:b bulO:xelO:xu:n buxO:nO:t lUtUt bahan gU:b	huguni it h@d lub@nnajJ\ib@xir ham @p@hndi bax@Ngub bulOxulOxun buxOnOt lutut bax@Ngub
bain1259	and@:g@t awataiEm aNk@:b@m	und@g@t uma awa:tajEm@Nk@gu
bain1259	a b@le:ri ha bukO:r guli:x ka b@:b@Nk@nito	ab@lErixabukOr bulik@b@b@Ng@Jis
bain1259	umu pO:nt	umupOnd
bain1259	ka J\alufu bigU:rI:n	kaJ\al@bfu biguri
bain1259	amutOt b@J\id b@rUk	aNutO b@J\iburug
bain1259	awOrO:tbim gufENk @d@:t afurOt naNka: a budi:nk@nitO buguni ihujuxO sindi:n J\ib@:hEr	auxOrOb biNgufENg adEtEfurOnnaNka @budia budiNk@nit@ubuguni hujxusindin J\ib@xi
bain1259	burE:Nkul ha J\@m@r bum anaNgu gupu:suni bapu:sun aNanam	aNguburEN xuxaJ\@m@r bumanaNgub gupusunibaxpusun aNana
bain1259	wOl @b@Nki udihEl	OlObOnkiudikEl
bain1259	ab@sin @t@r ha wOl amON anEn a gufENg ha nunOm	ab@sin @t@kawOl mONanEn agOfEaha nunON
bain1259	aNgu gufute:N num t@pur	aNgugufutEN Enum huNa:nOtOpur
bain1259	hamukuna pE	gahamukunapEh
bain1259	ululum aJON sEmbEhEnEm anaNg awUts\	ululum aJasEmbExinE m@n@uts\
bain1259	gud@:k@N dakar guNE:tEn ud@:k@n bulo ka gub@Eher uga:taN	gudEkEndakaguNEsE udEkEn bulOkagub@xirO ga:taNgOllO
bain1259	minO bukO:k@nitO dannO:x	minO bukOkEnitO dannOx
bain1259	k@gin awarEnOt abaJ\ul budinem	k@ginaOlEnfapaJ\uburinEn
bain1259	baxan d@ni udigEni axanah bumukunah xa @ribEnN	bahan d@ni udigEnnaxEn abumukun@xEribENg
bain1259	ara: butun ka dimaNguhOnOm	arabutuNkadima:Ngufuna
bain1259	g@wu:lini naNa:n awu:lin	g@wulinin aNan aulin
bain1259	maraxa gubE:sa	marxabubEsan
bain1259	ad@:t ajax JOm@r nini Jolall	ad@gatajaJum@nini Nalal
bain1259	na J\aJ\@nd@b ahuja J\axOntiN	naJ\@J\@n d@b ahujJ\axOntiN
bain1259	nE gipu:sundE:t gitiJ\ini aNgu gurukrik ix@:b@min	mEgi pusuNdEigitiJ\ini Ng@ gurkurik ix@bumi
bain1259	gulUxUb gu rauts\	bunuxumfuburaxus
bain1259	intE:pi a gubi iNgu a gubi ha J\aka:m	intEpEub iNguEgubihaJ\akam
bain1259	ad@:k binO:m gadeli	adEk binONgadilit
bain1259	an and@:t amukuna:rO J\aluf aJONOt uJON gurON inJ\aNa:n	inEndEsa mukunaruJ\aluf aJuNatu uN bur@N iJJ\axan
bain1259	um@r guhEsE guNgu atliti	OmarguhasEguNgu atlEt
bain1259	baxan na anEn na lEplEplEp	baxama anEnalapulapulO
bain1259	ifam@ni id@:ki	Efamani irEki
bain1259	mundum ahuj kObOr	mundumahujikObOr
bain1259	n ini:gEhnE aNka:n ambOxi	aNginigEnE aNka:nE ambOhi
bain1259	and@:ti dilur gufifian	and@ti diri kOfifaN
bain1259	bariful and@:k@r@x bahan a kO:na	bariiful @nd@k@r bahanakOana
bain1259	min dijEjEhmin d@r@m@N	mindijEn mind@r@m@N
bain1259	jO: bajifun	jO bEjfur
bain1259	koni gaJini ijOli ijOli bubif minnON gibifEx	kunikanJini idOl dOl bubi JinnuaNgibifax
bain1259	kOna @de afurOna @bun	kuna adE afurOna abul
bain1259	Jom imali bits\i:r ale:ri	n@mi malEbits\ir allErE
bain1259	id@:ti id@:g@t aNga hOnJ\ hOn ujit	id@ti idEg@saN daxOnJ\uhOnu Ojit
bain1259	J\anJ\a gijitimin J\aluf J\anJ\a gijitimin ut@:d	J\anJ\ajitiminJ\anfuJ\anJ\aNjitimin ut@d
bain1259	aden gurihEnEm	adENgurihEnEm
bain1259	bala ig@nOmin	balEgOnumin
bain1259	ajEn kobor n alumE:m sEmbE ajEnEm J\ihihum inlaxinE	ajEn kObar nEalummOEnsEmbE aEnEm J\ikixumilaxinE
bain1259	mE fi udige:ni uxa:nkarax bidifel ulikri:n	mEfudigE nuxaNkar birifElOlEkirEn
bain1259	kObOr afunOt ana:nam anup anup anup anup aNEjin a bisEthEnEm	kObOrOufunOt ananam anup anup nuaNinabisatixEnam
bain1259	gurON bujENka kati danO:x kati biJa:m iNguti bud@:k kati horuk bits\i:r	gurumbENkati dannOkati biJamiNgutibudajukati gurOurubits\ir
bain1259	gubOs ajEnO baru:n	gubas ajanO barulr
bain1259	aNgu bum ad@:k adihEl	aNgu bum@d@kadixEd
bain1259	g@jini aNEj bihu:n	giJaNEgumk
bain1259	an ifamunani tEk	andifamunanitE
bain1259	guiJ gibO:pini ixa:n a pO:s	guiJigibOp@nEjaxanapOs
bain1259	anlaw JO ts\ind	alauJOts\ind
bain1259	mati JOper ts\ilax gulatti gudElinti uJON JOlal uJ\ila anaN fi uJON JOna:k barE	matiJOpEts\ilaxgualtigudEn tuJOnJOlalluJ\ilafiaJOn ak@bEra
bain1259	g@b@xi @funOkOrOx huNan @guni an baliss	g@b@xi afunOkOrOxuNan @gunambalisiin
bain1259	n agunE udi:gen ajEnkuruh hana:k	nagun@udigEn ainkruhanakaa
bain1259	bum anaNgu aJ\E:x buJin	bumanaNg@ aJ\iEx anJ\axafJ\anJ\aN anJ\as@ buJi
bain1259	ganO:hi nini	dannOhininih
bain1259	aJOts\ina ab@sina	aJOts\ina ap@sina
bain1259	ub@:her maNaraN g@d@:ti d@neg ka karik @wi	ub@xir maNraN gadEti dEnEk@k@rik@wi
bain1259	ahuppOnE alobohum	axupannEalObuxum
bain1259	awul guar guNgO:n mu:ts\ aN guhan annO:na	@wulu guuar guNgON muts\u guxan annOnam
bain1259	anO:nai aNga nu:nOm aNgag@:n@m	anunajNganunum@n@x@n@mm
bain1259	nah gibOsah J\ib@EhEr	nagEbOsaJ\ib@axEr
bain1259	anaNgu ud@:kur@t	anaNgud akrata
bain1259	mundum ad@:g@t	mundum @dEgata
bain1259	umul uJON m innahEn	umOl uJON minnahE
bain1259	JandOhO aNga d@r@m@N	JandOhO aNg@dirr@m@Ni
bain1259	a:ni jO ind@:ko	anEjOh indEku
bain1259	guron J\@nd@b@	gurOnJ\Ed@b
bain1259	h@d@:k gira:diminnE	xEti igiradiminE
bain1259	aNgu iJOnti bulE:minJ\a ita:ki	aNgu JOntibulEm inJ\atakE
bain1259	J\alihan giJONi id@n	J\alEhaNgiJON i idEn
bain1259	J\amba:l anEn aJ\i:mi	tambala anEnEJ\imi
bain1259	JimEni gurON an fa:lix	minibun Nafali
bain1259	ajEn di	aEndi
bain1259	aNgu fi ijegi	aNfijEgi
bain1259	ab@sin na baJ\id	ub@sina baJ\it
bain1259	ihaNguli anO:mON ana:kaN	EhaNg@lEanOxums@mEnaN ahuNaanaN dimaNannOmaNana:ta
bain1259	um ajEnEm	uNmajnE
bain1259	kObOr ahujOm ajEnEm g@gu umukuni ind@:ko	kObarahujOm ajEnEm g@gumukuni ind@kO
bain1259	bO unOh naNka	pOk unnOnaNka
bain1259	@ribEnN b@furEr buruka ani ijEnuxOnum @rikEnEm d@nEkEnEm dani @ts\irum	aribEn b@furEr burkajanin janxOnm alikEnEn d@nikEnEn d@nts\irum
bain1259	a bihan	abihan
bain1259	un@:rE:nEN butOsi bumbO:N buruk ubabaN butOs dE	nrEnimbudOsik mburkuba bam mburasunE
bain1259	alax hum naNka alamp	alaxunnaNxa alamb
bain1259	aNga ad@k @wu:li:n aNga arEn fEs	aNgad@k@bulir aNgarEnfEs
bain1259	umEhun na bunin bumbu	OmEhun abunimbumbun
bain1259	ad@:k aJONOt haJ\a:gal	ad@k aJuNOt haJ\a:gal
bain1259	J@ntina aNga J\ama:N ka udika:Nkanam	J@ntina aNgaJ\ama:Nkaudika:NkanO
bain1259	ijEnEm @b@nnE adeli	Enin xajEdini
bain1259	a gurudEh@nit ginOximinni a bunO:x@nit ginOximinni	uguru dExingin nOhEminmi apunnOx inigin nOh iminni
bain1259	@den nini an afits\um	alinnanaxits\u
bain1259	ad@k ajah bimbE:N a gumer bin afurumOnE ats\En guts\EnnE aNE:t	ad@kajabimbEN @gumErginEfurumOnE ats\ENguts\EnE aNEt
bain1259	ita:k ifunuti J\@ri:t	itak funutiJ\@dit
bain1259	g@gu fi uJ\axax ud@:k uxulu:t	gug ufjE uJ\axax udEkuxulut
bain1259	sints\in sinde	sErEsints\isindE
bain1259	J\@ndUg J\anJ\a tu atO:x@la	J\@nduguJ\aJ\atu atOxl
bain1259	a:ni baJ\id bamba	ni buJ\ibOmba
bain1259	an imErEN afut	animirENafut
bain1259	batO:t gara:dinE gatO:ti axa:n @ sijO	batOtugaladinEg atOti axanEsiju
bain1259	ka:ntraN na gufila	kantranaNgufila
bain1259	num jO	nOm ajO
bain1259	damamN @lOb alats\	damaN alubala:k
bain1259	maraxa bajifun	marxa bajifun
bain1259	alokuruxOm gufE:n aNga baJ\ax nE @d@:k tu	allukurx@mugufEnaNgabaJ\an@d@ktu
bain1259	and@:kuro a bunO:h	and@kur abOnO
bain1259	gudi:t guNgO:N amu difand	dONguditguNgON amu difand
bain1259	g@d@:ki amiJ na	g@d@ki amiJinan
bain1259	guruk mundum garOxi nini ajEna mundum arOxi dam arOx@nti:n bineg @b@g	gurkugarO munduNgarOx inEnE ajEna mundum arOx idam arOxuntin binE @b@b
bain1259	and@:k aNg@:nObim	and@k@Ng@nObju
bain1259	ifam@ni kOkO:N	kamuniikOkON
bain1259	aneJ\ ninni	@niJ\ininigk
bain1259	ad@:k atO:t@la J\ahu:n a burush@nit g@degahini kEN @ku:b@la kOpE:t	ad@katOt la:J\ahun aburusg@n ig@digijahinikEN @kubla kOpEt
bain1259	ad@ki bahan k@gini udikam umON ajEnEmnE abaJ\ulna bunin bugin ahan bugin ahan buJOhun ka baJ\ul	dOd@ikibahaNk@kinudikamONanEn abaJ\una bunin bbuginahan buNin ahan buJONkaabaJ\u
bain1259	gun @tiJ\	gun@tinJ\i
bain1259	b@J\id bamba aJON bEndEN	biJ\ibambax aJOm bEndE
bain1259	ad@k butika J\alihan a buJ\Of	@dEgutikaJ\alihanabuJ\Ox
bain1259	aNga baJ\ObOrON guguni ajEnO baJ\ObOrON	aNgabaJ\ObOrON b@gun ajEnE baJ\ObOrON
bain1259	kObOr awala	kObOra:lE
bain1259	@jin @jin @jin g@jini aNEj bihu:n	n J J g@jiJ aNEjbig
bain1259	an eko:N eko:N ninE:N	an EkON ikOninE
bain1259	ajEnEm aNgu JimEni ma:nO ats\E:ni	ajEnE maNuJimEni ma:nO ats\Eni
bain1259	umu loburON hOnJ\ gukEsE gugOnduk barE	umulOgurOhOn gukEsigugOnubari
bain1259	bum iJO:ts\umin J\axa:t	bumiJOts\umin J\ahat
bain1259	aNgu J\ara:x g@nd@:ti	aNguJ\arag@ndati
bain1259	ajEnO num	ajEnOnum
bain1259	umu buji:num	Omubujinum
bain1259	a xO:na @de:ni	axOnEk dini
bain1259	hOn alobEn ujeg	hunOl@bEnwEk
bain1259	a bihankEnE:n and@:k anden k@n aNkan buden	abihaNkEnin @nd@k@ndin k@n@N k@budin
bain1259	an @jiJa	EnEiJa
bain1259	guruk ajEnEm gulagEn guNgu k@biri na: bahan a baxOn baNa:n ubjEn a kOkO aNO:n	uruk ajEnEm gulagEN guNurbirinna bahana baxOmbaNa ubijE akOkOaNO
bain1259	itO:xuli ideni	tOxOlEx idini
bain1259	kuku kun uxantam bimbi bubabb	kukukunuxantambimbigubambu
bain1259	daxana gusOl	daxa:nagusOnnn
bain1259	inON gata:kah dilE:minJ\a barE middimin manta:kaEN ka dilE:minJ\a	inONgatakadlEmiJJ\abarE midimiman takajankatlEmiJJ\a
bain1259	ajEnOh burum @fun JOJ\End xEnEm	ajanOburum afun nuJOJ\EndixEnE
bain1259	ud@k ubO rEN ka budEp	udukubOrENkaburEp
bain1259	ud@:k@N ud@:k unO:hON aNg utuON	udakam udakOnnOhON anutON
bain1259	g@gu @sogi bugOf @Jo:p	gabras@gubuxabfaJOb
bain1259	gutibE:m ud@:k bi b@:b@m	gutibEm ud@k bib@b@m
bain1259	anjEnEm n ud@:g@ni	ajanENnud@g@ni
bain1259	du ts\a:m	buts\aN
bain1259	aNgu J\ats\Et J\EgEnEN ka J\ats\Et barum ajaxE:nEn hOtlit hOtlit	aNguats\E J\iginin kadats\Et barmajahinin xOlti xOltit
bain1259	gujeginE guhuj kabiana ub@:h@r immu	uEginEguhuikadjana ub@xirimu
bain1259	an ubab@lahi:n @gu JOrE:ndEk	andaguguban balahidEguJOrEnEk
bain1259	gajEj g@gu arununi bupO:m bupO:m bupO:m	gaE g@g@ aruni bupm buOm bupam
bain1259	ja:xaraNaN sa	jaharaNgansa
bain1259	mata ha ab@Nki na gamui anEgEN anEgEN ujegEN bujEnka ajEni ka:ri ats\i:ri	matawa @b@Nki nagamuhEnigiNEnigin NEginbEn kajEni karEts\iri
bain1259	inNkan J\amanN kanam utitEnN kunOhana:n	inkanJ\ama:Nkanam utits\EN kundOxana
bain1259	guli:x ajEnO ahah	gulixajanO a
bain1259	mata ha a baxOn galikai ani bamba:N gagunE	mata abaxOn@Ngalika anibambaNg@gunE
bain1259	minON gib@:t@ni J\amba:l bum an ad@:g@t	NinnONbEt@nEJ\ambalumanaNg@ EdEgat
bain1259	gum@r giti:mahnE	gumEgitimanE
bain1259	gU:g ija:kuruxO hobun	gulgijakuruxub@rbu
bain1259	J\ihudiEn aJON buts\iNkEnEm	afisaJ\ihudEN aJOmbuts\iJEnE
bain1259	J\@n aNan a buxut	jOgunaNNanabuxOt
bain1259	ajEnEN udigenk@nit iNguti g@:g@n guNuJ ka buja:s aJOndurOmin ahar d@J\@n @m@r gixantiminnE a iluxuNk@nit ix@:b@t@hmin id@:t@hmin	aEnEN udigEn k@nitiNgutiig@giN guN kabujas aJundurOm min ahadd@J\@J @m@gixant@minailufuN k@nit ix@but@min id@t@mi
bain1259	abO:lai ad@:k @tib J\alu ka muNkebai	a bOlad@k@ti J\aluka muNkEbaj
bain1259	min gilob@laimin aNg id@:kEhmin	miNgilubula:minaNgi dEk@min
bain1259	aNgu famijEN g@nd@:ti aJaxE:nEn na	aNgufamiENg@ndEt aJa:xEnna
bain1259	ab@tti buluf	abOtimulufu
bain1259	gumEhuni bubuni:n amu hOgini uts\Ots\hOrO hOJ\ibai	gumahEnibuguni amubugini ututOrukuJ\ibaj
bain1259	ud@:k uJONOt ufun b@b@ ka dinnE uden	udOkuJONOt ufun b@b@kadEnEh udEn
bain1259	min na	minda
bain1259	@d@n nini an afits\um	adininanafits\u
bain1259	amuxOrOxn huNanaN anakanN	amuxOrOx huNa:naNana:ka
bain1259	baxOn ahaNguli agu b@di:gen	baxuna:Ngli @gu b@diigEn
bain1259	aNg udika:m umO:N gats\ENgEti naNka:N uguni @gunE bud@:xa gufE:n	aNgudika:muaNgats\ENgitEnaNka:N gunagunEbudaxagufEn
bain1259	abaJ\ul buna:kin bahan bulalin bahan burEnin	abaJ\uguna:ki bahambulalimbahamburEni
bain1259	gE afant ani:tEm	giafant@ @nitEm
bain1259	aNg ansabOr bimbi ahup	aNgats\abOrubimbi ahup
bain1259	gurON guruk uruk baJONOt	gur@m buruk uruk baJONOt
bain1259	@d@k anegeN aNga anegeN	Od@kanigiJaNg@nigi
bain1259	gulob ura: dajeg	gunEburabEjk
bain1259	g@gu a burax	g@guamura
bain1259	amaN gumaN baJaN	amaNguman dasdans banJaN
bain1259	an iNguOni JimEni	aniNgOniJ\imEn
bain1259	amb@ti burE:Nk	amb@tiburENg
bain1259	ErusE adO:x aJo:p	Eruts\adOh@Juk
bain1259	jOn bufun xa J\@J\End@ J\anJ\anN	jOmbufunxEJ\EJ\EndiJ\anJ\a
bain1259	guta:kai alu:J\ xOlO	butakaj@ aluJ\uhOlO
bain1259	um ajEnEm ha:Jindi	@manEma hanindi
bain1259	giradi gulikina inO:h a gum@r	giradEgulEkinajinnOhagum@r
bain1259	aNgu um@r aJ\ugula	aNgum@r @J\uxula
bain1259	aNga @d@k	aNud@k
bain1259	kuwaxa ha J\ara:x innu	kuwaxaxaJ\araxiN
bain1259	na:N iNgunEna um@r g@futOhnE biNE:n	naN alEks iNgunEna mugifutunEriJE
bain1259	aJONOtu hOm@r aNka:n na	aJJONOtu humud aNkanna:
bain1259	ara: ad@:k awu:li:n aNE:t ad@:t afa:p halal	arajd@k@wulid aNt@dEtafap halal
bain1259	dOhO gira:dinE dE	dOhOg EradinEri
bain1259	kOkO:N ad@:ki bufa:p	kON@dEkibufapu
bain1259	dam g@fUti	idipidaN g@futi
bain1259	iJa:ni bum bum ana Ngu	iNanE aNgu bumanaNgu itin gusij@r
bain1259	anaNg@ iden	anaNg@ idEn
bain1259	mi:nu uguni ijaxahnEna	binOgu EjahannEna
bain1259	ad@:k ahO:kun ahO:kun bamal ahO:kun bamal ahO:kun bamal ahO:kun bamal	ad@k ahOkunahukunbam malaxuukubamalahukuba mahgutubumau
bain1259	g@d@ki gaJOts\utEm	g@d@ki xanJOts\utEm
bain1259	and@:ki aJa:x indika:maN ka mundum a budi:n	and@ki aJax indikamaNka mundum @budi
bain1259	J\ihudiEN anfurOt	J\ihudiNafurOt
bain1259	an anerun	anEnEuN
bain1259	bineg ab@gi mata: guJ\u:J ab@tti	a:bin@g@b@gimata guJ\uJ @b@ti
bain1259	bits\i:r gajEnux bukO:kaminO danO:x	bits\igEninE bukOkaminOdannO
bain1259	bits\i:r g@gutti	bits\ig@guti
bain1259	binahen da bun	binahind@buruu
bain1259	a:n	antigi @mkan
bain1259	ad@:ti udika:m aNan guna:nam a bulikinaum	adE@ti dikanaNandigunanam apulikinOm
bain1259	J\axa:th@nit @J\i:ba dE	J\axat@k@nis@J\ipadE
bain1259	ka:JindaN udihEl	kaJidaNudihaii
bain1259	a bulu:nk@nit	aguluN kEnit
bain1259	bum ilika:mam bim an imEx@nEt	bumilikamabimanimaxEnas
bain1259	jO:n d@ni wur umON @hubba:nE	jOn d@ni burmON@ hubba:nE
bain1259	a J\u:J amu	aJ\uJama
bain1259	ujEn um@r ad@:h@r@x	anOmur@g@n@ri
bain1259	biNen amu J\ahuJu:r	dONk biNEn amuJ\@huJur
bain1259	a fal f@gin alum baNamar	afalfugin alumbaNam
bain1259	min ijEnimin J\ifipp J\ifipp	minEniminJ\ifi J\ifip
bain1259	ad@:k galikini alikunkOrOx dilur dindE:N	ad@ gallikn allikuNkOr@dludindE
bain1259	asabOr bujENka min id@:timinni gu:b gumukuna ha wOl umO:N	asabOr bEnk minid@timinigugumukunaxawOlumu
bain1259	aJ\aN num ani asE:x aJ\aNnE	aJ\aN unumanasijax aJ\aN anEh
bain1259	J\ib@:xEr ajEn gupa:f	J\ibEsalaJ\ENgupaf
bain1259	jO:n g@dElirEt @J\uJ amu	jOaNg@dErrEsaJ\uJamO
bain1259	uNuntON baxa:ts\ b@bUf	uNutON baxa babuf
bain1259	ints\Ots\i unam	ints\Ots\Onam
bain1259	aNg ib@:ti	aNgibEti
bain1259	guli:x minO wOl d@d@:k aJON gum@Ng@:t guguni b@:b anO:hOx	gulix minO wOl d@dEk aJON gum@gaguni b@bannOx
bain1259	ajEn indine:nkEnEm um@r apaxi aNani a kO:nahanam	ainidinikinim umuapahi aNganiakOnahanam
bain1259	afunOkOrO nini	dONk afunnOkurO dEful@rinini
bain1259	mundum a siJ\il sisenduk ajEn indine:nkEnEm	munduNgasiJ\tisOnOkajEn indinENkinakJ\tJ\
bain1259	na aNgu na gigumin bumukulinam bum ad@:k apu:sun J\aha:t J\@di:nEm	na:Ngunagiuimbumukulina:mbOm alEksadEk aufunJ\ahat J\EdinEm
bain1259	mE imErEN anJ\in aNga JamandiN	mEmiriN m@JJ\in aNganJam mandiN
bain1259	afutti bimbi awu:l aha:saN	afutibimbi awul aha:sa
bain1259	nE um@r ajaxEnEnn akutOt banu gajax um@r gajax xOlO	nEnumONajaxEninE akutOt banu gajax gumONgajaxulO
bain1259	adElun amON ahuj b@J\id b@J\id afurOt	batEnunOmahujib@J\idibigidE furut
bain1259	burum anaNg ipu:sun an ix@:bumin bim a buneg	bumaNgipOsunani ix@ bumin bim @bunEk
bain1259	uJamOn dalob bagat gumandiN	uJamun dOlub bagat gumandiNn
bain1259	amu bariful	amubarEiful
bain1259	@nnob nini	@n@bunni
bain1259	g@tiJ\inE ad@k	g@ts\iniadOd a
bain1259	ij@diti ini:g kati kOxa:t iNkO:na	ijEditi rinjigi kati kuxatinkOna
bain1259	mundum anOxum ad@:k anO:h	undum anOhum rEk annOh
bain1259	g@gu amubim hOnJ\	g@gu amubim hOnJ\i
bain1259	ifunuti J\@ri:t	aintiJ\@ris
bain1259	kodi:nEn num	kurinEnnub
bain1259	udikakankanam @ts\iri @ts\iri	udikaNkan@mats\ir@ ats\irird
bain1259	g@gu ubuxem ajEnO id@:x@r@x iJ\uNa	gagu ubuxEm ajinOidExudiiJ\uNa
bain1259	aJONOt budegend	aJON ObudEgEnd
bain1259	ad@kid@k bahan k@gini ha awarEnOt abaJ\ul bubunin	ad@kid@ baNk@ginadEutabaJ\ubunin
bain1259	ni iguni iparEi maraha baJ\ax	niguni ifara marxabaJ\ax
bain1259	aNan a J\aha:t	aNanaJ\axat
bain1259	burum @nd@:k bumut	burumand@k bumut
bain1259	ankirikiri ninaNkEn bujE ha	aNkirkirinnaNkEmbEjxa
bain1259	ujE dindE:N difEr	wE dindEN difEr
bain1259	um an@r@m kEsE d@J\@n	umunEnEn kisEd@J\Ex
bain1259	guruk amu J\u:J aNga hOnJ\	gurkamuJ\uJaN gahOnits\
bain1259	barukOnOm daJ\on	barukunan diJ\O
bain1259	gimukunimin J\@ritaj iNEjmin a gubabO badOx	gimukunimimJ\@rita iNEminagubabObadO
bain1259	ajEna J\ixuxulEn	ajana J\@xuxulEn
bain1259	@d@k gawOha hE:	ad@k gaha a
bain1259	an b@J\id baNa:n	an biJ\ibaNga
bain1259	mundumON ajEnEm fi uNa:ri	munduN ajinafijuNari
bain1259	@g@ti mEtaraN ha:lax alumi baNan ka amu abO:ri	@g@timEtarahal alumi baNaNka amuabOrE
bain1259	budi:na ha sindi:n an @nd@:k @ndufOx a xOlON	budinaxisindinandEk@ndufux axOlON
bain1259	amu bariful	amu bariiful
bain1259	gabOsi guhubb barE barE	ndamOsi guhumubarbarE
bain1259	siJ\il sisEnduk barE gawulo	siJ\ifsunubarEgawul
bain1259	hOm ijEna baJ\ax nax baJ\ax ind@:ti	hOmijana baJ\ax na baJ\ax ind@til
bain1259	aNi:ru kOm@r	ahJirukOmbar
bain1259	J\@n @t@ddanE a:O	J\idEt@dani
bain1259	and@:t andenO na:N g@gu jiturO g@gu ujiti	d@s@ndEnin@hEnENg@gujitirO g@guiti
bain1259	mati na bahan bi ge b@d@:k	matinagahan@abilus marE gib@d@g
bain1259	ado:ri:nO ado:ri:nO agONgini h@m@r harEndEk	adurinu adurin aguNgin@ hamuharEnEki
bain1259	ana:pi rEk	anapirEk
bain1259	hola:t afurOt ara:dam butEpar aJ\ir aJ\ir	xOn atEfurut haradambutEpa J\J\J\J\i
bain1259	udigEnkEnEm @ts\iri	udigEnkanEmats\ir
bain1259	an uhaNul urux kubinbi	anu aNgulurukubindu
bain1259	ud@t@nkum aNgu guru:x	budEsiNkumaNgu burux
bain1259	bimbi ijEnOminnE barux d@J\on	nimbiEnOminEbarud@J\un
bain1259	anO:nini abOx	annOnini abOh
bain1259	gamaNi buna ka J\ara:x udihEl uma:n@ma:n	gamaNibunakaJ\ara urikE umanman
beja1238	it?agi:ra:d u:n	itagi:ra:d?u:n
beja1238	titakat jha:ksi:t	titakatjaksi:t
beja1238	u:jaf ha:S ata:	wijafha:S ata:b
beja1238	kila:jika dag_wag_wka:b ikati e:n	kla:jikadago:akwa:be:kate:b
beja1238	tin?ajti tho: inhasna	tina:jtitho:inhasna:
beja1238	a:n jhajawa:na	ajhajawa:na
beja1238	halakijo: laf:e:ti:t	thalkjo:lfe:ti
beja1238	tik_wse:ti:t whi: askinsi:n e:n	du:kse:ti:twhiaskinsi:ne:m
beja1238	are: ada:jit	are:ada:jit
beja1238	ha:j gab gabe:ti inin e:dn e:	hajgab ga:be:t ini:n e:de:
beja1238	o:t t?alba:tib d?eja	o:ttalba:tibd?a:
beja1238	lhajt hadi:	lajithadi
beja1238	e:n e:Siru:te:	in je:Sru:te:
beja1238	masir?ane:b baro:	masira:ne:b baro:t
beja1238	haj ?ejajt amsi	haje:d amsi
beja1238	t?a:rbi fidint ho:so: get:ihu:	tarbifidin tho:so:ge:tjo:b
beja1238	iki saro:jka	ikisa:ro:ika:
beja1238	titakat j?e:ti:t	te:takatie:ti:t
beja1238	baro: inf?a	baro:inf?a
beja1238	tara lu:ti dan:?ija	taralo:wte:danne:
beja1238	miski:n ake:ti:	miski:n ake:ti:
beja1238	handi whi e:ji:mho:b	handi:bhi:e:ji:mo:
beja1238	o:mhi:n til?it d?i:ti:	o:mhi:ntilidi:ti:
beja1238	akira:t firha:te: misisti:t	kra:tfira:te:misisti:t
beja1238	kad`awija:n e:n o:n	kadawja:ne:n ?o:n?
beja1238	a:lil ho: hirare:rja:n	ha:lilho:hirare:rja:n
beja1238	girba:b ikati	giriba:b e:ka:ti:
beja1238	?u:n an han	o:na:nhal
beja1238	dhe: lawj in o:tak	dhilawiin o:tak
beja1238	imhi:ni s?e:	imi:nis?e:
beja1238	t?aba:ti dhe: t?i:t teriw	ta?aba:te:d he:t?ittirib
beja1238	an a:laJ\e:ti:	an ?a:laje:tib
beja1238	bisira indi	bi:sire:ndi
beja1238	o:m mira:b ikati	?o:nme:ra:bikati:
beja1238	abu:ki dha:jka angadejatka	abu:ki:da:jkingadjatka
beja1238	jha: ha:lo:k	jha:ha:lo:k
beja1238	har?a be:ne:bka	harabe:ne:bka
beja1238	aw:ali: jhabjho:b	o:wale: habiho:b
beja1238	be:n o:ka:mwa	be:nwo:kamu:a
beja1238	m?a:na dija wali:kabuj	ma:nade:a:wale:ka:bi
beja1238	e:ja e:n	e:in
beja1238	firfir ?ori	harifdro:e:r
beja1238	whawa:dka i:firik	hawa:tki:fri:k
beja1238	su:ro: i:fi J\e:bi:b	su:ro:i:fiJ\e:bi:b
beja1238	tamteneja e:n	tamtine:r
beja1238	difna:t bara:kna bar:a:b hawa:na handije:k	difinat baraknabirra:bhawa:na:nde:k
beja1238	ja ira:ni	jaira:ni:
beja1238	indi e:n	kinde:n
beja1238	tak erheta tijob	take:rhe:ta:tijo:b
beja1238	adit whisi gaj:arant	aditu:he:se:gajjaran
beja1238	jas j?aSiSne:	jasiaSiSne:
beja1238	o:n o:mhi:n	o:no:mi:n
beja1238	o:n ib?aSi	o:nu:baSe:
beja1238	?abiktit tini:we:t	abikte:tiniwe:t
beja1238	o:tak bara: baja:	ho:tak bara:ba:ja:
beja1238	mhejt ?arit abari	mhajda:re:dabari:w
beja1238	gedho: tu:na tibahob	gidho:tu:natibahu:b
beja1238	da:ji:ti di:ti:t ont?a	ta:jitidi:tido:nt?
beja1238	iwalja:je:so:n ho:ka	giwilija:je:so:n ho:ka:
beja1238	ifagi:r ha:j baje:	ifagi:t ha:jbaje:
beja1238	b?ara:b i:kte:t to:n ikanthe:b	bara:bikte:to:nikante:
beja1238	itambi:l re:wta	ktambirre:wta:
beja1238	ka:m anis: akana:nho:	ka:manisakana:no:bba
beja1238	win:e:t jhalakaj e: wa:Si:b i:kti:ni ho: hi:	winne:tjja:laka:je:wa:Si:bi:kti:n ho:hi:
beja1238	i:fi hi:bi ge:b	i:fhi:bige:b
beja1238	Si:Sik i:sanho:k	Si:Sigisa:nho:k
beja1238	o:n o:da:ti	?o:n ?o:da:ti: bas
beja1238	tiJ\ana:jinte: tifir?at	te:J\ana:jnte:tifirattt
beja1238	ot:?a dha:j j?e:ti:	o:tadhaje:ti
beja1238	uk_wan i:ba:has:awu:k	o:kwa:ne:ba:hasao:g
beja1238	ibhali so:jiho:b	ibhaliswo:ji:ho:m
beja1238	bara:m bara:m de: ?e:tio	barambaramde:e:te:
beja1238	be:n u:ta?	nbe:nwo:ta
beja1238	?an j?aNg_wil bak da:ja	naj?angu:l bagda:ja:
beja1238	na:t ho: agam	na:to: agam a
beja1238	t`a:t`u:ne: ho:j tidag_wi:g_wa:t	tatu:niho:jtidagi:gat
beja1238	um:ad jha: hum:adi	madija:mmadi
beja1238	?e:st?e: e:n	de:ste:n
beja1238	firfir ?o:r i:dne:t tag i:f e:n	farfiro:irine:tagi:fe:
beja1238	ho:j da:n da:j ka:kan	ho:jda:nda:jka:kan
beja1238	o:da:r o:n ga:l bento:j nid?i	bo:da:ro:ngalbe:nto:jnida
beja1238	Sa:wik imeriwheb	Sa:wk miro:b
beja1238	dha:j na:ji ti:	dajnahjti:
beja1238	e:n ibaba:je:	e:nibaba:je:
beja1238	imi:maSa:j darib	mi:maSa:jdare:b
beja1238	aba: atard	haba:atard
beja1238	hehe:b ajiho:kho:	he:he:b ajo:khu:bb
beja1238	Sa:b:i:ti Sibibi ti:jo:b	SabbitiSibibitjo:b
beja1238	ont?a ishirwo:kna mhi:n	o:ntajsrwo:knamhi:n
beja1238	hum:adi ba:g_w?a	madiba:gwa
beja1238	j?awe:j ?awe:b Saw:i:	ja:we:awe:bSawwi:t
beja1238	dhe: hadi:da indija:t	de:hadi:daandat
beja1238	hinin kak sakinane:b	hininkaksakna:ne:b
beja1238	to:gd`?a had:a:jto: tikatit: o:	tu:kdahdajto:tikate:po:
beja1238	handib re:wa:bujt	handi:bire:wa:bi:d
beja1238	handije: kat?ijaj	nhandje:hkate:h
beja1238	tu:t titakat k_winhe:ti:t	to:titakatkwe:nhe:titi
beja1238	iSi:Sik fara:b akatije:	iSi:Sik fara:b aktjo:
beja1238	d`?amd`?amo:je:b ni:d hawa	do:md?mo:jimni:dhawa
beja1238	akir aja J\harwa:	kir ajaJ\arwa
beja1238	dha:j j?anho:b	hajano:
beja1238	ignu:fida dasja:nit	igno:fi:dada:sija:ne:th
beja1238	bak t?i:te:na:ti	bakt ite:na:ti:
beja1238	to:t to:na	to:to:wana
beja1238	iba:ba:j ba:ba:j	iba:bajba:baj
beja1238	ga:t mi:ta:t	gatmi:tat
beja1238	gi:gi ka:dinde	gi:ge:ka:d
beja1238	hawa:je:wa rhan ind en	hawa:je:wa:rhan inde:
beja1238	o:dhe:j da:je:b a:mali:n ako:	o:de:jda:jiba:male:n ako:
beja1238	isab:i w?idha:j ?abaje:b	isabbinwidha:abajibaab
beja1238	n?al:a ika:mi me:s	nale:ka:mime:s
beja1238	?an ama:na:te:k rha:b ka:k endob	danamanate:krhabka:ki
beja1238	o:su:g be:ti:t na:the:ka ahe:ti:t	ho:su:gbe:tid na:te:ka:jhe:ti:t
beja1238	iragad t`iw endihob	ragittiwno:b
beja1238	ja ira:na u:n u:tak o:n o:ka:m	ja:ira:nau:nu:tago:n o:ka:m
beja1238	di:ti:t lawe:na	di:titlawe:na:
beja1238	digi:ti ti:Sib:e:k	digi:titi:Sbe:k
beja1238	ige:s a:Su:k ho:j itfar?in e:n	ige:s a:Su:kho:jtfarinin
beja1238	gi:ga tindiho:b	gi:gatno:bb
beja1238	baja:no:k rhisa:nho:n e:dnho:k	ba:ja:no:k rhisa:nho:n e:dnho:
beja1238	o:mhi:n winhaje:b	o:mhi:nwinha:jb
beja1238	kaste: tigid`?a fa:jse:n	kaste:tigda:fa:jse:n
beja1238	tami ti:dit	tamiti:dit
beja1238	to:t tiJ\o:hara:j da:se:ti:tka	to:ttijo:hara:jida:se:ti:tka
beja1238	Seb sana aha:bu	Se:bsa:n aha:bo:
beja1238	tifir?ije:b o:do:r	tifire:bo:do:r
beja1238	sik:a:j j?aSiSn e:n	isikaj a:SiSini
beja1238	na:t ho: e:dgi:m nu:n	na:tho:idigimno:
beja1238	tik_wnije:k ge:bo:n tik_wi:n	tikine:ge:bo:n tikwi:n
beja1238	tu:tji t?asarama girmaj tisa:nho:	to:te:tasaramagrima:jittisahano:b
beja1238	faJ\il ont?a j?i:ho:b	ba:J\ilo:ntajo:b
beja1238	isin ?e:	isinnarr
beja1238	sal:o:ma: ont?a	salo:ma:ho:nta
beja1238	u:ra:w aja:b akaje san:i:	u:ra:baja:bakaje:sanni:
beja1238	?ane:b te:far tinit	kane:bte:frte:nit
beja1238	tint`?i inde	dinke:inde:
beja1238	mhaj ini:who:b ont?a	mha:jni:who:banta
beja1238	baru: g_w?e:ti:t indif e:n	baru:ge:ti:dindi:fre:
beja1238	mag_wal firki:t	magwal firki:t
beja1238	u:tak w?e:grim whalako: ho:j he:ti:t	u:taku:e:gru:mhalako:ho:jhe:ti:d
beja1238	o:t tho:j tifa:jdi so:jhe:b bid:ije:?	o:ttho:jte:fa:jdiso:hib bidde:k
beja1238	we:r bajib iw	we:rba:ji:bi:w
beja1238	ta:m?a j?e:n e:n	ta:maj?e:ne:n
beja1238	tak aki ini	taga:kin
beja1238	tu:n ga:t rhi:ni e:n	tu:ngatirhi:ne:
beja1238	te:t tigdhi sij:ase:ti:t hoj tim:ir:ije:nak	te:rtigdhisija:si:tho:jtmare:nak
beja1238	hadri ?e:n	hadari:e:n
beja1238	ib?aSoji aharid ini	ib?aSo:aharidine:
beja1238	han na:t ki:kan	bana:tki:kan
beja1238	?o:t we:?	o:twe:t
beja1238	o:da:r o:ra:w	o:da:r o:rawa
beja1238	sake: sake: sake: sake: sake:	sake:sake:sake:tsake:sako:
beja1238	d`a:b ?e:ti:	da:be:ti
beja1238	ing_w?i:d e:n	angi:dang
beja1238	ge:b get:i d?i:	ge:b gittidi
beja1238	j?i:je:b o:do:r	i:je:bo:do:t
beja1238	tu:tji t?asarama girma:j tisine:k	tu:ti:t?asaramagirma:hitisnik
beja1238	isiJ\ni tifir?ahe:baj	rsigni:ttifira:he:baj
beja1238	ha:j ibi:ne:bka w?a:s	ha:ibi:ne:b ka?wast
beja1238	dha:j g_wamb e:	dhajgwambe:
beja1238	t?aba tik_wane:b o:do:r	tabatikwane:bo:du:r
beja1238	dha:j j?e:ti:t	mala:igdhaje:ti:tt
beja1238	had?a:tid ejajt on ane	had?a:te:de:jadu:nane:tttd
beja1238	mhalo:t jin e:ja:ne do:r	nhalo:ti:n e:a:ne:do:r
beja1238	te:gam e:n	naate:game:n
beja1238	tambi:l re:we:ti:t	tambire:wti:t
beja1238	had?a:b han t?a nimar kindej	kad?a:b hant?anima:rkinda
beja1238	malja j?agir ha:j e:ja:nho:b	miljaja:girha:e:ja:nho:
beja1238	dha:jid hadidtije:?	dhajd hadi:ti:je:k
beja1238	ho:j imb?irho:b	ho:mbi:ra:n
beja1238	g_w?i:ni e:n	ge:nan
beja1238	su:ri: han tama:bu	su:rihanta:ma:bu:
beja1238	da:je:b niSibibej	da:rni:Sbibe:
beja1238	tu:n?a:j ti?i:birije:d o:Sba:	Stu:na:jti:bre:do:Sbha:h
beja1238	o:N whata:jo: farisjanho:b	o:nhata:jo:farisja:nho:b
beja1238	had?ab e:ne:?	hada:binhimb
beja1238	k_wambi:sho:n nu:n	kwambi:s ho:nu:n
beja1238	thami tatawe:ti:	tha:me:tatawe:ti
beja1238	bilbil amfirameja: i:biri:d	bilbil amfira:me:haibri:d
beja1238	o:n whar:i ibSak_w	u:nharbSak
beja1238	u:me:k ki:sine:b	u:me:kki:sne:b
beja1238	gide:ma rhe:nane:b	gide:mhare:nane:b
beja1238	u:n u:tag isam:e	u:nu:tag isimme:?
beja1238	tim?ari:thena tibSak_wiho:b	timari:thinatibSo:kwi:ho:b
beja1238	whi: ika:mo: saksi:ni	wihi:ika:mo:saksi:ne:
beja1238	jhakisija:jt to:na hawa:j	ihakisja:j to:n hawa:j
beja1238	ane:b amu:l fa:dib hi:nhe:b nd	namane:bamu:l fa:di:bhi:n he:bino:
beja1238	whawa:tka rezgo: jheru:na	fa:wa:tkarizgo:jhirihu:na:
beja1238	o:ka:m niSab:e:t are:nej	ho:kamniSibbe:d are:naj
beja1238	inin e:n bes:	na:tki:ni:n imbas
beja1238	u:n u:jha:m	u:no:Sa:m
beja1238	?ibhali ji?indihe:b	ibhalije:nde:b
beja1238	farja:j afir?a ini	farja:bfirainn
beja1238	al:a: s?akira: are: akira tag ikatjho:b	ala:s akira?are: akiratthagigitjwo:
beja1238	takika ad`amika:b akaje: nafse rhi:	taki:kadame:ka:b akanifse:ri:ji
beja1238	iragad wihar?ina:ji:	e:ragad we:har i:na:j
beja1238	ge: o:tak hoN w?afiro: nikte:na	ge:o:takha?afiro:nikte:nabb
beja1238	Saw:e: nu:n na:t rhiti:t kitha:j	Sawe:nu:nna:trhiti:tkitha:
beja1238	Sihat firika tinde	Siatfe:re:katn
beja1238	hire:rji e:n	hire:ri:?e:h
beja1238	wal: e:t:an ?a:je: na:t kat?e:ti:t	wal?e:n ita?na:e:na:tka:t?e:hti:t
beja1238	o:n ane:b	bo:na:nibb
beja1238	ta:kjas sagi mhi:n d`iba:ta	ta:kijasa:gimhinde:ba:ta:
beja1238	su:r ge:	su:rge:
beja1238	me:so:n ho: ahi:t	mi:so:no:ahe:jr
beja1238	j?e:nho:g ejadnho:ka	je:nho:ge:dnho:ka
beja1238	jam g_w?asho:k ka:dej	jangu:a:so:ka:de:
beja1238	dilu:li bo:j dhe: lawj in	du:lo:libo:jithe:lawiin
beja1238	bak d`ibi:ni	bagidi:bi:ni
beja1238	u:do:r ge: S?i	u:do:rge:jiSje:
beja1238	e:n ikaraje:?	inikarajb
beja1238	da:jeb a:n igale:lana hasamja:noho:b	da:jiban igalilan hasimja:no:ho:
beja1238	o:n w?isla:mi	awo:nwisila:me:
beja1238	gibit:i d?i:ti:t	ge:bitti:di:tit
beja1238	iba:ba:j takat sanko:jit to:nde:tu:jt	iba:batakasu:nku:jto:nde:tu:jt
beja1238	u:dhe:j kas:a: iktin:i ka:mujt	u:dhe:jkasa:iktinnika:mwi:t
beja1238	baru: han dho: dan:?e	ba:ru:handho:danjaa:
beja1238	merbe:twa nu:n	mirbe:t wanu:n
beja1238	girab j?e:ti:t na:jine	girabi?e:ti:t najnik
beja1238	ho:se bitimhie:k	ho:sibitimhe:k
beja1238	o:t to:n?a:j	o:to:na:j
beja1238	o:n w?a:So:jo:ka	o:na:So:ka
beja1238	?u:n ikara umbaru:	?u:ne:kara:u:mbaru:
beja1238	be:n u:ra eraj daba:j e:few	be:n o:re:ra:jdaba:e:fe:b
beja1238	ra:jhe: gidhi: i:fi ra:jha	bira:jhigidhii:fira:jha
beja1238	?whe:le: tind e:n	whe:litindinn
beja1238	baro:k su:r	baro:ksu:r
beja1238	jam g_w?asa i:d	janga asa:?i:t
beja1238	mhejt kam ha:j d?abije:ti:t	maitkamhajdabi:je:ti:t
beja1238	j?aSaj idari hasamiho:b	ja:Sajida:ri: hasame:b
beja1238	u:mha mhija:nho:b	u:m hamhja:nho:
beja1238	e:tni:tu:k na thaje:g umbatu:	e:tni:tu:knathaje:go:mbatu:
beja1238	to:kna ge: bes: ge:	tu:knage:basge:
beja1238	jhare e:n	ihare:ne:n
beja1238	j?i:n e:n	jine:n
beja1238	titakat:i:b id:ag_wi:g_we:bka	titakati:bi dagwi:ge:bkat
beja1238	o:t to:Sa	o:tto:Sa
beja1238	o:n whi:wa	o:nhi:wabb
beja1238	bara: tidangar d?i:ti:t	bara:tidangard i:ti:tit
beja1238	e:ja:ne mhi:ni binka:n ?ar	e:ja:nimhi:ni:binka:n ar
beja1238	iso:kib mirit iribho:b	iso:kime:ri:dirbo:b
beja1238	tak handib re:wa	ta:khandi:bre:wa:
beja1238	lalo:b fir?e:	lalo:fi:r?e:r
beja1238	bak mhawaj	bakmhawaj
beja1238	aja J\hariwa:	ajaJ\hariwa:
beja1238	whawa:d j?i:ho:b	hawa:di:ho:
beja1238	ka:mo:k rha:b ka:k in	ka:mo:krhab ka:kin
beja1238	o:do:r kas:iniho:b	o:do:rnaatkasilo:rb
beja1238	tindi e:n	kinde:h
beja1238	ja ira:na u:n u:tak	ja:ira:nao:no:tak
beja1238	iSibibi di:?	iSbi:bdi:d
beja1238	kub:he:ri:t ti:fi:	ku:bhe:riti:fi:
beja1238	hire:re: j?e:ti:?	hire:re:je:jti:t
beja1238	mhasi jhandije:	ha:sihande:wh
beja1238	o:n ane	o:na:ne:b
beja1238	da:jikajo:kn i:kte:t to:na	da:jka:wo:kini:kte:t to:na
beja1238	e:jam e:rawe:d endi:f	e:jame:rawe:d indi:f
beja1238	n?a:jt his	na:jtisb
beja1238	do:r jhe:t han o:do:r o:ra:w	do:rhe:tan o:do:ro:raw
beja1238	e:n jhad`i u:n u:tak	ajha:du:n u:ntak
beja1238	ha:S dho:k d?i:ti:tho:g	ka:S do:gdi:ti:to:
beja1238	whi:wajid s?a:ti:t	giwa:je:das atitt
beja1238	w?it:ifa:g kata:b da:ji:je:k na	u:ittiba:kata:bda:jje:kne:
beja1238	sagi mhi:na:n ha:j e:bin e:	sagimhe:na:nha:je:bi:ne:
beja1238	to:nati dha: iSa:b ikatine:	to:natidha:iSa:bikati:ne:
beja1238	iSa:r?i:b isinho:?	iSa:ri:bisi:nho:
beja1238	ja ira:nej a:n hinin	jara:naanhi
beja1238	ha:j j?i:ni	thaji:ni
beja1238	bak t?i:te:t kana:nw:a	bakti:te:tka:na:wwa
beja1238	ho:n jhaksa	ho:jhaksa:
beja1238	w?imir o:n ba:d`na:b akajwa amri	ime:ro:nba:dna:bakajwo:amiri:
beja1238	bak ?abkan tijohob	agabka:ntijo:hb
beja1238	tu:tji teja:ja	tu:ti:h te:a:ja
beja1238	?iSi end e:	iS?indi
beja1238	iSanha miSi est?iho:b	iSa:namiS e:sto:b
beja1238	are: ni:dire:k	are: ne:dire:k
beja1238	e:ga ho:j itfar?i e:n	e:gho:itbare:nd
beja1238	bes: ho:j o:Sa:bu	baso:o:Sa:bu:
beja1238	ibaji tami he:lej	ibajita:mhe:lajir
beja1238	ikte:ni bi:rhaje:t: o:n	ikte:nibi:rhaje:tthu:n
beja1238	kinki e:dna e:n	kinke:dne:na
beja1238	o:n whu:di g_wa:b akitimho:b	o:nhu:diga:b aktmho:
beja1238	d?arti fir?ati:t ha:j gi:gi:n e:	dartife:rati:the:jgi:gi:ne:n
beja1238	hm:ad hm:ad	madimad
beja1238	hande: raji:ma:b tikatije:k	tinde:r ajima:btiktje:k
beja1238	iSti gi:ge:n	Stigi:ge:n
beja1238	ibitke:t Sitat:i:	e:bitke:htSe:tati:
beja1238	i:ba:be: ha:Sib	iba:be:ha:Si:be:?gama
beja1238	gi:gn nija:d idin e:n a:nd	gi:gnne:jadidi:ne:na:nd
beja1238	?o:twa la:l?ank_wo:wa ha:j gi:gi:n e:n	o:twa:la:lo:nko:bhajgi:gi:ne:
beja1238	whalak ho: ahe:ti:	halako:ahe:ti:
beja1238	sij:a:do:ki:b id`e:f ink_wi:lho:	sija:do:ki:bide:f inkwi:lho:
beja1238	w?amu:l e:wne:b o:do:r	amu:le:wu:ne:bo:do:r
beja1238	malja mu:naj ge:b g_w?a: ndi e:n	maliamo:na:jge:bga:inde:n
beja1238	u:n u:ka:m	u:no:ka:m
beja1238	o:n ijam g_w?aste:n han	o:njamgaste:nhan
beja1238	to:fi gidhi:sej mhal:e j?aje: ha:j j?e:ti:t	to:figi:dhi:se:jmhalle:jaje:haje:ti:t
beja1238	igirSa su:r	igirSa:su:r
beja1238	u:n ibis:a	wanibisa
beja1238	hagitnhe:b te:n	iha:git ne:btin
beja1238	ajaj tak abari init	ajajtak abar?ini:t
beja1238	t?alba:tib d?ija:to:ktu	talba:tibde:a:to:kto:n
beja1238	bara: jhak dha:j di:ti:t	bara:hagdhajdi:t
beja1238	?asti fare:ti:t	aste:fare:ti:t
beja1238	ismaje: ambi:g e:n	disma:ji ambi:gi
beja1238	sakana:je o:nu:r ni:de	sakana:j o:nu:r ni:di
beja1238	are: t?a ont?abit to:na tithi:jat to:kna gama:bujt are:ka	are:ta:o:n ta:bi:tto:natithi:je:t to:knaga:ma:wid?are:bka:
beja1238	la:kin o:n whandi ombarijo:	la:kino:hand?o:mbarijo:
beja1238	umbaru: akra:b nif?i: bare:hida kira:b	mbaru: akra:m ne:fiihbare:dakra:b
beja1238	se:dna mham:ad ta:hi:r	se:nnimata:rh
beja1238	im?agej ti:fi	ima?age:jti:fi:
beja1238	de:m sawa:kne:b	de:msawa:kne:b
beja1238	endi e:n	indi
beja1238	bara: gabe:te:b i:finajd	bara:gabe:te:bi:fino:jdi
beja1238	ama:ro:n ba:k_wa:sa	ama:ro:nba:kwa:za
beja1238	d`a:be ho: id:ag_wi:g_w	da:biho: ndagig
beja1238	n?e:tha:S mad`amto:nt hok	ne:htaSmarimto:ntho:k
beja1238	mhejt m?a Su:me:n	mhe:jtma:Shu:me:t
beja1238	ibi:bi ho:j e:d?a:nho:b	ibi:bho:e:danho:
beja1238	dirarti b?e:ne:b o:do:r	dirartib e:ne:bo:do:r
beja1238	sagi mhi:n	sa:kimhi:n
beja1238	bak t?i:te:t i:ba:b	baktite:d i:ba:b
beja1238	?a:wi:d akaj are:	a:wi:dakajare:
beja1238	hoj tim:ir:ija	hijtimar
beja1238	ibhalije: iktin	balije:jikti:n
beja1238	u:n u:ja:s	u:n u:jahas
beja1238	a:jas j?aSiSnu:k Si:Sik fife a:j	e:a:s e:Snu:ksisakfe:fe:a:j
beja1238	bes: id`e:fa as:a:ja	baside:f ?asa:ja:
beja1238	kinamdad?ar Sa:wi	kin amdada:rSa:w
beja1238	ho:g g_wirjamja:n	ho:kgirija:mja:
beja1238	da:jeb dhe: wase:ja ti:di e:n	da:bdihwasija:hti:da
beja1238	halo: ba:g_wab ara:SaSid	alo:ba:gwab ara:SaSit
beja1238	kamte:b jhaki	kamte:bihakimbb
beja1238	ra:b ad`a:mina:jd i:j?a	kira:b adami:najdij?a
beja1238	fa:tnaji dha:j samfawa	fa:tnajidhajsamfawwa
beja1238	tanho:ri khi: gad:i:	talho:rikihigatit
beja1238	hum:ad hum:ad hum:ad	ma:dmal mad
beja1238	abadan gi:gin nija:d indiho:b	a:badangi:ginnjade:no:
beja1238	saka:b iktije:t kitha:j	saka:b ikte:t kitaw
beja1238	ont?a je:girba	o:ntaje:girba
beja1238	ama:ro:n ba:k_wa:sa	hu:ma:ro:m ba:kwa:dfad
beja1238	kara:j imiktije:d igin?i fara:j	kara:ime:kte:digine:fara:ji
beja1238	whawa:d da:j: ?i:ni	whawada:jine:
beja1238	ot:?a asd?irne:	o:taasdirne:
beja1238	u:n ane	wo:nane:
beja1238	be:n j?aw baji	be:j?awo:baji:t
beja1238	u:?a:s ida:r i:de:t to:na tikanej	awa:s ida:ri:de:tto:natkangg
beja1238	we:r balat kiha:jn i:bi:ni	we:rhbalatke:hwa:njbi:ni
beja1238	o:n iwara we:ri	o:nu:wa:rawe:rim
beja1238	lhajt are: gi:gtije:b o:do:r	tle:jdare:gi:ktije:bo:du:r
beja1238	a:n hinin	anhini:
beja1238	ka:mto: ?o:n kasala:j dilibti:t	ka:mto:o:n kasala:jdilibti:t
beja1238	bak tisu:ra be:ti:t	iwaktisu:rabe:tid
beja1238	mhejbajt hinin	mhajba:jkhine:n
beja1238	w?a:S ha:j m?aja	wa:Sha:nma:jan
beja1238	fa:tna win:et dawri:te:h	fatnawo:niidawri:tih
beja1238	to:si nhi:	to:sinhi:
beja1238	bak t?i:te:na hadran ini	bakti:te:n hadira:nini
beja1238	li:li:b ho:j atma: Sambi:b	li:li:bho:atma:hSambi:
beja1238	u:n a:kna:ju:k waz?a	o:no:kna:ko:z?aw
beja1238	warid gid`?a ahe:ti:t	waridgida:he:ti:d
beja1238	ane to: e:fi ho:k indiho:b	ane:to:e:fo:gna
beja1238	jhad`iw:a gu:gamta e:dnho:b jhad`i	ajhadiwagu:gimta:jinwjade:r
beja1238	o:ma:lwa t?arebea:jw hagil	o:ma:lwat?arabe:ajwhagil
beja1238	al:a jhe:b	la:he:b
beja1238	wha:Sida tik_wjanho:b	u:ha:Si:datu:kja:nho:
beja1238	ing_wisirn ak_wo:	ngise:rna:ko:
beja1238	askin e:n e:n	askine:ne:
beja1238	dha:j hal:alafo:jiho:b	da:halalafo:ji:hu:b
beja1238	tiJ\anta:j a:n hin:	tija:nta:janhin
beja1238	bak t?i:ti	bakt i:ti?
beja1238	wiwhi mera:b iktijeb rhisihob	wihi:me:ra:bikte:birhisjo:b
beja1238	j?ar itkit?ana aw:ali: taktak	ja:ritke:tana:wali:taktak
beja1238	whela:lo: hikse:ti:	we:la:lo:he:kse:ti:
beja1238	an tij?a ahit	a:ntija:hit
beja1238	mhalo:t m?a d?ira:be	malu:t mad?e:ra:be:
beja1238	t?a i:tik_wik_we:b o:do:r	taji:tu:kwe:bo:do:r
beja1238	bikaka:m ho:j manhe	be:kaka:mo:jmane:b
beja1238	whawa:di be:rsi:ho:n e:dnho:b	wawa:dibe:rsijo:ne:dno:b
beja1238	mas:ali:n do:r o:dh	masali:n do:r?o:daa
beja1238	mhaja do:r ingi:de:b o:do:r	mhajado:ringi:de:bo:do:r
beja1238	e:lil ho:j fir?ati:?	e:le:l ho:jfe:r?ati:it
beja1238	e:n S?ija:t takat aka:je:	te:nSi?attakadake:
beja1238	o:t titakat	no:tte:taka?ti
beja1238	tu:n?e da:ro:ji di:wa	tu:n e:da:ro:jidi:wa
beja1238	d`a:be: d`a:be: d`a:be:	da:birabe:rabe:r
beja1238	whiJ\ e:bija:t	hwe:jJ\iibja:
beja1238	abiSir ne:ni:t	abe:Sirne:nit
beja1238	tendiho:b iragad	tino:biragik
beja1238	j?e:nho:k nija:daj hagita e:jdna e:n	e:no:knaja:dahagit e:dne:n
beja1238	mhat ahi:t u:wa:s endiho:b	mihatahi:d wa:s indo:b
beja1238	Si:Sik ifif je: ?e:	Si:Sigiife:?e:
beja1238	who: ?i:fije:b	ho:i:fje:bii
beja1238	?o:t tikirifej	o:ttikirifaj
beja1238	u:n u:tak	u:n u:tak
beja1238	bikak e:n j?adme: e:dnho:b	bikak e:nadme:e:dnho:
beja1238	S?ija dama:ni:b	Si?adama:ni:b
beja1238	bu:nhiwa wilfa:hiwa na:to: ahe:ti:t	bu:nhiwawilfa:hiwana:to:?ahe:ti:t
beja1238	g_web b?ad`ad` ise:n ham:ad ham:ad	gu:we:bda:rsanmatmat
beja1238	mhasi bi:le:jeb id?i	mha:sibi:le:bidiss
beja1238	simhej tamu:n had`i	smhi:ta:mu:nhade:
beja1238	o:mha hadi:d di:no:tni	o:mhahadidi:no:tni:
beja1238	end?ir e:n	andi:ri
beja1238	o:n imhaja finJ\an ini:wh	u:n mhajafinJ\a:n ini:wo:
beja1238	ha:j gi:ga j?are:k	hajgi:ga:jare:g
beja1238	ga:l ho: e:tniwne:?	ga:lho:itniu:ne:k
beja1238	to:na nu:n	tu:wananu:n
beja1238	to:gd`?a nu:name:tito	to:kdalu:nambitido:
beja1238	kak sakna andio:b	kaksakna:ndo:b
beja1238	?ija:j bajib	ijajbaj
beja1238	ake:du:lib idni tak i:fejt	ake:du:libidne:tagi:fe:jt
beja1238	ha:j j?ija:d imalik iniw?	thajjja:dima:liginiwu:m
beja1238	da:ji:ti e:ni:t	nda:jte:nit
beja1238	ja ira:ni	hjaira:ni
beja1238	ja ira:na u:nane	ija:ira:nau:na:ne:
beja1238	ont?a u:tak	o:ntabu:tak
beja1238	tak i:fi e:n	tagi:fin
beja1238	hum:ad batu: mirat kat:i	hamadbatu:me:ra:tkatti
beja1238	ini:waka hale:lja:t u:tak	tini:wakhale:li:ho:bu:tak
beja1238	ibi:lej mali ont?a	ibi:lajmalio:nta
beja1238	barijo:k ara:w i:ktendende	barjo:kara:wittndinde:
beja1238	rhan idi	rha:nid
beja1238	sanko:ji dha:j itako:	sinku:i:da e:taku:
beja1238	o:n igilma	o:n igilma
beja1238	t?art aniwe:t hehe:b	tartaniwe:the:he:b
beja1238	isal:o:ma: ho:gta de: ?ama:siw	isalo:ma:ho:ktade: ama:sa
beja1238	tak i:fejd	ta:gi:fe:jd
beja1238	?u:n w?ada:n da:jije:b o:do:r	u:nwa:dan da:jje:bo:do:r
beja1238	o:da:r Su:mtije:b	o:darSimte:b
beja1238	u:n u:tak	u:nu:tak
beja1238	ilaki haSi:	lakhaSi:
beja1238	tu:bu:r han g_wida:tu:jt	tu:bu:rhangwe:da:tit
beja1238	do:ra:j Saga:manho:b	do:ra:jSaga:manho:b
beja1238	o:n iwara:wo: we:re:	o:niwara:o:we:re:bb
beja1238	win:e:t d`a:ba:b	u:ne:tda:ba:bo:
beja1238	rha: n ini	rrhaa:nin
beja1238	maJ\lis dha:j id?ana:t	me:gile:sidha:e:d ana:te:i
beja1238	baru: ont?a jhakit	mbaru:o:ntajhaki:t
beja1238	fagar a: ndaw:a	fa:garandawa
beja1238	ji?o:biri na:jib	jo:?o:biri:na:jb
beja1238	an o:bsir o:raw ka:kane	an o:bsiro:rawka:kan
beja1238	hum:ad hum:ad	mad mad
beja1238	amsi end`iwa kas:a:	imsandiwakasah
beja1238	?hi: j?an ini	hi:ja:n?e:
beja1238	w?ang_wi:l n?ati abki:t isine:kir e:n	wangilnhat abki:d isne:ki:re:
beja1238	gami:si: dasa: adan:?e	gami:se:dasaadanne:
beja1238	gab:alamni kind e:n	gabbalamne:kinde:nnn
beja1238	w?ad`mu:m tiS?itji had:o:n j?i:n	wadmu:mtiSi:ti: hado:ne:n
beja1238	tigali imirnho:b	tigal imi:r nho:ggg
beja1238	hamla:b akatije:k ka:mu	hamla:b akate:ka:mwa
beja1238	?asti ingadiho:b	istingadjo:r
beja1238	o:bu:n g_w?i:ho:b Sambi:b	wo:bu:ngi:ho:bSambi:b
beja1238	w?aj:i:so:k e:ja:j bid:ije:k	wajso:ga:jbide:k
beja1238	fa:tna bu:bt ako:	fatnabu:btako:
beja1238	k_wa:t ?arit i:biri e:n	kwa:dare:dibre:h
beja1238	be:ti:t man hijhe:b	be:ti:tma:nhihe:bo:mja:d
beja1238	na:gage: rhi:ho:b	na:gage:ri:jo:b
beja1238	i:ja: tendea	i:jattinda:
beja1238	anew ahamadwa	ane:wahamadwa:
beja1238	g_w?ade: g_w?ade: g_w?ade:	wa:de:kwa:de:kwade:
beja1238	nikti:n en	ni:kti:nant
beja1238	indi e:n	inde:
beja1238	tamna fad`ig di:sin	timnafadigdisind
beja1238	tu:nd aja:tu:jt	tu:nd aja:ltit
beja1238	t?a hire:re:	tahire:re:
beja1238	fidin ho:si s?a	fide:nho:s isa:
beja1238	wali:kanho:kna indi e:n	a:ha:nwali:ka:nho:kna:din
beja1238	baru: in?a is?at	baro:ina:jisat
beja1238	indi e:n	i?indit
beja1238	miS e:tli:gna	mi:Sie:tligina:
beja1238	sid:ik al:a mdel:a	side:galwndila
beja1238	lawawa:b ka:ki	lo:wawa:wa:bka:hki
beja1238	ha:j m?a:he:b idhe:b	ha:jma:he:b idhe:bi
beja1238	tim?ari ti:fije:na:	tima:rho:jti:fje:na:d
beja1238	u:n u:dhe:j j?e:ti:	o:no:dhaje:ti:t
beja1238	tag i:kte:t to:n ikanhe:m	tagikte:tto:n ikanhim
beja1238	be:n o:tak	be:no:takk
beja1238	gabtaj ti:ha	gabtajti:ha:
beja1238	lhajt akinaja:n	lajdakna:n
beja1238	dig isi:sjo:d ha:j isinhast	di:g isi:sjo:ttha:isinast
beja1238	tini:wa sikatimtid	tiniwasikatimti:tttt
beja1238	tibaSari ?imire:t tu:kna	tibaSari?mi:re:ttu:kna
beja1238	ho:j ti:fiji gaw	he:jti:fi:go:w
beja1238	da:jiti di?	da:jtirin
beja1238	na:t bitkati:m mhi:n	na:tbitkati:mmi:nu:
beja1238	bak t?id:a:te: dalew min da:sit	bakt?da:te:dalu:mhinda:si:t
beja1238	u:n ib?aSi	u:niba:Se:
beja1238	ane dho:k re:wan endiho:b	anidho:kre:wa:n indo:b
beja1238	tami e:n	ta:min
beja1238	n?anda i:fi mhi:n	nandi:fi:mhi
beja1238	ani tifna:ti	an tifna:ti
beja1238	o:taki dha:j	bo:taki:dha:?
beja1238	ja a:ndaj ani	bja:nda:ni:
beja1238	hamSak hamSak	hamSakhamSak h
beja1238	e:rad aka har?a ibe:ne:bka	e:ra:dakaharaibe:ne:bka
beja1238	tik_wijaj e:ja	tu:kija:e:ja:
beja1238	akira mira:j ibari:n	lakirame:ra:hibe:rin
beja1238	e:wa:j Sa:ki:b	e:wa:jSa:kib
beja1238	iragad i:Sib:ho:b	iragadijiSibbo:b
beja1238	jhakisi ini	ihakisiine:
beja1238	dha: ini:	dahaini
beja1238	kirat k_wire:ti tak	kratkwire:titak
beja1238	asaramat ji:n isin	asaramate:nisin
beja1238	whe:laj jhaksant	he:laj haksanta
beja1238	bes: sakana:bu:jt	basakano:bi:tddd
beja1238	o:n kho: matig i:fi:na dha:j tan:?e	o:nkho:ma:tigi:fi:nadhajittane:
beja1238	?asti dha:j ingidi:ne:b o:do:r	astidha:ingidi:nhe:bo:do:r
beja1238	amsi indi e:n	amsinde:mm
beja1238	su:ro: i:birij J\e:bi:b id?ijaj?	su:ro: ibre:jJ\e:bi:bid?aj
beja1238	baro: ahi tina:to:	baro: ahite:na:to:h
beja1238	mham:ad ahmad dabali ?o:ru:	madahamaddabal?o:ru:
beja1238	bato: nakamjanho:b	mbato:nakamja:nho:b
beja1238	ha:j ime:Swajt	ha:ime:Swa:jt
beja1238	ja ira:ni	jajra:nimb
beja1238	jhaksi ani to:n?i	ihaksani:to:ne:
beja1238	t?a amsi	ta:mse:
beja1238	tigid`?a:te: bes:	tigda:te:bas
beja1238	inifsi i:kte:b o:do:r	nafs ikte:bo:da
beja1238	u:tak firka:b ikatije: na:jib	u:tak firka:bikti:je:na:r
beja1238	o:re:w kas:e: iJ\insa	o:re:w kase:iJ\insa
beja1238	be:n whad?a han	be:nha:dahan
beja1238	e:n igirma	iligirima:
beja1238	ibu:no: fa:jsiho:b	igu:no:fa:jsi:ho:b
beja1238	ama:siw indi e:n	ama:se:inde:n
beja1238	u:dhe:j rhi:na:	ru:dhajrhi:na
beja1238	g?atib firatu:jt	ga?ate:fira:tu:t
beja1238	law:awa:wtini batu: baru: j?adme: deje:	lawa:wa:wtini:bato: baro:j adme:de:
beja1238	e:n igirSe: dha:j j?i:ni e:n	in igirSe:daji:n
beja1238	ama:g na saki ha:b g_w?i	a:ma:ginasakiha:bgi:
beja1238	j?are:da m?ari:to: ho:j ini:na:t	jare:hdamari:to:ho: ini:nat
beja1238	na:tka san:i	na:tkasanni:
beja1238	ti:de:b o:do:r	ti:de:bu:du:m
beja1238	bawo: kanti:	bao:kanti:t
beja1238	na:na:d:a j?a:w:a flan endiho	na:na:ddaja:wwa:fla:nno:m
beja1238	Samat:ane: Samate:k ani mhi:ni na:je: mhan	Samattane:Samate:kan imhine:na:e:m han
beja1238	silu:l ho: ahe:ti:?	silu:lho:ahe:ti:
beja1238	adik_w adik_w	adigadibi
beja1238	t?iSa g_w?e end id e:n	ti?iSabwe:?nndi:de:n
beja1238	o:mhi:n baru: askina:b iktew:a	o:mhi:mbaru:aske:na:bikte:wat
beja1238	u:Nf?a wi:biri	u:nfawi:ibire:
beja1238	d?ija:b ikte:b imalik	dija:bi:kte:nmale:k
beja1238	d`imjal tikatije:b o:do:r	dimje:ltikatje:bo:do:r
beja1238	Sibiba andej	Sibibanda
beja1238	da dera:rjo: d?i:ti:t	dadirarijo:d?i:ti:t
beja1238	ho:j sal:amama ni	ho:jisalamaman
beja1238	da:si d?i:t	da:sini:SS
beja1238	mhal:e d?o:ri:n e:n	mhale:d o:ri:ne:nd
beja1238	tikirifejd o:N w?o:r	tikirifajdo:no:r
beja1238	bara: j?i:nho:	bara:ji:nho:
beja1238	e:n ibhali	e:n ibhale:
beja1238	u:dhe:jka j?e:ti:t ho:si dilibt ?e:jn endihob	u:dhe:jkaje:titho:sidilibte:jn ando:b
beja1238	j?are:g ha:j gi:ga	jare:kha:jgi:go:r
beja1238	ibe:nho:n jhakisja:ne:b o:do:r	ibe:nho:jha:kisja:ne:bo:do:rr
beja1238	dabalhad si:santi:s sik_wti far:?ije:b o:do:r	dabalhasi:santisu:kSe:bare:bo:do:r
beja1238	amaro:n bak_wa:sa	ama:ro:n ba:kwa:se:ja:n
beja1238	hadri ?e:n	hadari:e:n
beja1238	u:n u:kn ine:wa:b na:t dhe iSat irib	u:nu:kin ine:wa:jib na:dhe:iSadirib
beja1238	t?o:da:ti:b da:sanho:b	t?o:da:tib da:sane:brd
beja1238	takad i:birej	takatibire:
beja1238	amaro:n ba:kwa:sa	ama:ro:nba:kwasa:
beja1238	w?agja isira:k_wi e:dne:naka	wagiisra:kw e:dne:na:ka
beja1238	be:l: ha:we:t hi:n inde:n	be:lhawe:ti:nin
beja1238	ame:sas?a ame:sas?e: ame:sas?e:	ame:sasaame:sase:ame:sase:
beja1238	tambi:lo: sangadti d?i:t e:difnho:b	tambi:lo:sangatidi:de:difnho:r
beja1238	hire:re: hire:re: hire:re:	hire:re:hire:dihire:re:
beja1238	tho: he:n	tho:hin
beja1238	hawa:ni: i:f	hawa:niif
beja1238	un ane:t t?arti e:bijob	n?u:n?ane:tartie:bjo:b
beja1238	j?ara: dha:j hadi:din	ja:ra:dha:hadi:din
beja1238	ja:te:ga dha:j lawihow	ja:te:gadhajlawibb
beja1238	?igirma ad?i	igirma:ad?i:
beja1238	dha:j j?i:ja:	dhajija:
beja1238	o:n a:dmida j?e:ti:t o:dar	o:n admi:daje:tido:dar
beja1238	o:j fari:ho:	ho:jfari:ho:bb
beja1238	ibharijo: ingi:da: o:n amse:ne:b	ibharjo:?inge:da:san o:mse:ne:b
beja1238	da:wr halaka k_we:ti:t ba?i:na:ka	da?u:r halakakwe:tit ba:?i:naka
beja1238	J\k his ama:siw	J\i:khisama:siw
beja1238	J\anta:jib tikatiho:b	J\a:nta:jib tikatjo:bb
beja1238	ani hasir ho:j ka:bari:	anhasrho:jka:bari:
beja1238	gidiri m?atam hi:nhe:b	gidirim atamhi:nhe:b
beja1238	ti:birit ti:fi	ti:biri:ti:fi:
beja1238	bato: tikte:w	ba:to:tikte:g
beja1238	o:n idam:?ara:jo: bes: hisik ake:ti:t	o:n idamara:ho:bashisig ake:ti:t
beja1238	u:n an lhe:jt faJ\il	u:nanlhitfa:J\e:r
beja1238	e:jam ar:i:	e:jamari:b
beja1238	hinin gi:gin nijad su:r finaw:a	he:ningi:ginnasu:r fe:na:wab
beja1238	igana:j ha:j m?a:?a	igano:hajma:
beja1238	a:nda So:kana:b dhe: it?in	andaSo:kana:bdhiiti:n
beja1238	sija:m o:mhi:n jha:ka:bu	se:a:mo:mhi:ha:ka:bu:m
beja1238	a:n a:ras ibento:j	an a:rasibe:nto:jw
beja1238	al:a: ta:rba tibifari:ne:t isa:n:ho:k	la:tarbatibi:fari:ne:d isa:nhu:k
beja1238	tisa:ri gawji kfalna:t	tsa:rigawl ikfalnak
beja1238	u:dha:j imi:sbarn ak_wo:	u:dha:imi:sbarn ako:b
beja1238	la:kin w?aji:so:kwa	la:tinajjiso:kwa:
beja1238	wha:S o:na:j jhakse:ti:tho:n	u:ha:S?o:najhakse:ti:to:n
beja1238	ani te:rba tibi:farini fara:b akatije:	ane:tte:rbatbi:bfari:nifara:b akatje:
beja1238	a:n han w?aj e:ribna:	a:nhanwu:?a:je:ribna:
beja1238	warid ?aba dhe: tit?i	warit?abad hite:t?i:
beja1238	b?e:b e:ja:nhe:b in	be:be:a:nhe:bin
beja1238	ama:g taku	ama:kta:ku:rtd
beja1238	su:g han ibi do:r i:fi:n	su:gha:nibido:ri:fi:n
beja1238	o:ka:m iri:b	o:ka:m iri:b
beja1238	ane:b te:far di:	ane:bte:fardi:
beja1238	lhajt faJ\il	lhe:jtfa:J\il
beja1238	o:t to:na	o:tto:na?
beja1238	w?ajo: abikti:S Sambi:b e:n	ku:?ajo:abikti:SSambi:
beja1238	da:jiti di:ti:	da:jtidi:ti
beja1238	e:raw han	e:rawhan
beja1238	ge:bo:n re:wi:ni	ge:bo:rre:wi:nd
beja1238	du:ru:n du:ru:n gada	gu:tu:ru:ntu:ru:nga:da
beja1238	barijo:kda ad?i:m ajijo	barjo:gdad?i:m ?ajo:b
beja1238	irk_wini:tho:n gi:gi:ni nija:d e:nho:b	irkwi:nitho:ngigne:adiinho:b
beja1238	kak sakan	taksakano:
beja1238	adir ?in	ade:r?in
beja1238	ij:o:ho:b to:n?a:j	jo:bto:na:j
beja1238	u:n ani Sag_wa:bi e:bjho:b	u:na:niSa:ga:bje:bih
beja1238	tu:na lalo:b ak_w	tu:nalalo:baku:u:
beja1238	e:difn e:n o:n imhi:ni	e:difine:no:nimhi:ni
beja1238	u:n an ?are	u:nanare:
beja1238	mhas are:	mha:sare:
beja1238	na:n baha:hib	nambihabaahe:b
beja1238	ja: t:akatej bi:diji	ja:ttakatibi:di:
beja1238	ji:na:t asnid adgi	i:na:t asni:dadig
beja1238	da:ji:ti dna:t gi:gin e:n	nda:jitidnadgi:gi:ne:
beja1238	ge:b ?eSni	ge:bi?iSni
beja1238	u:n u:tak j?e:ti:t	u:nu:takje:tit
beja1238	fare: fare: fare: fare: fare: fare: fare:	fare:farifarifarifarifarifari
beja1238	whad`a jhakit	hadahakitrr
beja1238	ahamad whasan ?o:ri na ?arwa	hamadwhasa:n o:ri:na:arwa:
beja1238	bak t?i:te:t i:ba:b	bakti:te:di:ba:b
beja1238	j?ajda ho:j am:ar:a:jti:t	iajida:ho:nmarrajti:
beja1238	hid:a:b nis?a u:takwa aniwa	hiddabne:s a:u:takwa:nik
beja1238	o:n igawhiwa	?o:n e:ga:whiwa:
beja1238	bara: imhal a:n	bara:imhal?a:ni
beja1238	d`a:be: ini:na:t	ra:binna:d
beja1238	tin?a:jti bathetu:j	te:na:jtiba:the:twj
beja1238	umbaro: kal:a:fe:	mbaro:kalafe:
beja1238	k_wi:ri fidiga	ki:rifide:ga:
beja1238	te:na fari:n e:n	te:nafari:ne:
beja1238	dha:j id?anho:	dha:ida:nho:
beja1238	mhaj ?ar	amha:ja:ri
beja1238	kak sakin i: di:	kaksakini:di:
beja1238	u:n u:tak d`ha:bu	u:nu:tagdha:bu:
beja1238	baro: j?asini sangadna	baro:jasine:sangadna:
beja1238	thawi:j:e:ti:ti be: are:	thawije:titbe:?are:
beja1238	takat digi:t ho:so: ge:t:ije:bka	takatdigi:tho:sge:tti:je:bka
beja1238	to:n han hima:ge:ti:t t?a mhasi	to:nane:ma:ge:titamha:si
beja1238	u:ja:swa ji?ibariji	wu:ja:swaji?ibari:n
beja1238	?ajane:b rhitne: indi e:	aja:ne:bire:tne:inde:
beja1238	gada ge:	gat age:o:
beja1238	o:t tido: reb imariwne:b o:mhi:n	o:tte:do:jre:b ima:riu:ne:bho:mhi:n
beja1238	t?araba:jti ajiho:b	tarabajti:e:jo:b
beja1238	agar in	agarinn
beja1238	ago:je:k indiho:b	ago:je:g nu:b
beja1238	rib e:fe:n	rib e:fe:n
beja1238	di:se:t wha:sal dha:j l?asit o:ka:m	di:se:tu:hu:hasaldhajilasi:do:kam
beja1238	dangarti girmaj	dangartagirma:h
beja1238	un utak har:i:who:ka	u:n takhari:ho:ka
beja1238	tu:raw wana:si:ni	to:rawanasi:ne:
beja1238	ting?a:te: e:ja:jt ib?aSi	tingate:e:jajdibaSe:
beja1238	kag it?i	ka:ge:te:k
beja1238	are: mhase	are:mha:se:
beja1238	tit`?a ho:j d`ibiStaj tid?i	ttirtaho:jidibiSta:jtidi
beja1238	ti:lale:nan ti:la:le:ka	ti:lale:nan ti:lale:ka
beja1238	uka:m miS hu:Sa:b ki:k in	ka:mme:Shu:Sa:bki:ke:no:
beja1238	whad`a dira:b iktije:k	hadadira:bikte:k
beja1238	?a:jt n?a:jt	a:jtin a:jtaa
beja1238	w?amu:l ho:ge:t j?e:t	wa:mu:l ho:ge:ti?e:t
beja1238	kak andi	ka:gandi:
beja1238	u:tak ha:j gi:gi:ni e:n	du:takajgi:gi:ne:n
beja1238	neba:jt o:ka:m	ne:baido:kam
beja1238	ho:j ki:Sinha e:n	ho:jiki:Sinae:n
beja1238	ama:ri tak	o:ma:ritik
beja1238	gidhi: fart e:n	gidhi:fartin
beja1238	afirhe:n win:e:t	afirhe:winne:ti:
beja1238	tara jas ha:j i:Sikne:b i:bri:na	taraja:sa:i:Sitne:bibirina:
beja1238	dha:j jhak_wirna:tka	dahjhe:birnatkar
beja1238	alfi: bamraj na	alfi:ba:mra:jnat
beja1238	win:e:t hu:Sjajt	?e:nni?thu:Sjaht
beja1238	irawe: daw:ili do:r	irawe:d dawi:le:do:r
beja1238	baru:k han	baro:kan
beja1238	farakat tiki	farakatik
beja1238	da:ji aba:k ambi:k	da:aba:kmbi:w
beja1238	hasara jha:m ho:j i:fi:t o:rba	hasarajha:mo:i:fe:jdo:rba
beja1238	tho:jte:b i:fib o:ta	tho:jte:bi:fi:bo:tak
beja1238	khara:jib da:j ini	kara:jbda:n
beja1238	tut tu:na	to:to:na
beja1238	be:na:jd i:?iSn	ibe:nagi:S
beja1238	do:ri d`a:be: rha:bu	do:re:dabe:r ha:bu:
beja1238	ont?a u:mha da:jem mhejanho:b	o:ntau:m hada:imhja:nho:b
beja1238	da dira:b endiho:b	de:de:ra:bnu:nnn
beja1238	e:jam su:r ha:j j?erbe me:ku	e:msu:r hajirbe:me:k
beja1238	da:jem mha:ba	da:imha:ir
beja1238	tigadi:ri as:ama:t ako:	tigadi:r asa:ma:tako:
beja1238	lhajt j?e:na:t	le:jtie:nat
beja1238	ago:je:g indiho:b	ago:je:gindo:b
beja1238	asarama wari dha:j	asaramaware:dha:j
beja1238	warib gidhi: ha:j farta e:n	arib girjihajfarte:t
beja1238	tibari di:ti:the:b	tibaridi:ti:tje:b
beja1238	diwa na:j Sambi:b	diwa:na:jSambi:b
beja1238	ga:l J\o:z gid`?a:te:b	ga:lJ\o:zge:da:te:b
beja1238	thalgati:tu gu:dgu:di tini:ne:b o:do:r	thalgati:tu:gu:d gu:ditini:ne:bo:do:r
beja1238	o:n o:ta	no:tat
beja1238	kahanta: e:n	kahanta:j
beja1238	to:t tibire:ti:b gami:n	tattibire:tibgajmin
beja1238	u:ka:m hasara	nianu:ka:mhasara
beja1238	ja ira:n bak t?i:te:na hadran	ja:ira:nbakti:te:n hadiran
beja1238	nishiriwho:k nijad	ne:sire:bho:knjat
beja1238	al:a na:t ho:k d?eja bi:dije:k	la:na:tho:gd?abi:dje:k
beja1238	mhe:le:n e:n	mhe:le:ne:nn
beja1238	iribab n?abik ini	ire:ba:bn abe:ke:n
beja1238	bo:k ahi:t ho:j fari:n e:n	bo:gahi:tho:jfari:ne:
beja1238	to:n?i t?i:te:to:	to:n iti:te:hto:n
beja1238	han dalu:ka ikajt are:	fandalwka:ikajtare:b
beja1238	tifir?e: do:r	tifir e:do:r
beja1238	diwa na:tn k_wi:k_w?a:j	nde:wa:na:t ki:kwa:
beja1238	be:n ho:k endi e:n	be:nho:ginde:
beja1238	nigid d`ibiSi:na:jt ib?aSo:jo:n nharid	nigirdibiSna:jt baSo:nhari
beja1238	n?ajtwa bo:k_w i:fi:naj?	na:jtwabo:kbi:fi:najd
beja1238	o:n iwara:jo: we:re:	o:niwara:o:we:re:
beja1238	Sa:b:i:t idne:t ho:j ti:fi	Sabi:dine:tho:tifi:
beja1238	nd e:n j?aje:k mhal:e:so:	nde:njaje:k mhalle:so:
beja1238	mhejt kam ha:j d?abije:ti:t	maitkam hajd?abi:je:ti:t
beja1238	bari:to: to:mhi:n	bari:to:to:mhi:n
beja1238	law law law	lawlawlawww
beja1238	be: ?e:n o:mhi:n u:t tu:ful kit?ati:t ?o:t ho:j d`ibti:ni	be:e:no:nhi:no:d tu:fu:lke:tati:do:tho:jribtine:
beja1238	tibarije:na ba:ra:ta	tibirje:naba:ra:ta:
beja1238	bak t?ite:na:ti	bakt ite:na:tija
beja1238	imba:bajd ha:j d`a:biho	idmba:bajda:jda:bjo:
beja1238	waJ\:a:b hi:the:b	wa:J\abhi:te:b
beja1238	o:t t?o:r far:ije:w	o:to:r fare:g
beja1238	t?a di:se:t	tadi:se:d
beja1238	o:tak wimitija:ti	u:takwe:me:tiha:ti:
beja1238	Saga:me:ti hi:to:g e:ne dija:be nu:n	Saga:me:thi:to:ge:ni:de:habinu:m
beja1238	ide:rne:na rank_wejt	ide:rne:narankid
beja1238	o:n idaw:a:rib	do:nido:wa:ribb
beja1238	biri dhe ?eja:m	be:ridhe:e:ja:m
beja1238	dha:j j?e:ti:t	dhaje:tid
beja1238	dig_wag_wa m?a	digwga:ma:
beja1238	ahi:t j?i:n e:n	dahiti:n?e:
beja1238	ama:ro:n ba:k_wa:sa	ama:ro:mba:kwa:sa:
beja1238	takt?i:b g_wida:b dan:?eja:t	takt?i:bgwida:bdane:a:t
beja1238	n?e:ti dha:j da:sti:t	n?e:tidadastitt
beja1238	iragado:n ad`id`ti:t	iragado:n aditti:t
beja1238	to:kar ne:bi e:dna:t	to:karne:b ?e:dna:
beja1238	tiki:bala han kaSu:mt e:	tiki:bala:nkaSu:mte:
beja1238	bento:j ido:bani ont?a	be:nto:j do:ba:n o:nta
beja1238	be:n o:do:r u:tak hasamjane:	be:n o:do:rbu:takhasamjane:b
beja1238	o:t titl?i:ti: Seb:e:	o:titli:ti:Sibbe:
beja1238	whad`a jhakit u:nane	u:hadajhaki:du:nane:
beja1238	tamna:j ho:j gabna	tamna:ho:igabin
beja1238	ho:j da:tina	ho:jda:tna
beja1238	ane:b te:far di:di	ane:bte:fardidi
beja1238	diwan indin	de:wa:ninbi
beja1238	irizgi na:ti:t	re:dge:na:tit
beja1238	u:tak u:kna	u:tagu:knan
beja1238	o:tak So:bane:b o:do:r	do:tak So:bane:bo:du:r
beja1238	w?anib Sabsa:	?ani:bSabsa:
beja1238	akna: han itaki ginhe:b	akna:han ita:ki:gi:nhe:b
beja1238	agarti ha:j j?i:ja:t	agirthajje:b
beja1238	o:rba re:wi:t	o:r bare:wi:t
beja1238	itamti igo:jna ini o:kna	itamt?igo:jinin u:knba
beja1238	tidir indiho:b	tidirindo:brrrrr
beja1238	ta:t tid`emb a:n a:kam	tattidimbaan a:kam
beja1238	kas:e: ime:rne:?	kase:ime:rne:k
beja1238	a:n e:ja:n	a:ne:ja:n
beja1238	dha:j jhake:ti:	dajja:ke:ti
beja1238	o:n al:a: d?ime:ti:	o:n ala:?dime:ti:
beja1238	win:e:t ho:k han	wine:tho:khan
beja1238	ka:lha:gthe:b endija:t o:kam	ka:lhakthe:bindi?ado:kam
beja1238	kamte:jo:n ?o:r u:n ki:ki nd e:n	kamtio:n o:ru:nki:kide:n
beja1238	ibaki: giriS bi:hari:wne:?	ibaki:giriSibe:hariwne:k
beja1238	j?e:na indiho:b	n?e:na:inno:ba
beja1238	ja:Gu:t ho: hi:	ja:gu:to:hi:
beja1238	fa:tna:b tigibli:lo:j tanhori:	fatnabtigbli:lo:itanho:ri:
beja1238	isagif iktimne:b hadi:d ajiho:b	sage:fiktimne:bhadi:dajo:b
beja1238	haj?a:ti:b bina:je:k a:	thaja:ti be:na:jige:
beja1238	abir:e:b o:do:r	babirre:bo:do:r
beja1238	u:di:na ira:na o:t to:n?a:j	u:di:naira:nao:to:na:j
beja1238	sik_wtika walak ho: in:a:t ha:j itk_wabis	su:ktikawalako:ina:tha:?atgwabi:s
beja1238	handi:ra tidi e:n	handi:ratide:n
beja1238	miSi jam imifir?anad	miSija:m imifiranad
beja1238	j?ari j?iS ka:di	di?ariji iSka:di:
beja1238	ane:b te:far di:d	ane:bte:fardi:dd
beja1238	ibaki: o:n itaki g_wad Saga:ma: i:dn ha	ibaki:o:no:take:ge:bSa:ga:mhai:na
beja1238	hagita j?i:ho:k andej i:di e:n	kagitaiho:gandai:de:
beja1238	bak t?i:te:na:ti on anew	bakt ite:na:tio:najnim
beja1238	ha:j gi:gat jhaksat	hajgi:gatihaksat
beja1238	da:ji:d akaje:	da:ji:dakaj
beja1238	na:t ho: kid?in ind	na:tho:ki:dini
beja1238	e:fi e:n nu:n	e:fe:nu:n
beja1238	u:t tu:tji	u:ttu:ti:
beja1238	sinka:tib mirit irib	sanga:te:miri:d irib
beja1238	j?ar baru:k ba:gi:gsahe:b inde	ja:r baru:k ba:gi:ksa:jibn
beja1238	umbaru: dha:j j?ikrho:b	mbaru:dha:je:kiro:b
beja1238	kak saka:bu	kakshaka:bu:n
beja1238	difti:t e:n so:ji:ni	difti:t e:nso:ji:ni:
beja1238	adif ini	ade:f ni
beja1238	ga:lika farkak k_wa:sa:t ake rhi:n e:n	ga:lakafarkakba:sadakiri:n ?e:m
beja1238	u:n ig_whara	no:gu:hara
beja1238	a:n j?are tidha:j j?e:ne:to:k	anjare:tidhaje:ne:to:k
beja1238	jhe:he:b ini	ihe:he:be:n
beja1238	halaka:je:t hi:n indi	halaka:jti:nide:
beja1238	igawijo: su:ri:	ne:gu:wjo:su:ri:
beja1238	id`e:fa dha:j k_wiltit	ide:fhada:jiku:lti:ti
beja1238	o:t tidir?a:to: are:	o:ttidra:to:are:
beja1238	?a:bre:t whawa:d	b?a:bre:thahwa:t
beja1238	ha:j j?i:ni	hajijine:
beja1238	dha:j j?e:nho:b	da:je:no:b
beja1238	isa:nho:ka tid e:	isa:nho:katide:
beja1238	o:n imhaja do:r	o:n imhaja:do:r
beja1238	tu:w?a dira:ro:n ho	tu:gu:?ade:ra:ro:n ho:
beja1238	jha:n u:n a:bi	iha:nu:n a:bi
beja1238	jha:nho:k jha:nho:k aj:iho:b	iha:nho:kiha:nho:gajho:
beja1238	w?alal isa:nho:ka	wa?ala:l isa:nho:kat
beja1238	t?o:da:ti:b da:sa ijo:ho:b	to:da:tib da:sa:jjo:mb
beja1238	u:me:g dha hadi:dija:?	u:me:gdha:haddi:ja:
beja1238	tisu:r rha:b niktije:t	tisu:rha:bni:kte:t
beja1238	hum:ad hum:a?	maimat
beja1238	o:tak tid?are:k:a tiba:d`inhe:b	ho:taktida:re:kkatiba:rdinhe:b
beja1238	be:b ha:j j?e:n	be:bhajje:n
beja1238	be:n u:ra:w	be:n u:raha
beja1238	na: dise:b tim:ar:a:ji	na:di:se:btimarra:jin
beja1238	tid`hani:ni kasta: j?e:na:d ont?a	tirhani:n i:kista:e:nho:d u:nta:
beja1238	d`a:be: dha: e:ja:ni	nda:be:dha:e:ja:ni:b
beja1238	ane:b thad?a:je:ti tinga:d	ane:bthad ?aje:thitingat
beja1238	tak kant hi:the:b iribho:	takkanti:te:birbo:bb
beja1238	an akna:j gi:ga:ne tak ka:k idi	a:ba:dananakna:ge:gane:takka:kidi:d
beja1238	ba:kati:m ikatija:t	ba:kati:m ikatja:
beja1238	ga:l baro: inf?a	ga:lbaro: infa:
beja1238	w?o:ro: ahi:t j?i:ni	wo:ro: ahit ji:ne:
beja1238	w?o:r haret:i:t	?o:r haritti:t
beja1238	win:e:t ark_wi	wu:ne:darkwi:
beja1238	ka:mijo:n ka:m ?o:r nu:n	kamjo:n ka:mo:rinu:
beja1238	da:ji:ti di:	da:jte:?di
beja1238	t?o:r amhak_wira:t ?o:ti:d	to:r am haku:ra:do:twidi
beja1238	fa:tna:b na:na:tid mhale S?a dha:j tini:ne	fatnabna:n atimhalistadhajte:ne:na
beja1238	isik:a:j na:je:	sikajna:ji
beja1238	ida:ru:k baro:k e:dna	ida:ru:k baro:g e:dna
beja1238	iSti gi:gi	iStigi:gi:n
beja1238	o:n dangarabka do:ro: o:n whanJ\aro: ho:j hire:rse:n	o:n dangarab kadu:ro:o:m hinJ\aro:hho:hire:rse:
beja1238	w?imir o:n iSiba:d`inite:b	wimiro:n iSiba:dini:te:b
beja1238	d`ad`ibte:k warit harewa na:t te:dgi:me:k	daribte:kwa:jre:ttha:riwa:na:tje:dgi:me:k
beja1238	?anew:a da:s eja:je:na	aniwada:she:ja:jja
beja1238	dho:kn iSbib andi	dho:kn iSbe:bandi:
beja1238	ano:te:ga san:i e:n	ano:te:gasan?e:n
beja1238	tendiho:b o:do:r	tine:u:dir
beja1238	e:t titama?a titi:birije:na:te:	?e:tte:tama:titibre:na:te:
beja1238	sig_was:ir e:dna	sagu:se:r e:dna:
beja1238	ad:`e: ad:`e:	ade:ade:
beja1238	imalik are:	ima:le:kare:kgk
beja1238	da:ji:t a:da d?ejaba:n	da:jita:dad?e:ja:ba:
beja1238	umbaru:g dar:ije:g ide:bini	u:mba:ru:g dare:gidhe:bin
beja1238	a:n dhe:ju:nwa	andhaju:mwa
beja1238	igabalwa idarabwa dha:j matija:jiho:b	biga:balwa:idarab wa:dha:jmatihajiho:r
beja1238	afla:n ba:wali:kaho:n	afla:mba:wali:ka:wo:nnS
beja1238	e:win:e:b o:do:r	e:winne:bo:do:r
beja1238	be:n u:ta	mbe:n o:takk
beja1238	tisakje: gal:abtanoho:	tisaki:galabtahano:
beja1238	da: ikhanejt	da:aika:ne:t
beja1238	kila:j dabalo:bu	ke:lajdabalu:rw
beja1238	?adlib aj	adle:be:nd
beja1238	?agarti ?it jam	bagartiitije:m
beja1238	saki ki:kane	sake:jki:kan
beja1238	o:ka:m ha:j m?a idinhe:	o:ka:mha:jma:jidi:nhe:
beja1238	w?a:jid ige:si	wa:jidige:sib
beja1238	ja:j ge:b ka:bari	ja:jge:b ka:bare:
beja1238	na:t ga:t	na:dga:t
beja1238	ane:b te:far di:t	ane:btihe:fardi:t
beja1238	takat kara:j	takat kara:j
beja1238	t`iw end en	tiwindi
beja1238	o:t timbid`e:jtib na:t agam	o:ttibmbe:re:jtibna:d agamd
beja1238	k_wajis ti: e:n	ko:rjistidind
beja1238	bikaka t?ade:ti t?a:da:to: tid?i:he:b	bikakat?ade:tit?a:da:to:tidihi
beja1238	sagi mhin	sagimhin
beja1238	d`ibi:t eja:ji e:n	di:bi:d e:ha:j?e:
beja1238	wha:Si fitikti:t hak_wirti dan:?e	ha:Si:Sitikti:thakwirtidanne:
beja1238	sij:a:do:k i:dnajt	sija:do:gidnaj hh
beja1238	malik ik_wasin e:n	male:g ikwasi:n?e:n
beja1238	na:t e:fi endiho:b	na:de:findo:b
beja1238	taki ka:m	ta:kika:m
beja1238	di:nar hi:n	di:na:rhi:n
beja1238	na: t ho:j thaj i:kte:k	na:tho:jthe:baladi:kte:k
beja1238	ge:b da:ja:d	ge:b da:jadh
beja1238	kirat takat:u:j	kirabtakatwin
beja1238	ge:b e:st?e e:n	ge:b iste:
beja1238	are: iSa:bibna	tare:iSa:bibina:
beja1238	na:n gi:gte:n imisgido:n	na:ngi:kte:nimisgido:n
beja1238	su:r bak t?i:te:t	su:rbakt ite:t
beja1238	ho:j sal:amamane:t to:na nu:n	ho:jsalamamane:to:nanu:no:
beja1238	whata:j iri:b	hata:iri:b
beja1238	ilaki he:Sn e:n	ila:ki:he:Sine:
beja1238	t?a are:	ta:re:
beja1238	hari:si:si bitij?ajeba ?nit	hari:si:sibiti?a:jba:nit
beja1238	j?are:b u:wiNka baro: it?iw	are:b?o:wu:n kabaro: itu:
beja1238	dam:?ara:b akaje: mar: en	damara:b akajimar
beja1238	ka:di anjho:b ge:	ka:d ajo:bge:w
beja1238	t?ade saf:i:mtinihe:b han andi	t?adisafi:mtini:he:ban andi:
beja1238	idi ini	idne:
beja1238	aw:al k_winhane:t tik_winhatib	abwalkwe:n ha:ne:ttife:nha:ti:ba
beja1238	hum:ad hum:ad	kmadmad
beja1238	iSti gi:giho:b	Stigi:gi:ho:b
beja1238	o:su:g be:ti:?	o:su:gbe:ti:t
beja1238	to:tji t?asarama girma:j dirab nikatije:	to:tje:tasaramagirma:jdira:mne:kati:je:
beja1238	u:biri t`at`ak_wi	o:bire:ta:ta:kwi:
beja1238	thiku:m arawe:ja	thu:ku:m arawe:ja:n
bora1263	ti:t_j_hE ti:p_jE ts_h1:mE ts_ha:mE ti:tSEk_hE to:ijonEtSi	tMts_hEtipiEts_hMmEts_ha:mEtitSE to:jonEtSi
bora1263	t_hE:nE ip_hi:CMk_wak_hopat_hM ik_j_hap_hajak_honE tip_jE p_hiCMk_hMnE E?nEhk_hME?iBMhMk_h ts_hM:k_ha tip_jE 1:t_hEt_hEnaa	tEBatEhEnEip_hihik_hahopat_hM hik_hapajohE4EtEtSiBEp_hihMk_hMnE hE?nEhk_hMEiBMhMk_hts_hMhatipiMt_hEt_hEna:
bora1263	a:pE ma:niJM:pE pots_hijEi t_hE?EhM t_hE:nE E:nE 1m1:k_hMm14i 4o4i?CMk_hMnEh t_hE:BE4iBaa t_hE:nE p_hE:pE E:nE t_hE:?E to?h1M t1?ta?14ohE	a:pEma:niJMpEpots_hijEt_hE?ht_hEnEnEMnMk_hMmi4i4o4MihMk_hMnEt_hEBE4iBa:t_hEnEp_hEpEnEEt_hEnEt_hEnEto?hMtM?taEts_hohE
bora1263	oi po? o p_h1?hak_hM?ih	honipot_hEhEk_h4i
bora1263	ts_hihp_hitSEBaa E:nE tS_hoa?	ts_hihpitSEBa:EnEtSoa
bora1263	mM:pEhMM i:JM?EhMnE m14M:k_wa	mMpEhM iJM?EhMnami4Mk_ha
bora1263	a:pE t_hE:nE k_ha:mE ihk_j_ha:pE ti:t_j_hEk_hE nE?ihk_j_ha ts_hM:k_ha ahk_j_hEhMk_ho:mE ts_hM:k_ha ni:t_j_hEhMk_ho:mE itSMhMk_ho tiit_j_hE k_ha:mEt_hM M:patSE?ihk_j_haap	ha:pEt_hEnEnMk_ha:mEhk_hhapE tit_hEk_hEnEihk_ha?ts_hMk_ha:hk_hEhMomEts_hMk_haniit_hEhMk_homE itSMhMk_hoti:itEk_ha:mEtMpatSEihk_hhapE
bora1263	a:nEtSi:?_jEBaa nE:tSE ts_hahk_ho:h1 ti:tSEk_hE 1ts1k_hEE aBa 1m1a:nE M E:BanE mM?a Mk_hE E:Bats_ho?i	anEtSiEBa:nEEtSEts_hahk_hohititSEk_hEMts_hMk_hEaBMma:nEMEBanEEtM mMEMk_hMEBats_hoMnEE
bora1263	a:nEBaa it_jE E?tM ts_h1ts_h1:BEM it_jE p_hEhMk_ho:	anEBa:itE hE?tMts_hMts_hMBEitEpEhEk_ho
bora1263	ti:tSE 1m1mok_ho itSM:nE ihk_j_hanE a:mM?ihk_j_ha t_ho4iJa	tEitSMnMmok_hMtSMnEjik_hanEhopa:mMMhE?t_ho4iJa
bora1263	ok_hE M p_hi:tS_hMM	ak_hMpitSanE
bora1263	M: nEEmE a:tiCMk_ho p_hi:B_jE:pE ?ahtS_hi iJa:tSEk_hE iE:Bats_honE nMk_hohp_h1	MMnEEmEa:tihMk_honMp_hiBEpEa:htSi miJa:tSEk_hiEBats_honEnMk_hoht_hM
bora1263	ts_ha?tMhMk_ho tip_jE nE?ihk_j_ha E:nE tSi mEi:piik_wM mE:ma k_wa41?k_ho MM?M	ts_ha?tMhMk_hopipEnEihtSE hEnEk_hM?nEipi:k_hMmEmaaMk_homEt_hEMM
bora1263	hii hii hii hii nE:mE4EBaa ta:tSimM k_hiaBM ni:t_j_hEk_hMnM	hMhihihi nEmE4EBata:tSimMk_hEa:BMmihit_hEk_hMmEhi
bora1263	ts_hi:JE p_hE:pE E:nE M:hEt_hE ts_hi:CaBM	ts_hi:Jap_hEpEnMhEk_ha?ts_hi:ha
bora1263	M: nEEpE t_hE?tMhMk_ho ts_hM:k_ha t_haMmE nE:po?i	nnEBat_hE?tMhik_hats_hMa tEhMmEtSik_hiEJEnE
bora1263	t_hEiCMBaa E?nE t_hEha?h1 k_ho?p_hEh mi?tSEmEi	t_hEjMBa:nEt_hEhEak_ho?t_ha?mi?jEmE
bora1263	E:E nE:pEBap_hEE E?tM pahMnE4i o MtSE?ihk_j_ha:pE o?ti M M:?1Bat_hE?ihk_j_ha?i E:nE mM:4a aCapa nE:pE4EBaa ts_hM:k_ha p_hik_j_hoiJMhMk_ho: t_hEts_hiM ts_hM:k_ha ti:p_jEtit_j_hM Mm1Bai:p_jE	hE?nEhpEop_hEE?tM pahMnE4i oitSEihk_hEahpEtio?tiMiBat_hEEnEmM4aahapanEpEE4EBa:ts_hMk_hapik_hoEJMhMk_ho?t_hEts_hiMts_hMk_hatipEtiEMmMBahik_hE
bora1263	nEEtSE p_hap_ha tiip_jE k_ha?ak_wa:	nEhEEp_hap_ha?tiBE?k_hak_homEts_hMEhEE
bora1263	a:nEtSi:?_jEBaa 1:na nE:t_hM:pE4E ts_hM:k_ha itSM4EhMk_ho imipahk_him_jEiJE ipahts_h1?tSa?iJEBM p_hik_j_hamEi:p_jE	a:nEtSi?EBaina nEt_hMpE4Ets_hMk_ha itSM4EhEk_hMimipahk_himEJEMpahts_hM?tSEEjEp_hik_hamEipM
bora1263	mM:pEhMM i:JM?EhMnE p_hE?ts_hok_ho	mMpEhM iJMEhMnEp_hE?ts_hok_ho
bora1263	t_hEiCMMpaBa?haa ts_hM:k_ha iihtS_hiB_jEijonE4iCMk_ho t_hE:ts_h1k_wM	t_hEhMBaBats_hMk_ha ihtSiBEjonE4ihMk_hot_hEts_hMk_hM
bora1263	ti:p_jEk_hEBaa i?t_jM k_wa:hak_hMtSE	ti:pEk_hMBaitSEk_ha:hak_hatStS
bora1263	a:nEt_hM a:nEt_hM t_hE?tMhMk_ho t_hEnE?k_hopah1 imit_j_hMnE	a:nEt_hManEt_hMt_hE?tMMk_hak_hEnE?k_hopahiinit_hMn
bora1263	a:nEBaa aCM tSi:Jaha:t_hM ts_ha:pE nE?ihk_j_ha ti:tSEk_hE	a4MBaaihMtSiJahat_hMts_ha:pEh nEiha?ti:tSEk_hM
bora1263	a:nEBa?tEiCM i:CM t_hE:nEBaiCM t_hapaJEhM o 1:k_hat_hEts_ho t_haMni?aJE o nE?k_ho4a mMMpE o nE: k_hiaBM iJE t_haMni?aJE p_hEE	anEnEihM ihMt_hEnEBEts_hapaJEhEBE4Mk_hats_hMMpt_haMniaJonE?k_hMnE mMMpohnE?tSiEBMik_hEt_haMniaJEp_hE
bora1263	k_ha:nM:pE mahtS_hot_ha?E p_ha:k_wajM k_ha:nM:pE k_wapM4Mhk_ho:p t_hE?tM4E k_hEmM?4EnE nE:nE E:n ajanEk_wMM4E E:nE p_hanE:BEts_ho: i:tSEMBa?ak_haa t_hE:nE E:nE i?_johts_h1k_wa:JE p_haJEM4E i?t_jM E:nE tip_jE t_hE:nE tip_jE mEnihk_j_hoh1 ni:mM?E mahtS_hot_ha?E ts_hM:k_ha naniCMk_hoo	k_ha:nMpEmahtSota?Et_ha:k_hats_hmak_ha:nMtak_hBapM4Mhk_hot_hE?pM4EnEk_hEmM?tEnEnEnEnE hojEJMp_hMEnEpanEBEts_hoitSEBa:k_haEt_hEnEnE iots_hMBa:JEp
bora1263	a:mEBaa ts_hM:k_ha t_hE:nE k_watSE:mM iht_j_hamM Mhk_hMhMk_ho:?ii	amEBa:ts_hMhat_hEnE pEtSEBMiht_hamMhk_hMhMk_ho?ih
bora1263	ajM nEEtSE ts_hM:k_ha o n1hk_hEBa?i	EjM?nEEtSEts_hMhonMk_hiE
bora1263	E:E tSi?ih nEEpE ts_ha?ai o k_wa41?k_h	EtSiinEpE?ts_hajopa4Mk_h
bora1263	a:nEBaa ti:p_jEk_hE iaht_j_hMm1nE ts1:nEhMk_ho:mMp_h1 ts1:nEmMp_h1 t_hE?i p_haJEBMh	anEBaatipEEk_hEaht_hMminEts_hMnEhEk_homMts_hMnEpt_hEip_haJEBM
bora1263	a:nEtSi:?_jEBaa ti:tSE Mm1k_wa t_hMhk_hEBEt_hM iihk_j_haijotM i?CMk_hMnM?ihk_j_hamE nE?ihk_j_hamE p_hEhk_ho	nEtSiBatiitSMmMk_hat_hMhk_hEEt_hik_hEjotM hMk_hMnEhamEnEihap_hEhk_ho
bora1263	i:CMnE t_ha?ti tSi?ijomM ts_h1nM:t_hM Mhk_hM nE:pa ni:BMk_wak_hE a:pEk_hEnE mM?a mEto:?ii	ihMnEt_ha?t_hitSi?i4omMts_hMnMt_hMhk_hM nEpaniiBMk_hak_hMapEk_hEnEmMamEto:?M
bora1263	ok_hE t_ha:tSE tSi:jitSiji	ok_hEt_ha:tSEtSijitSitSi?
bora1263	a:nE mM?tM t_hEEnE nEEpE mM:4a i?t_jM i?_jatSMBM4E?ak_ha it_j ihp_hi:M4E?ak_ha i?t_jM mM:4a tEihk_j_hMMpE nEEpE	hanEmM?pM?pEnE k_hahats_hMa:nEpE?mMnMts_hEi?tM iiatSMBMdEak_hM?pihpiMdEak_hM?tM mits_ha?tEtSMpE?nE
bora1263	ts_ha:p_hiBaa ts_h1:hMh k_hE:mEtSEk_hE p_hik_j_ho?hE iMm1?EnEh p_h1:nEBM titSE t_hEp_hatSih1 iak_j_ho?ihk_j_ha t_hEp_hatS1h1 p1:Bat_hEnE iak_j_ho?ihk_j_ha	ts_hapiBa:ts_hMhMk_hEmEtSEk_hMpik_ho?hE iMmiEnE t_hMnEBMtitSE t_hEpatSihi iak_hoihk_hE tEpatSihipMBat_hMnE iak_ho?ihk_hE
bora1263	MMM tSi?ih nEEp k_wa41?k_ho mEtEihk_j_hMk_hi	M?MtSiihnaBat_hE?p_homEtEhtSMt_hi
bora1263	a:nEBaa ti:tSE ts_ha ik_jMnMhk_hMnEMpa titSE imitSEt_hM ts_ha ma:?o im_jE:nMnE pMhk_hahaMpa ts_ha titSE imitSEt_hM	anEBa:tMtSEts_haik_hMnMhk_hMnEpa tMitSEimitSEt_hMts_ha ma:oimEnMnEpMh k_hahMpats_ha?titSimitSEt_hM
bora1263	tip_jE p_ha:t_hanMmEiJaa ts_hi:nE ts_hahMk_ho:mMp_h1 ko:k_homMp_h14E ko: t_hE:nE k_haha?E tEhMk_ho nE?k_homMp_h14E t_hE:nE itSE:nE	tEpa:t_hanMmEiJEats_hiJEts_hahMk_homMpok_hok_homMp_hi4Ek_hohEt_hEnEk_hahaEtEhEk_ho nE?k_homMp_hMt_hEnEtSEni
bora1263	a:tSEBaa p_hE?ihk_j_ha p_haiCMBa4E p_hE:4otSE MmEnEpa ?atSMBM4E k_wa:nik_j_hE4E i?Jik_waMm1:?E im_jE:nMk_hMnE k_wa:nik_j_hE to?ihk_j_hatSE to?ih p_hahk_ho:h1Ba p_hahk_ho:h1Ba	atSEBMapEk_hpaihMBM4E p_hE4otSE MmEnEpa:tSMBM4E pa:nik_hM4M iJip_hEmiEimiiimEnMk_hMnEBa:nik_hMto?ik_hMtSMtoipak_hoiBapaBa
bora1263	a:pEBaa p_hik_j_hMt_hE?ihk_j_ha t_hE?ik_wMMnE	apEBaapik_hMt_hEhat_hEip_hMMnE
bora1263	E:E o p_hEE o ah1nMmEmahMk_ho ah1pamahMk_ho?E o ts_ha:pEE o ts_ha?ihk_j_ha ts_ha 1:na o 1hts_hamEit_j_hM	t_hEhotEBa:hinMMpE4EahMpamahMk_ho?ts_haots_haats_hats_hinaBEhts_hamEt_hin
bora1263	t_hE:nE M:patSEma o ts_ha: tiEtSEBM iJEEnEmaBaa t_hE:nE E:nE M:patSE:pE E:?E4EnE p_hiCMk_wam_jM?E ihk_j_ha?E ti?ahk_himMk_hE to:?E p_hEBEts_h1?h1tM ihk_j_ha?i	t_hEnEMpatSEmaots_ha:?tiEtSEBM iJEnEmaBa:t_hEnEnMMpatSEpE?E4MnE p_hihMBamMEihtSaEtiahk_himMk_hEitoEp_hEBEts_hM?hMtMhtSaE
bora1263	a:nE po:nEE ti:t_j_hEp_h1 ts_ha?i MniM4i p_hE?ihk_j_hamMp_h1 p_hE?ihk_j_hamMp_h1	a:nEpoonEatit_hEp_hEts_hajMnMBEp_ha?ihk_hamMp_hMpE?ihat_hM
bora1263	a:nEBaa iko:k_ho?ihk_j_hanE ts_hM:k_ha imitSEmE ik_j_hMk_wahMk_ho:nE	anEBEk_hEok_hoihtSEnEts_hMk_ha imitSEmEik_hMpahMk_hona
bora1263	oBi t_hEts_hi: t_hEE?o	oBit_hEts_hit_hEE
bora1263	ti:t_j_ha:tSEti k_wa?a4ok_hE mit_j_hanE iamE p_hats_ha4ik_j_ho?ihk_j_ha na?pEnMt_hE nE:pE itSik_wMMk_hE oBa?ts_hak_wMMhMk_ho ihk_j_ha:pEk_hE	it_hEatSitiMk_waa4ok_hEmit_hEniamEpats_ha4ik_hoEk_ha?na?pEnhMt_hE?nEtSEts_hanEpEtMpEitSiitSik_hMk_hEoBa?ts_hak_hMhMk_hEk_ha:pEk_hE
bora1263	a:nE4i mMt_ha mMt_ha M p_hE:tSEk_hE Mk_hE ik_wap_hMhM?hak_honE to:itSE	anE mMt_ha?mMt_hEMp_hEEtSEMhEik_hap_hMahnE to:itSE
bora1263	tSi?ijomMk_hE o M4a:B_jE?i nEEtSE	p_hEEk_hit_hijomMk_hBM4a:BE?nEk_hi
bora1263	t_hE:nEtSi mM:4a iJE iJE ha: m1hk_ho?ok_wa4i tiip_j E:E tip_jE i?t_jM mEk_hE 1:t_hE?ihk_j_hanE o?tS_haik_wM	t_hEnitSi?mMts_hEiJEiJEha:nMhk_ho?ok_hatMtMipEhEEMtMmEk_hMt_hEitSEnEo?tSEipik_hi
bora1263	ats_hi?t_jM ts_ha:mMts_hi t_hE:nE E:nE onE?tM k_wahts_h1hM:k_ho: t_hE:?EBM ik_wahts_h1nE ti:p_jE it_j_honM:pEk_hE t_hi:t_hi?_jok_hE k_watSo:pE	ats_hi?pits_ha:mMts_hit_hEnEnEnE?tMtMBa:ts_hMhMk_ho?t_hE?E iahts_hMnE?tipE it_honMpEk_hEtitiok_hEp_hatSopE
bora1263	mMMtSEh nEEmE k_hiat_hMamiM ts_ha	mMMtSEnEk_hia:t_hMamEts_hanE
bora1263	ts_ha t_ha?ti ts_hi:JE tik_waCa?papa ihk_j_hat_hMnE	ts_ha?t_ha?titSiJEtik_haha?papihtSat_hinEh
bora1263	Baa it_jE mi?tS_hMk_hMnM?ihk_j_hatSEtiBM itSi ts_hi:JE ahts_hik_j_hMBaapE	atEEmiitSMk_hMnMEhEtSEtMts_hMitSits_hMJEahts_hik_hMBa:BE
bora1263	a:nEBaa E?tM tit_j_hE t_hE:nE k_wak_him_jEiji i?CMBa?ihk_j_hamE ts_hiht_j_hE m1amMna: ti:p_jE aCMk_wa E:BanE	anEBahEtMtMt_hiEt_hEEnEk_hak_himEjihk_hEnai?hMBaEhamEts_hiht_hE nEamMnatMpE ahMk_haEEBanE
bora1263	a:pEk_hEBaa tip_jE k_wa:oBa:pEk_hE itSM4EhMk_ho tit_j_hE ik_wap_hMhM?hak_ho:pE to:nEE	apEhBatit_hEBa:BaapEk_hip_hi4EhatitSE ik_hmat_hEEak_hoopEto:nE
bora1263	a:pE ik_j_ho?potM ts_h1:maBa?ihk_j_haapE	a:pEts_hopEt_hEts_hMmaBaihtSa:pM
bora1263	a:nEBaa 1:t_hEk_hMnMt_hE:pE ti:t_j_hEp_h1k_hE aB_jEt_ha imi a:nEBaa imitSEEpE ti:t_j_hEp_h1k_hE ts_hM:k_ha imitSEhMk_hoopE	a:nEBa Mt_hEk_hMnMt_hEEpEtit_hEpMk_haBEt_ha imia:nEBaimitSEEpEtMt_hEpMk_hEk_hMk_ha imitSEhMk_hopE
bora1263	ts_hM:k_ha t_hE:ha ?atSM mi?tSEhMk_ho: k_hiat_hM tit_j_hE iihtS_hiB_jE	ts_hMk_ha t_hEha?atSMmitSEhMk_hok_hiat_hM?tik_hitSMB
bora1263	p_hE:pE p_hE:pE p_hE:pE tai?aJE4Eh	pEpEp_hEpEp_hEpEtaiEJEts_hE
bora1263	a:nEtSi:?_jEBaa E:nE totak_ho?ihk_j_hatSE E?tM totak_ho?ihk_j_hatSE totak_ho?ihk_j_hatSE ts_h1ts_h1:BE ts_h1ts_h1h	anEtSiEBanEtotak_hoihEtSEtMtotak_hoik_hitSM totak_hoEhitSEts_hMts_hMlMBEts_hMts_hM
bora1263	a:pE tEhMt_hMhMk_ho ti:p_jE tSihtS_hM?i:?_jo p_hEhMk_ho:nE	a:pEtEhMt_hMhMk_hotitMEtSitSMiop_hEhMk_ho
bora1263	a:nEBaa to:mE to:mE p_hanEE4E	anEBatoBomEtoBEp_hanE4M
bora1263	a:nE Mk_hE o M:patSEE mE:nMhk_hats_hi mM?tM mE:nMk_hats_hi?ihk_j_hamE	anE?Mk_hoMpatSE?mEnMhk_hats_himM?tM?mEnMhk_hats_hiihk_hEmE
bora1263	a:4M?omM na?k_homM 1ih1 mMMpE i?t_jMBanE	a:tMomMnak_homMhMmMpE?tMBanEE
bora1263	E:E a iJE t_ha?ti tii:pii nEEpE	EaiJEt_ha?titipi?nEpEts_hE
bora1263	E?tMmEBap_hE E?tM k_hap_haCanM iJE t_hE:nE mahtS_hot_ha?E mEnihk_j_hoh1 ni:mM?E mahtS_hot_ha?E o:BEt_hEmE k_hap_haCanM?i	EE?tMmEBapE?tM k_hapahanMinitEnE mahtSotaEmEnik_hMnimMEmahtSot_haEooBEts_hok_hapahanM
bora1263	hMMhM k_wa?a iCM:4i M p_hEE?i	hMk_hanEtSihM4Mp_hEM
bora1263	a:nEt_hM ok_hE i?t_jM mM:t_hE na:BEmM atonE o t_hMk_wa?i	onEt_hok_hE?tMmMt_hEna:BEmMatonE ot_hMpai
bora1263	tSi?ijo tiip_jE nEEtSE	tMtSijotMhipE?nEE
bora1263	ma:t_j_hopa t_hMk_wa M mE:nM?i	ma:tSopat_hMpaMmEnM
bora1263	t_hE?tMh M tSE:poh	t_hE?t_hiMtSEpo
bora1263	oBii mM?tM?aJE M p_hE?ihk_j_ha?i k_hia?h1BM M M:hEt_hEitSE	oBEimM?tEa4E?tip_hEEhk_haik_hiahMBMMhEt_hEp_hE
bora1263	a:nE ti:tSE Mk_ha:BE t_hE:nE i:pi: k_ha:nMk_ho p_haJE t_hE:nE ik_waJM:k_wa	anE?tiitSEMk_ha:BE?t_hEnEipik_ha:nMk_hop_haJMt_hEnEipaJMpa
bora1263	a:nEBaa ti:p_jE E:nE p_ha:p1?o i:?_jMnE ts_hihk_j_hats_hot_ha:pE t_hE:nE k_wa?_jEhM i:JM?EhM p_haJEt_hM iihtS_hiB_jEnE tSE:poBa?ihk_j_ha	anEBa:tipEnE pa:pMoEnEts_hihk_hats_hot_ha:pEt_hEnEp_haEhM iJM?EhMp_haJEt_hMihtSiBEnEtSEpohBaihtSa
bora1263	p_hanE:4E oBE?Et_hM ts_ha:nE imit_j_hMnE mE:ma n1hk_hEBa	panE4EoBE?Et_hMts_ha:nE imitMnEmEmandMhk_hEBaE
bora1263	a:nEBaa ts_ha4ik_wMM4EhMk_ho ti:p_jE k_hE M:k_hMmEk_hE p_haht_j_hEnEtSii	anEBa:ts_ha4ik_hM4EhotEipEk_hEMk_hMmEhEp_haht_hMnEtSi
bora1263	a:mEk_hEBanE i?t_jM iMhk_hMnE t_hE:nE iMtSEpa4i ik_wa41?k_honE mM:t_hEp_h1 i?t_jM	a:mEk_hMBEni?tiMhk_hMnE?t_hEniMBtSEpadi?tiBadMk_honE?mMk_hat_hE?ts_hEto?i
bora1263	a:tSEBaa t_hE:nE ts_hM:k_ha 1m1a:nE k_ho:hM?o it_jop_hoaMk_hMnE t_hE:nE ma:?ot_hM it_j_haBa4iak_honE mahtS_hotSE mahtS_hotSE	atSihEBats_hEnEts_hMhEmEanEk_hohMtop_haMk_hE4Ets_hEnEmaotMt_hMEBa4ihnEBatSMtSEmatSMtSi
bora1263	a:nEBaa ti:t_j_hEp_h1ma ti:p_jE iJa?pEk_wM ts_ha:	amEBa:titipit_hEpMmaipiJa:?pEk_hMts_ha:
bora1263	ik_j_ho:k_ha4EhMk_ho tit_j_hE ts_ha:iJE	ik_hoa4atitSEts_ha:JE
bora1263	E?nE t_hE?k_hE?Et_hM nE:mEBaaa	a?nMt_ha?k_hEt_hM?na:nE
bora1263	a:nEtSi:?_jEBaa nEEpE a:nEtSi:?_jEBaa nEEp t_haatSE mM:pa?haMpa ok_hE ok_hE p_hiitS_hM	anEtSiEBa:nEpEanEtSiEBa:nEta:tSMmMpahaMpaok_hEh ok_hEpitSM
bora1263	a?tMhMk_hoBaa titSE a4a?hMk_hMnMnE	ha?tMhMBatitSE a4ahMk_hMnM4E
bora1263	itSM4EhMk_ho tit_j_hEts_hi 1p_h1Baahk_ha4o t_hE:ts_h1k_wMMk_hE ts_h1:mEnE Mhk_hMnE	JitSE4Etit_hEts_hM Mp_hMBa:ak_ha4ot_hEts_hMk_hMMts_hMmEnEk_hMhEE
bora1263	ti:p_jE E:nE p_haht_j_hEt_hEi:p_jE ts_haa nE4i:B_jE k_ha:mEBM ni?pa?oBM	nEti:pEnEts_hahtSEt_hEpEnEts_ha:nE4iBE?k_ha:mEM ni?paoBM
bora1263	a:mMp_h1Baa p_hamaMk_hM?ihk_j_ha4a t_hE:nE nMhp_hak_j_ho	a:mMpMBapamaMk_hMihE4a?t_hEEnMht_hak_hM
bora1263	Eh nE:pE t_hana:ts_hoM?tEnE o M:hEiJMnaa	EhnEpEt_hana:ts_hM?tEnaBMhEJMnE
bora1263	a:nE p_hanE:4E imit_j_hMnE	anE?hipanE4E imit_hinE?E
bora1263	MM?M nE:pEBap_hEE	MM?nEEpEBat_ha
bora1263	nE:pE4E t_hE:nE ts_hi:JE t_hE?EhM p_haJEBM Mk_ha:BEiJMnE ti:p_jE nMtSipa pok_wa toBa4iMk_hMhE itSM4EhMk_ho	hEpE4Et_hEnMts_hiJEt_hE?MpEiJMk_ha:BEiJEnE tMpEnMtSipapok_hEtoBats_hihMk_hMhE?itSM4EhEk_hE
bora1263	p_hE:mMp_h1 mMhk_hohM4i	ts_hEmMptEmMhk_hohE4ih
bora1263	k_hMBE?4EhMk_ho t_hEnE nE:naa ts_hi:JEi k_wahts_h1:pE ti:p_jEtiM	k_hMBE?4EhMk_hot_hEnEnEnats_hi:JEipa:hts_hMpEti:piti
bora1263	a:nE po:nEBaa ti:tSE4EhMk_ho 1BE:k_hi?ana t_haJaatSE iJE:4onE mM?tM it_jE o mE:nMM ts_hM:k_ha o p_haht_j_hEhMk_hootSE iJE:nE p_hE?ihk_j_hatSE p_hE?ihk_j_ha aCapama mahtS_hot_hMtSE	anEponEBatitSEMnEEhanats_haJa:tSEiJE4onE mM?tM?tSomEnik_hMahop_hahtSEhotSiniEnEts_hEihk_hEtSEts_haihM hahapaomahtSot_hMtSE
bora1263	ti:tSE k_wa?4aMpa mE:k_watiBM M:hEt_hEtSE	tSEEk_ha?4EMpamEk_hatMEhEtEtSi
bora1263	iJE:nE it_jE ts_hi:JE o:mi:p_jE i?CaBM i?CaBM tip_jE io:miJE t_hE:nE iJa:ts_hoM Mhk_hMhEEpE	hiJEnEk_hEts_hijomipE?hEBM i?hEBMtipomiJa:tSEnEhina:ts_hMhk_hMhEpE
bora1263	tSE:?ok_wat_hM a:?1BEE	tSEok_hat_ha:MBE
bora1263	a4onaa p_hak_wahM mEnE:k_ho:k_ha ts_ha o aht_j_hMm1t_hM aB_jEt_ha ts_ha4ii t_hEiCM it_jE	Ma4onap_hak_hahMmElEk_ho mEEtEBats_haBak_hiBEts_hMk_hEnMaBEtEts_ha4itEhiti
bora1263	titSo:pE p_hapahk_hMh14E	tMpitSopEp_hapahk_hMh4E
bora1263	t_haCE t_haCE:M nE:mMp_h1 k_hiaBM?hanE tSi?ijomM p_hE:?ii k_wa?a4omM p_hE:?ii	t_hahiEt_hahEMnEBMk_hEBManEtSiijoBMp_hEhEik_ha:4oMp_hEhM
bora1263	o:B1?oBa?ak_haa i?t_jM E:nE pa:4ijE4E	opioBak_hE?k_hEnEpa:4iJEE
bora1263	1:naami tSi?i: mM:pa i?_ja ok_hE ok_hE t_ha:tSE tSi:jitSiji	hEnamitSiimMpaahk_hEok_hEt_hahtSEtSitSitSitSi
bora1263	ats_hi?t_jMBaa it_jE titSE imi t_hEp_hEhk_ho k_hMk_wa4onaa ts_hip_j_hEhk_ho ts_hihp_hi:jEhMk_ho ts_ha:nEE	ats_hi?tMBai4EtiitSEimit_hEpEhk_hok_hMk_ha4onats_hipEhk_hots_hipijEhEk_hots_hahk_h
bora1263	it_jEhMBaa t_haMm1?E M ahk_j_ho mM? Mk_hE o p_hik_j_ho?hEtSE mM?tM M k_hMk_wa?ihk_j_ha k_ho:h1M ahk_j_ho4a	itEhMBa:at_ha:MmEnEMahk_hiomMts_hopik_hMantSMmMtMts_hMpaEhha?hohaotSa
bora1263	E:E nEEpE nE?ni?1Ba:pE ts_hoB14ak_ho ts_ho?41BahaM 1BE:na t_haMmE k_hik_hi:CEpa M p_haht_j_hEts_ho?i	hEanEpEnE?nMBaBEts_hopi4ak_hots_ho?4MBahEnE?EtSE t_hEBEk_hik_hihEBMpa:k_hEts_hoEE
bora1263	it_jEhMBanE tit_j_hah1 itSots_honaa mM?tM 1:nE4i i:tSE M: E?tSE kMnMhk_hM4at_hMnE nE:mEBaa	itEhMBanEtit_hahM itSots_hona:mM?tMinE4i itSE E?tSEk_hMnMhk_hM4at_hMnE?nEmEBaE
bora1263	a:nEt_hMBaa ti:t_j_hE p_hi:B_jEt_hE?i a?a4imMtiBM4EhMk_ho tit_j_hE	at_hMBatiitSEp_hiBEt_hE aa4imMtiMBM4MEhotitSE
bora1263	a:mMts_hiBaa ti:p_jE E:nE nom1ht_hMk_hohE:MmMts_hi mM:pE nMtSipak_hE E:nM	a:mMts_hiBatipEnEnomEht_hMk_hoEMmMts_himMpEnMtSipak_hEEnM?
bora1263	a:nEtSii mMM 1hts_ho mMM 1:t_hE mM?tM nE:tSEk_hE it_j_ha:paBa ts_ha mMM iEBEnE4E t_ha:paBat_hM k_wak_him_jEitSEk_hE M t_ha:paBaa titSE tik_wak_him_jEi Mk_hE iJa?pEnM	a:nEtSi?mMts_homMEjMt_hEmM?tM?nEtSMk_hMik_ha:paBahts_ha?mMEBEnE4Et_ha:paBatSEpak_himEitSEk_hEMt_ha:paBa?itSMtik_hak_himEMk_hiJa?pEnE
bora1263	a:ha mMna: i?t_jM pots_hii M:patSE ti:p_jEk_hE	a:homMna?tSMpots_hiMpatSE?tEt_hE
bora1263	ts_ha?aa nEEpE aiMk_hM:pE?ak_hanEEk_hM ts_ha tip_jE p_hi:B_jEt_hEt_hMnE nE:pE 1:pMk_wa	t_ha:nMEpEia:jiMk_hMpEak_hanEEk_hM?ts_ha?ipEpi:jEk_hEp_hinE?nEpMpMk_hE
bora1263	ik_j_hah nEEtSE mM?a E?nE i:tSEE m1amMnaaMpa?a mM:4a itSomE	nik_hanE BMhE4htSEmE4amMnaMpa:mM4aMtSomEk_h
bora1263	iCM titSE nE:hM4i 1:k_hMi M p_hEhMk_hoo	iSM?titSanEahM4EMk_hMMpEk_ha
bora1263	ts_ha:mE 1:t_hEBa t_hE:nE a:nM?ok_hopa mit_j_ha?o ts_ha?o	ts_ha:mE4Mts_hEBat_hEnE a:nM?oBamit_haots_ha?Bih
bora1263	a:nEtSi:?_jEBaa nE:tSE ts_h1:hM a:nEh1:Ba 1:nE k_ha:t_hM tE?ni	EtSiEBa:nEtSEts_hMhM anEhMBa MnEk_ha:t_hMtE?ni?
bora1263	a:nEBaa ti:p_jE ti:t_j_hEp_h1 hE:M ts_hohts_honE t_hE:nE iMh1k_wa p_hoa:BEt_hM ihk_j_hanE4i ko:k_ho?ihk_j_hamMp_h1	anEBa:tipE tit_hiEpMhEMts_hohts_honEt_hEniMhMk_hopoaaBEt_hitSE4itik_hok_hoiha
bora1263	a:nEt_hM amM?a amM?a ts_h1:mEk_wMMmM ts_ha mEp_hi:B_jEt_hEt_hM mMM t1:ts_h1:hM Mm1?EBM p_hEiCM ti:tSEmahM mMM p_hE:nE Mm1?E p_haJEBM	ha:nMt_hM amMamMats_hMmEBMts_ha?mEp_hiEt_hEtM?mM its_hMhMMmiEp_hEhEotitSEmahomMMp_hEnMmE EpEJMBM
bora1263	a:nEBaa ti:t_j_hEti:tSE4E ko:k_hots_hok_wMM4E nE:nE4i ko:k_ho?ihk_j_hamE ko:k_ho?ihk_j_ham ts_ha? tit_j_hE itSit_j_hEt_hMmE	anEBa:tiit_hEtitSM4Ek_hok_hots_hoBM4EnEnE4ik_hok_hoihtSamEk_hok_hoihtSam nEik_hoEts_ha?tit_hEitSit_hEt_hM?
bora1263	a:nEBaa ts_hM:k_ha ts_h1ts_h1:BEBM ti:t_j_hE k_ha:nimM p_hit_j_hak_hohk_hats_hi?i t_hEp_hEhk_ho iMmEnMt_hEiJE k_watSE:mM ts_hi:JE k_ha:ts_hot_hEiJE	anEBats_hMhats_hits_hMBEMtMts_hEk_ha:nMMp_hit_hak_hohk_hats_hiit_hEpEk_hoiMmEnMt_hEJE k_hatSiEmMts_hMiEk_ha:ts_hot_hEJE
bora1263	MM?M tSi?ih	BMitSi?ih
bora1263	a:nEBaa E:nE ts_hahMk_ho:pE ip_hi:tS_hMk_hM:pEm	EBa:nEts_hahMk_hoBip_hitSMk_hMpEm
bora1263	ni?JE4E t_hE:nE i?JE iMmEk_ho k_hat_hM:h1k_wat_hM k_hama?hak_hohMk_ho:pE t_hE:nE iJM:ok_wa ik_j_haiJE	nM?JE4Et_hEnEiJEiMmEk_hok_hat_hMhMpat_hMEnE k_hamahak_hohMk_hopEts_hEnE iJMhok_hMJMoBEk_hEBM
bora1263	t_hE:nE E:nE it_j_hM:iJE a:nEBaa ts_ha tit_j_hE k_wa:hak_hMt_hM	k_hEnEnitSMiJEpats_ha?titSEp_ha:hak_hMts_h
bora1263	a:tSEBaa tSi:Jaha:t_hEhMk_ho: Mk_wa:h1mMk_hE4E nahk_hot_hEtSE aCM itSots_honaa	atSEBaEtSiJaha:t_hEhMk_ho Mpa:hEmMk_hE4E nak_hot_hEtSE ahMitSots_hona:h
bora1263	a:pEBaa i?t_jM imi pa:pats_ho	ahapEBai?tSMimipa:patSo
bora1263	a t_j_hMhp_hajMt_j_hM k_wa?a ts_ha 1:na titSE nE:t_hMM nMk_hohp_h1BEtSE E?tM ts_hihp_hitS	thpajit_hMk_ha?ants_ha:na?titSEnEt_hMnMk_hohMtSMts_hipitS
bora1263	a:tSE ?atSM4iBaa 1:k_hMi ts1:nEtSE ts1:nEtSE E?nEhk_hMEk_wahMBM ip_haht_j_hEnE 4EBoMk_hMnMtSE ts_hM:k_ha itSM4EhMk_ho titSE p_hi:B_jEt_hEnE po:atiB M4EhMk_h titSE k_hap_jM4M:BEnE t_hE?i p_haJEBM4EhM	a:tSMatSi4BE4Mk_hits_hMnEtSEts_hMnEtSMhE?nEhk_hMEk_hoEhMip_hahtE4E 4EpoMk_hMnEts_hMhat itSM4EtijEp_hiBEt_hE nEpoBatiM4EhMtiEk_hapi4MBEnEt_hE ip_haJEpM4EhM
bora1263	E:nE t1hts_h1:mEnE nE:mEBap_hEE	EnEnEtMts_hMnEnE?nEEnEk_hop_hE
bora1263	ahM nEEpE amM?p_h1 mEnMhp_haJMt_hE o atok_hi mMiCMik_j_hE amM?p_h1 nMhp_hak_j_ho o atoo?i mEMhk_hMt_hE o atok_hi	ahMnEpE amM?pM mEnMhp_haJMt_hoatok_hiBMihik_hEamM?p_hinMhp_hak_hBatoimEk_hMt_hEatok_hi
bora1263	hMMhM?tEE nE:tSEBap_hEE	BEhM?tEnEEtSop_haa
bora1263	a:tSEk_hE it_jE M titSoo t_haatSE k_hE:hM4i?ana o p_hEE	BEtSitMtitSots_ha:tSEk_hEhM4ME?nop_hE
bora1263	a4onaa nEEtSE E:E nEE ts_ha o k_wa:hak_hMt_hM mM?a p_hEhk_ho ts_ha?ihk_j_ha:pE t_haEtSEBM	ElanEtSME?nEts_hopahit_hMmMaok_hEhk_hots_haihk_hEpEt_haEtSEBM
bora1263	a:nE t_hE:ha Mm1k_wa E?ni:JEk_wMMBM tiht_j_hM?a tSi:JE M ni:JMM?i ti:tSE ha ts_hanE:4E titSE k_wa4ak_ho?ihk_j_hanE p_hEt_hEh nE:nEt_hM M p_hi:B_jEt_hE t_hak_haCa:BEmEk_hE to?ihk_j_hatSE	EnEt_hEhaMmM4Mk_haE?niJak_hMMtMht_hMatSiJEMMni:JMi titSiEhaBats_hanEtMEMpa4ak_hoEnat_hEt_hEhnEhatMp_hiEt_hE k_hak_haha:BEmEhEtoihtSatSi
bora1263	to?p_hoh1 n1hk_haM mEts_haa	to?pohEnMk_haMta:tSimEts_ha:
bora1263	ts_ha?a t_ha?ti nE:mEBap_hEE mM?tM ts_hiEmEt_hM:pE ko4o:h1 t_hEpahk_hMma ih	ts_hlat_ha?tinEmEBap_hE?mM?tM?ts_hiEnEtMpEk_ho4ohMp_hEpahk_hMmi
bora1263	k_hiaBM?ha ats_h1:mEk_hE o p_hik_j_hoiJMnaaak_ha	k_hEBana:ts_hMmEhopitSojMnEM
bora1263	imi imi t_hat141?k_ho:pE	imi imiht_hatEts_hM?k_hopE
bora1263	a:nE it_jE itSMhMk_ho:i?_jak_ha nE?ik_j_hE t_haia:tS_hi 1hts_hamEi k_wa:hak_hMnE ts_h1:mEnEmM nE?ik_j_hE imahtS_hot_ha?E nE?ik_j_hE itSM pa:pats_ho?ihk_j_haa?i itSM o:BE?ihk_j_haa?i	a:nit_hEitSMhMk_hoi?ak_hanEik_hit_haa:ts_hMhts_hamEip_ha:hak_hMnEhts_hMmEnEminEik_hEimahtSot_haEnEik_hEitSMpa:pats_hoitSa:iit_hioBaik_ha:iE
bora1263	nEBaa ts_hihk_j_ho:h1 aB_jEt_ha4EhMk_ho ts_hiBi:M toopE	nMBa:tSihtSohEaBipEdMhnEts_hiBiMtopE
bora1263	a:nE E?tM ti:tSEk_hE E?tM iamE p_hats_ha4ik_j_ho?ihk_j_hanEtSi: ts_ha:p_hik_j_hE itSik_wMMk_hE p_hik_j_ho:t_hEmE tip_jE ina?pEnM	a:nE?tM tM titSEk_hE?tMamEpats_ha4ik_hohik_hEnEtSits_ha:pik_hEia:tSia itSik_hMMk_hEpik_hot_hEnE titSEk_hEtitina?pEnM
bora1263	a:nEBaa tit_j_hE t_hE?MtSEBM p_hE?MtSEBMhMk_ho tit_j_hE k_wamo?a:B_jE?ihk_j_hanE p_ha?i?k_wM p_ha?i?k_wM	atit_hEt_hEMtSEnEp_hEMtSEhEtiit_hEk_hBamoa:BiEEhEnEp_haik_hMp_haik_hM
bora1263	nEBaa ts_hM:k_ha mahts_hiBahMk_ho:mE im_jEnM?ihk_j_hatM	nEBa:ts_hMk_ha mahts_hiBa:Mk_homEimEnM?iMtM
bora1263	pots_hii ts_ha?ahMk_ho ts_hi:JE tip_jE mMht_hahMk_ho:t_hM	pots_hits_ha:Mk_hots_hiJEtipEmMt_hahMk_ho?anE
bora1263	a?tMhMk_hoBaa ik_watSo:nE t_hE:nE 1:k_hMi ti:p_jE k_wa:hak_hM k_wa?ta?i titSE p_ha:t_hanMhMk_ho m1:k_hMm1 p_ha:t_hanMtSE	natMhik_hoBaik_hatSoonEtMhEnMk_hMiti:pEatSiBak_ha?taititSEp_ha:t_hanMhik_hoantitSaMmMMk_hMMp_ha:t_hanMtSi
bora1263	tMBaa ts_hip_j_hEhk_ho p_hap_hEhk_hoBa4E	t_hMBats_hipE papEhk_hoBa4E
bora1263	a:nE ti: p_jE iCE:Mk_hE M:k_hMmEk_hE titSomMp_h1	atEipEhEMk_hE Mk_hMmEhEtitSoM
bora1263	a:nE t_hE?tM k_wa?ts_h1:pE4E p_hE?ihk_j_hanE E:nE t_hE:nE MmE?Eiji iEk_hE:BEmEk_hE tok_watS_hM?hak_ho:pE t_hE:nE ma:ni p_haJEBM	a:nEt_hE?tMk_ha?ts_hMpE4Et_ha:nEnEt_hEnMmEEjiitSonEijEk_hEBEnEnEpok_hatSopEt_hEnEmEnEp_haJEBM
bora1263	a?pa4iBaa ti:t_j_hE ko4o:mM	pa4iBa:tit_hEk_ho4om
bora1263	a:nEmaBaa ipok_wa:JMhMk_ho:pE ma:niM i:tSE ik_j_ha?p_hajMk_hopamaBaa p_hE?ihk_j_ha:pE ma:ni?aJE paJEk_wa:nE p_haJE t1:?o?aJE 1nE?h1 ihk_j_hanE?h1	a:nEmEBa:hiipop_ha:nMk_hopEma:niM itSE ik_ha?p_hajMk_hopama:BapE?Ehat_hEima:niaJEpaJEpa:nEp_haJEtMo aJEinE?hM ihk_hEnE?hMM
bora1263	Mm1?EBM tit_j_hE p_hE:nE tEhMBMhMk_hoBaa ti:t_j_hE mahtS_ho?aJE titSE nani?ihk_j_hanE ti:t_j_hE p_h1m1?ts_honE 1p_h1m1?ts_ho p_haJE amomE ihk_j_hanE?h1 to?ihk_j_hatSE 1hts_h1:mEnEk_wMM ak_hM?ihk_j_hatSE a:tSEtM nE:nEk_wMMk_hE matS_ho?ihk_j_hamE E?tM p_haiCMBa4E p_hahk_ho:h1Ba4E	Mmi?aEtitSEp_hEnEtEhMBMhMk_hoBa:tiit_hE mahtSoEJEtitSE naniik_hEnEtiitSEp_hMni?ts_honEEt_hEnM?ts_hop_hEJEamomEk_hEnE?hMtoik_hEtSE its_hMmEnEBMak_hM?ik_hEahatSMtMnEtSEpMmatSoik_hEmE?tMpa:MBa4Epahk_hoiBa4E
bora1263	a4otSEBap_hE MmE?E:nEh p_h1:nEM ts_hM:k_ha iitSit_j_hEnE i?CMk_hMnM	a4otSiBap_hEMmEEnEht_hMEnE4Ets_hMhitSit_hEnE ihik_hMnEE
bora1263	a:pEBaa nE:?ii ak_ha mM?tM ts_hi?t_jM4E nE:t_hMnE mM? mEk_hE ti:E ahk_hMnE itSM4EMpa atSitSE	hapEBanEak_hamM?tM?ts_hi?ti4EnEt_hMnEmM?mEtitSa:k_hMnitSM4EhMpa?atSitSE
bora1263	a:nE ts_ha M nE:it_j_hM nE?nijEE ts_ha?a 1:nE im_jEhaM t_ha:tSE ti?CMk_wM k_hMBa:?i M nE:k_ho:k_ha pots_hii Mk_hE M:patSEitSE k_hE:hM4i M p_hE:iJE	anEts_haMnEit_hMnE?ni?tSEts_ha?hMnEimiEhMt_ha:tSEtihik_hMk_hMBa:iMnEk_hok_hapots_hiEk_hMpatSoEk_hEhM4i?Mp_hEM
bora1263	p_hanE:4E tSE?ok_wa:nE pats1k_wa?EhMnE mi?tSEBamE ts_hM:k_h	k_hEnEtEtSEopa:nEpats_hMk_hE?EhnEmitSEBamEts_hMh
bora1263	t_hMts_hi:jiM pE?h1pa:nE4ijE ok_hE M tS_hihtS_hMM nE?tMhMk_ho o tS_hihtS_hMnE	t_hMts_hijMpEEpa:nE4ijEok_hEitSihtSMnEtMhMk_hotSihtSMnE
bora1263	tip_jE nE:k_ho:k_ha iJEE o nE:nEt_hM o?tit_j_hM ts1:nE?ihk_j_haa	tipEnEk_hiJiaonEnEt_hMo?titSots_hMnE?ihah
bora1263	a:pE pahk_hMnE nE?k_ho?ihk_j_ha:pE ti:p_jE iJa?pE	a:pEpahk_hMnE?tSMnE?k_hoihapEtMipiJa?pE
bora1263	hM: nE:pEBap_hE tSEBMhMk_ho tip_jE ihtS_hiB_jEiJMnE 1:na nE:t_hM:pE	hMnEpEBap_hEtSEBMhMk_hotipihtSiBEiJMnEina?nEt_hMpE4E
bora1263	a:n pMk_haha?ihk_j_hatSE E?tM tS_ho:k_hok_wM k_wa:hak_hM4otSE4E titSE p_hE:nE ?ahtS_hot_ha	a:pMk_hahaitSatSEtMtSohok_hMBahak_hM4otSEntiEp_hEnE ahtSot_h
bora1263	a4onaa nEEpE ok_hE tSi:?_janMtiJE tik_j_hMk_wa:pEk_hEnE mE:nMmEk_hE M tSi:?_janM:pEh1:Ba ok_hE M tSi:?_janMija?i	a4ona:nEpE ok_hEtSi:anMtiJEMtik_hMBa:pEhEnEmEnMmEk_hMtSianMpEhMBa ok_hEMtSianMjEi
bora1263	a:nEBaa E?tM iJE:nE p_hEhMk_ho:pE iJEiJMnE ts_hM:k_ha imi iimipahtS_honE p_hEhMk_ho:p	anEBatMiJEnEpEk_hopE iJEJMnEts_hMk_himi imipatSonE?pEhMk_hop
bora1263	a:tSEk_hE M titSoo t_ha:tSE k_hE:hM4i?ana o p_hEE	atSMtitSot_ha:tSEk_hEhM4Enop_hE
bora1263	t_hE:nE its_hok_hots_honE k_ha:nMhMk_ho:pE E:n ai:B_jEi k_ha:nM:pE k_wapM4Mhk_ho:pE p_hanE:BEts_ho:pE	ts_hEhEniits_ho?p_hots_honM?k_ha:nMhik_hopEna:ijMha:nMMt_hapapMdMk_hanEBEts_ho
bora1263	E?tMmEk_hEBa mM:nE mEp_ha:t_han	nE?tMmEhEBamMnEmEpa:t_han
bora1263	nEBa i?t_jM E:nE ianMmEiCa p_haJE ihk_j_hamE E:nE ts_hM:k_ha t_hE:nE imahtS_hot_ha?aJE mM?tM4a?haMpa?haa ihk_j_ha:pE k_wa:hak_hM mMnaahp_hi ihk_j_ha:pE t_hE:nE imahtS_hot_ha?aJE ts_hM:k_ha a:ti 1:k_hMik_wMM4E ha: mE:nMts_ho:pE 1:k_hMijE im1a mMnaak_h	ap_hatEnianM mEhapaJEihk_hamEnEts_hMEnEimahtSota:JEmM?ti mMpE4a?hp_hk_hEhapa:hak_hMmMna:pik_ha:EtEnimahtSot_ha:JEts_hMp_ha:ti Mk_hMiBM4E mEha:mEnMts_hotMk_hMamMna:
bora1263	a:nE ti:p_jE ponEts_h1k_hE ahk_hMtSE t_hE:nE it_j_ho?mEMBM ts_hihp_hik_j_hE ahk_hMtSE imahtS_hok_waBM	anE?tiipEponEts_hMk_hEahk_hMtSEt_hEnEit_ho?mEMBMts_hihp_hik_hEahk_hMtSimahtSok_haBM
bora1263	itS_hiMi t_hots1:BE ti?atSMBM o k_ha:hak_hi	itSi?Mt_hots_hMBEtEaik_hiok_ha:hak_hiEEE
bora1263	k_hiaBM k_ha:ni k_wak_him_jEi ti:p_jEk_hE mMM p_h1a:po	k_hiaBM?k_ha:nik_hak_himEtSEtipEk_hEmMMpMa:m
bora1263	a:nE4a a:t_j_hEE nE:pE4E ts_ha: o:mi:p_jE o:mi:p_jE ts_ha?ah tai?aJE tai?aJEMBM 1:t_hE?ihk_j_ha:pE a:nE4a?hanE itS_hiijE iJE:nE 1:t_hE?ihk_j_haapE i1:t_hE4onE ts_hi:JE it_jE p_hEhMk_ho:pE p_hEhMk_ho:pE it_jE k_wa?ahtS_hot_ha4Ei ihk_j_ha4onaa it_jE ts_hi:JE ko:k_hohMk_ho:mE ok_hE mM:tSE t_hat_j_hMhMik_wMMnE k_wap_hijMhk_hMti ok_hE mM:tSE t_hat_j_hMhMik_wMMnE k_wap_hijMhk_hMti	anE4aa:tSEnEpE4Ets_hamipiomihataEtaEJMBMt_hEhapEnE4a?anE itSiitSEiJEEnEEit_hE4EhnEts_hi:JE t_hEpEhMk_ho pEhk_hoBEpEhMk_hoit_hEp_ha?a:tSotEBMhk_hE4onEtSEts_hi:JEk_hok_hohMk_homEh
bora1263	p_hik_j_ho?ihk_j_hatSE p_hik_j_ho?ih p_hanE:4E i?Ca p_haJE pahk_hMnE p_hak_wah1h1	pik_hMEtSEpik_hMEpannEE4Ehapanpahk_hMnEpak_hahM
bora1263	p_hit_j_hahk_hotSE iJa:tSEk_hE	p_hit_hEa:k_hotSiJa:tSi
bora1263	mM:4a E?nE t_hE:nEt_hM	mM4E?nEts_hEnEt_hMmak_hts_hi
bora1263	itS_hi: t_hMhk_hEBEt_hMnE E?nE mM:pa i?CMk_hMnM?ihk_j_ha iJE:nE p_hE:tSE t_hEts_hi: t_hMhk_hEBEt_hM p_hE:tSE p_hE:tSE	mitSit_hMhEBatEnEBEmMpaihik_hMnMihaJEnEEt_hEts_hiit_hMhEtMp_hEtSEp_hEtSi
bora1263	ik_j_ho: k_ha ip_j_hEhk_ho k_hE:BanEk_hopa M aJMh mM?a mEts_ha: ti:t_j_hEk_hE mEtSi:?_janM	ik_hEok_hapEhip_hEhk_hok_hEBanak_hopMa:JMmMamEts_ha:n tit_hEk_hEmEtSi?anM
bora1263	a:nE Mk_hE titSE k_hE:BanE mahtS_hotSEtM M mE:nMM?i ts_ha M nE?nitSEit_j_hM	anEMk_hEtitSEk_hEBanE mahtSotits_hEtMMmEnMnEts_haEnE?nitSEt_hM
bora1263	E?tM ti:p_jE mahtS_ho MmE?E:nE iaht_j_hMm1iCM k_hats_hi:B_jEts_ho?ih	hEt_hEpipEmahtSoMmahtSoMmEEnEja:ht_hiBEEk_hats_hi:BEts_hoEhE
bora1263	a:nE po:nE k_hE:hM?a E?ni:JEBM M titSo?ahtS_hi: iCM EhM iCM EhM Mk_hE nE:	anEponEk_hEhMa?nijEtitSots_hE ihMhMihM?EhMk_hEnE?
bora1263	ti:p_jEma iJa?pEBanE ti:p_jE ta:tSi p_hE?MtSEBM4E p_hE?ihk_j_haapE	ti:pEmaiJa?pEBanE?tipEta:tSip_hEMtSEBM4Ep_hE?EhaBa
bora1263	ts_hihk_j_ho:h1 aB_jEt_ha4EhMk_ho ihapM4E ni?JEEts_hi:jE toopE	ts_hiSohaBEp_hEts_hEhk_hEEhEpohE ni?JEts_hiJEto:pE
bora1263	i?CMk_hMnM?ihk_j_hatSE k_wa?a: k_wa?a4omM: k_hiaBMamii amM?a	i?hik_hMnMihatSa:jMtSitSijomMk_hak_ha:4MMk_haBEmamE?anEmEp_hEi
bora1263	ik_j_ho:k_ha ti?tSi:JEBM ni:k_j_hEm1pa M p_hik_j_ho:nE4i ti:p_jEk_hE M tot_ha?h1nMM	ik_hok_hati?tSiJEBMhinE nik_hEmMpaMpionE4M ti:pEk_hMhEitot_ha?hinM
bora1263	a:nEBa?ak_haa i?t_jM E:nE E?tM i?_johts_h1k_wa p_haJE ipapaJMnE i?t_jM E:nE i?CaBM ip_j_hE:nE i?t_jM E:nE tip_j atSo:hanMnE atSo:hanMMpE	anEBaMk_haipEnE?tiohts_hMpap_haJEiipapaJinE?EnihaMipEnE?k_hEnE tEpatSoha ninEatSohanMta
bora1263	mM?tMami 1ts1?1:BanE4i tSi?ijo mEk_hE nMhp_haJMts_ho	mM?tMaBit_hMBanE4itSijomEk_hanMhMp_hajMts_ho
bora1263	a:pEBaa ts_haiCM 1hts_hamEi itSimMts_hik_j_hE iamEhk_hanMiJE k_wahp_hi: k_watSE: ihk_j_hanE	EBats_haEhMts_hamEtMitSimMts_hik_hE ihamEhk_hanMiJMBahp_hiBEtSEihk_hEnM
bora1263	a:nE iMak_honE k_wa:?imMnMMpE ik_wa:?imMnMnE p_hi:tS_hMk_hMiJMMpE	a:nEijak_honEpaimMnMBik_hatMBEBiBMnEpitSMk_hMjMm
bora1263	1:nE ts_ha:p_hitSEBaa oBE?E mMnaatSE	ts_hapitSEBats_hap_hitSEnEBa: oBEEmMna:tSM
bora1263	hmM: mM:t_hE hM:	mMt_hEhM
bora1263	ti:tSE ts_hM:k_ha ti:p_jEtiBM M:hEt_hE ti:tSE p_hi:B_jE:pE aCMk_wa	titSEhMaitMipEtiMhEts_hE titSEhiBEpEahMk_hM
bora1263	a:nE o imitSE t_hE:nE o t_hMBaanE	a4omitSEt_hEnEk_hoip_hMak_hiot_hMBaEnitSMh
bora1263	a:mEBaa i?t_jM a:nEtSii t_hE:nE E:nE ti:p_jE E:nE p_ha:p1?o i:?_jMnE ts_hihk_j_hats_hot_ha:pE: ti:p_jE E:nE nom1ht_hMk_hohE:M ihk_j_hamMts_hiti k_wanihk_j_hamEi	a:mEBa?tManEtSi?t_hEnEnE ti:piEnEappa:pM?oiMnEts_hihk_hats_hot_ha:pEtipiEnE nomEhtMk_hohE ihtSamMts_hi tik_hanihtSamEi
bora1263	p_hE:pE tS_hihtS_hMhMk_ho: ts_hM:k_ha ti:p_jE ts_ha:pEk_hE tSi?ih ajMk_wa ok_hE p_hiitS_hM	p_hEEpEtSitSitSMhMk_ho?ts_hMhatipEts_hMapEtSiajMp_haok_hEpitSo
bora1263	a?tMhMk_hoBaa tip_jE 1m1a:nE tS_ho:k_hok_wM titSE p_hE?ihk_j_hanE p_hE?ihk_h	a?tEhMBatMmEEnEtSohoBotitSEp_hE?EhEnEp_hEEE
bora1263	ts_h1ts_h1:BEM k_hMk_wa?ih	its_hMts_hMBEMk_hMk_hai
bora1263	t_haatSE: 1:nE im_jEhaM ti?CM k_hMBa:?ii nE:	a:jMMt_hEtSE4EnEmEhE?tiihMk_hMBa:inE
bora1263	a ts_ha itS_hi?h14i ts_ha:t_hEMpa amM?a	ats_hEitSihi4its_ha:t_hEMpa:mMamEk_hEt_hMnE
bora1263	E:E nE:tSE k_ha:ni?_jo i?t_jM p_ha?tM4E E?tM ihk_j_hanE	EhEnEt_hM k_ha:nioitip_ha?tM4E?tM itSEnEM
bora1263	ti:t_j_hEmaBa?ak_haa titSE o:noBanE E?nE ti:t_j_hE po:amM mEnE:nE nM?nE t_hE:nEtSii po:amM nEmEiJE nM?nE 1:nE imiCaM o:noBa titS EBaa o:noBan	tits_hMBahEnEtitSonoBEnEtMik_hEpoamM?nEnE nM?nE?t_hhEnEtSipoamMnEmEJE nM?nEnMnEmihEohonoBa?titSMh titSEBaBonoBanE
bora1263	ajM nahmE nEEtSE anE ts_hM:k_haha	EjMhMna:mEnEEtSEnEp_hMk_ha
bora1263	a:nEBaa nEEpE a:nM4EMpa?hanE ok_hE k_waCamMnM iJE:nE t_hE:nE it_j_hotSi:CM tEhMk_ho4i k_hats_hMts_hM?k_hMMpE E:	a:nEBn nEpE a:nM4Ehipa?anE?nok_hE k_hahiamMnMiJEnE tEnEit_hEotSi:hMtEhMk_ho4ik_hats_hMts_hM?k_hMhEE
bora1263	p_hE:pE p_hE:pE ts_hi:JE ts_hanEho4at_hM k_wahts_h1 ti:p_jEtiM	p_hEpEp_hEpEts_hiiJEts_hanEo4atMk_ha:ts_hEtipEtiE
bora1263	mM:t_ha i?_ja ok_hE iJa?pEk_hEBaa p_hi:k_j_hamM:ts_hMh1k_hE o to:nE k_hik_j_hots_hop_hEk_hoBE?ihk_j_hatSE 1:na o ahk_j_hoo t_hE:nE4i o k_hMk_waBEtSE o k_hMk_wa?i	mMt_ha?Eok_hEiJa?pEk_hMBa:pik_hEmMts_hMhMk_hM otonaitSMtok_hEk_hik_hotSopEp_hoBEk_hEtSEnaoa:k_hMt_hEEE4ok_hMBaBEitSok_hMp_haE
bora1263	a:nEtSi?_jEBaa t_hEts_hi?BM4E 1?BEhts_hoiJMmE ti:p_jEk_hE	a:nEtSiEBanEt_hEts_hM4M?BEhts_hok_himEti:pEhE
bora1263	ti:p_jEhMk_ho o amEhk_hanMijo:pE E?tM ts_hM:k_ha mE?tit_j_hM p_hE:nEE	tipEhok_hamEhk_hEnMijopE?tMts_hMhamE?tit_hip_hEnMM
bora1263	a:nEmaBaa ts_ha:pE ts_ha:pE ts_hM:k_ha t_hE:nE i?CaBM k_wa:oBa:pE p_h1:nEEhaBM	a:nEBa:ts_ha:pEts_ha:pEts_hMat_hEni?hEBaoBaBEp_hMnEhM
bora1263	a:nEBaa E?tM itSE:ponE tSi?k_j_hamEitSE	nEBE?tMtSEponE?tSitSamEtSM
bora1263	a:nEBaa ihk_j_ha4omE ts_hM:k_ha k_hMBE?4EhMk_ho t_hEnE nE:nEtSi: nEEtSE	amEBaihk_hE4onEts_hMak_hMBE4EhotEnEnEnEtSinE4E
bora1263	a:?1 iJE ihk_j_hamEk_hE ts_hM:k_ha ti:t_j_hE to:nE pahk_hMh1 o k_hMM iJE:nE4i tEik_j_hMihk_j_haapE	a:?iJEhk_hamEk_hEts_hMhatit_hEtonEpahk_hMh4ok_hMtiJEnE4itEik_hM?htSa:paa
bora1263	E?t1:BahM:pE?tEnE k_wa?a:k_hE o to:nE o ihk_j_ha:pEk_hE 1BE:k_hi ok_hE pahMnE4i i?tik_j_hanE?h14EhMk_ho maBa4itS_ho?ihk_j_hanE	hE?tMBahMpE?tEnEBaa:k_hE oto:nEoihEa:pEk_hE iBEk_hiok_hE pahMnE4ii?tik_hanE?hE4EhMk_ho maBa4itSoihk_hEmE
bora1263	1na?a:m1nE 1:?ponE ?atSMBM i:JM t_hat141?k_ho t_hat141?k_ho	Mna:mEEt_hMhMponEEtSiBMiJEp_hati4M?hoEt_hati4MhaBM
cabe1245	hE ra i ktUgE~	hEra itUgi
cabe1245	hE nE~ kalu i J\uwU rU kal patSO~glU	hEdEgalJ\ubUrU kalpatSa~dU
cabe1245	kaJ\uana~ i hana~tEnE~	ka~J\UwanE ha~natEnE
cabe1245	kawaunE~ i wakwa hu~ na~ tI kwawa~	kawa~niwakwahuna~tE bEtana biriUkwa~wa~
cabe1245	i hE~k kawa~ hE pasigU	Ekawa~hEpasibE
cabe1245	hEwa su~E~gE~ rU haulI	hEwaasuwa~gEra~hawri
cabe1245	pE hinO~gE~ pEJ\aba hinO~gE~ hinO~glU StU wa tEna~ StU	pE hina~gEpEJ\Eba hina~gE hina~glUStUwa tErna~StU
cabe1245	ma~ga i mE~nE~ulO ka huEnE~ swU iNga	ma~gaimanElOkahwEnEswUNgaa
cabe1245	tara ma~I~ pEkaga damI~ Jala ti su~a~ra damI~u Jala wUtsO~	tarama~ipEkaaramiJa~lawatiswa~ra paturamiJiJa~la wUtsU
cabe1245	J\is I~a~ ra na~ si	J\ErJa~rana~sii
cabe1245	hiE hE~k kUtiawa~ hE ra i kUtEna~wa~ ka i kUsau~ I~a~	iJ\EhEkUtiawa~hEra kUtEnawa~kaikUsa~U
cabe1245	ka wa~ i bugEnE~nE~ ta hE ti kima~nE~ i kanasta Siwa~wa~nE~ kalwU SkU i wa	kawa~ibugUnEnEta hEtEkima~nE ikana~staSiwa~wa~nEkalwUSkUiwa~
cabe1245	hEwa ka~ ka~ ma~u huigwEta hE kiEgE~nE~ rU	hEwaka~kama~higuEtahEkigEnErUhEbalmital
cabe1245	i tI i kalwa mE~nE~ iNga hE mE~nE~wEgE~itE EtaEta	J\EitU ikalUwaimEniNgahEmEnEwEgEitEtagEta
cabe1245	hiEwa ti SE sI~a~ ka~Ja~hiJa~ra hiEwa sEnE~l ba	hEwatESEsia~na~ka~Ja~hia~ra hEwasEnErba
cabe1245	hE kuEiNga i tI Egla gugawa~ kagaitE tEbEliJ\aga wUtsO~ mE~nE~tsE i wa	hEkwEgaitE hEklaguga~wa~kaga~itE tE bEliJ\UgagUtsa~mUnEtsENgU
cabe1245	ka sa tI sUk ktU SEwE~	kasatE sUktUSE saktUgrE
cabe1245	JErU du wU hana~wa~ i ska	Jia~rU duguhanawa~ska
cabe1245	hEmE~ra nE~ na~ hEra hEbi sa kibina~ hiwa sa rU i tatSiwa sa tUgE~ sE ktUI hEmE~ hiEwa dEu~lOtE hE wa	hEmEranEnahErEhEbisakbinahiwasarUitatSUwa sasaktUsUktUJ\i hEbiJ\whEtUtEhEwa
cabe1245	ObEhO mE~nE~wa~u mE~lItElIwa~ hu~ na~	hObEhOmUnEwa~a~ mUlEtElEwa~huna
cabe1245	hE hatana~tE i wUlaksEgE~ i kipablOEgE~ I~a~	hEha~tanatiiwUlaksEkEkipa bla~wEgEJa~
cabe1245	mina dUwUrawa~ hira tI ba di blE di blE bOkOr bigE~ hirU wE~gE~ kUu~ barama	sUmEnU dUwErawa~hiratarama~matE baJ\E dibl diblE bOkOlpikE hirUwEkumUbara~nU
cabe1245	sE hE ktU wa hE kiE rU sUk	sEhEktUwahEkiErUsUk
cabe1245	hE kuEiNga hiEwa hiEwa hiEwa dUgE~sau SkUgE~ Jala bUi wa	EntUNsE hEkwEga Ewaa~puEwaEwadUgEsa~SkUgEJarabUiwa
cabe1245	hE tI ska hE ti kanasta ma~Ja~l Siwa~wa~ka	hEtUitrEhEtikana~sa mia~Siwa~wa~ka
cabe1245	ta ka hiEwa wa~ hirU tsO~ watO~na~ hEbi pEwa kwa~wa~ StU ka kEtE	takawaJ\awawa~hirusUhuwatUnahEwipEwa~ kwa~wahitukakUti
cabe1245	JErU hiEwa tI tSaga hE ha~rga i pakkawa~itE JErU i mE~nE~tsE i wa~	JErhEwatE ambulasiatSagahE harga ipakawa~itiJErUimUnEtsEwa~
cabe1245	sirak tI tEbEliJ\aga bUiwa~ ba hE iNga i dama~ulO mE~nE~u~lOmI~	siraktitEbErJ\igabUi wua~ba hEgairama~OrE hENg imEnEhUrUmi
cabe1245	hiEwa bEtEulO i ditsU rU bOl i ditsU kiE hulablUwa ditsU kiE kibEiglUwa	hiEwarUtsa hiwabEtEirU iditsUrUbOl iditsUbUkiE hulaulahEmiditsUbUkikibEgUlUwa
cabe1245	kUgEu~ hEska ka~ kiEgE~nE~ hEsa ka~ Jala ma~u kiEgE~itEnE~	asEhkUgU hEskakakigEnEhEsakawUJUramawUkitEnEsatamaria
cabe1245	JErU sEla ka i wakwa kuna hu~ na~	JErUsEla kaEgwakwakunahuna
cabe1245	mE~nE~ JahiJara	mUnEmUnEsa~hUJ\urE Ja~hiJara
cabe1245	sE hEna~ hE hE wa~ pE wUmI~	sEhEnahEhEwa~pEwumU
cabe1245	hEska ra ka pE ta	hEskarakapEta
cabe1245	hE ti tuwa~ plaha hE ti hE mE~nE~u~mI~ tUr kUu~	a~hEtitUwa~plami hEti hEmEnEUmi tOrUkUU
cabe1245	hiE hE~k J\asa~ ti su~a~ra tSitSi dEsa~u~tE hiE kuEgE~	J\Eha~J\asa~tE swa~ratSitSirEsa~UtUhiEkuEE~
cabe1245	J\is tI pE tEbEliJ\aga na~ i su~a~ hEra mE~gE~ tI su~a~ J\is tIra	J\istE pEtUbEliJ\Ugana~hisUwa~hElEmEgEitE sUwa~J\UtEra
cabe1245	ma~ga i mE~wE~itE	maimEwEEtE
cabe1245	hEkEpa tSitSi tI Egla pakkanE~ kUwa~unE~ uEkiJ\O ha~rga na~ hukU J\OumI~nE~ I~a~	hEkEpatSitSitEglapakanEkwa~niuwEkiuha~rganahUkUJ\UNminiJa~
cabe1245	kuEiNgana~ Egla dugE~ I~a~ dugE~ I~a~ haka dugE~ I~a~	kwEgana~EradUgiwa~EstE dUgEiJa~haka~rUgiiJa~
cabe1245	hE dElEigara J\is ti su~E~ra kOnO bi J\abla bi dEulO bOl ma~I~ J\aba kablali kUpU ska	hEdErigara J\EsUwEra kUmUkOna~biJ\UblabinEdElUbOl ma~iJ\UbakabalikUpuska
cabe1245	hEska i mI~gE~ulOmI~ hugU i ha~rgE~sa~ diglUJ\aba iNga	hEskaimiErU mihugU hiha~rgEsa~digErJ\Ubaa~ga
cabe1245	hEra hiwa ra pE ti kbatSa rU hE rU piJa EbU wa	hEra hiEwarapiti batSalU hErUpiJaEbUwa
cabe1245	hEbi bUi kaga min minawa hatana~tana~ hE bEgEtsU	hEiwUkagaamEminawahatana~tana hEbUgEsU
cabe1245	sibU nE~ tI sa wagi ka sa wak katatiakka mEnE~bi hiEwa i kiar kEpi	sibUnEtEsawagEsawahkatatiahkamUnEbihiwikiarEkEpih
cabe1245	hEska bU JE~ mE~nE~u mE~nE~uwa~ i mE~nE~har hE SEna~kawa~nE~ i wU ha~rga nE~	hEskabUJEmEnEgmEnEwa~ma~nEha~r hESUnahkawa~nEigwUha~rga~nE
cabe1245	J\is ti su~E~ birana~ ta~I~ pE hu~ tsO~ blali rU Ja na~	J\istisUwEbirana~taUpEhUtsa~blalirEJ\UgarUbEJa~na~
cabe1245	J\aba J\aba hiawa~nE~ hE kEbE tI ra ka J\aba hiJa hE~k baglawa~ hiJa~	J\UbaJ\ubahiawa~nEEkUbEtEra kaJ\bahhEbUgalawa~hia~
cabe1245	hiEwa ksIrgE~ka kalabE mE~nE~ hiEwa hinO~ bi	J\UwaksEriEa~karabE mEnEJ\Ewahina~wi
cabe1245	tara hEska hEra i tsO~	tUrhEskahEraitsa~
cabe1245	pE ti bEgEtsEgE~ sa ktUgE~ra sa tI hiEwa nE~ SEgE~ rU	pEtibEgEsEgEsaktUgEgErasatEJ\EwanESigErE
cabe1245	hukU J\ahawa~ JErU hukU J\ahawa~itE	hukUJ\aha~wa~JiJErU hUkUJ\ahwa~ikk
cabe1245	ata i wagi hE bU mE~nE~u~ tI hak bU tia rU	ataigwaihEbUnEw tE hahbUtiarU
cabe1245	ba rama kUu~	baramakU
cabe1245	tsinE~pa hiE suargE~na~ J\U hE na~ma~ hE~k guga hiE hiE ra hirU wablU hiE kUtUwa~	sinEpa J\EtsuwaragEna~J\UhEnUna~mahEgUga~J\EEra irUwabUlUEkUtUwa~
cabe1245	na~ hiEwa rU	pUrkanaJ\EwahrU
cabe1245	hira sE hE wa~ hirU su~lI kablE hE su~lI sE hE wa~	hira sEa~wa~hilUsUrEkablE hEsurEsUhEwahEwaE
cabe1245	JErU mE~nE~u~ mE~nE~u~lOmI~tE hak mE~ i karO pa	iJErUJ\EwamUnEwlUmitE tE hahmiiikarupa~
cabe1245	hE klabE J\is su~a~ra ka~ rU ba hEska hiska sE kahali bi	hEklawJ\EJ\isUwEra~ka~rUbahhEskasakahalibi
cabe1245	pEmina SkinagatE i SEgE~ I~a~ hu~kU J\asa I~a~	pEmina~Skina~gatiSEgEJa~gUkUJ\asa~JE
cabe1245	mE~nE~tsEmI~ i wa~ kablE Jara hE kuEiNgana~ i kablE mE~nE~u~lOmI~nE~ Jara JE~ Egla bUina~nE~ ka Egla dUnE~wa~	mUnEtsEmiwa~kablEJara hEkwENgana~ iikablEmJErUminEJarapUkEna~Era bUina~nEkaEra duUnEwa~
cabe1245	hEska nE~ hiEwa bEtEu~lOtE rU	hEhaskanEJ\a~bUtElUtErE
cabe1245	J\is rU hulablUwa uharas sa bOtkU bU hulaglUwa ha~mE~ kibEglUwa	giskla~rU hurawurUwa hiiwUharasakla~rUswalwamEntE bOkUbUrUhulawurUwaamikibEgrUwa
cabe1245	i SEna~wa~ i SEna~wa~	iSina~wiSUna~wtimUat
cabe1245	huana mE~nE~u~mI~ i tUiNga	hwanamUnEnitU
cabe1245	hEska i wagi wUbla huErgE~ SObO	hEskEwagiwUblahwErgESubO
cabe1245	ka sa wa~ hE SEwa~na~ ta una~	sElUsaktUJ\EwahEwU kasa~whESEwa~nata nUkaUnU
cabe1245	hEkEpa i kahki J\UkU hiE ka I~a~ hirU mE~l kuEiNga	hEkEpa ahkiJ\igU hEka~a~hirUmErka~ga
cabe1245	hE ti tUhiEgE~ kUu~	ahEtEitUhikEku
cabe1245	Ja~ dUawa~ i J\ulU	Ja~dUwawa~iJ\UbaJ\UrUr
cabe1245	sE hE hu~ rU haulE	EhmUrUhawulE
cabe1245	hirda J\ugUsuwa EbU Ja~ patka	hiraJ\ugUswaabUJa~pakata~
cabe1245	hE i sigawa damI~	hEisigawalami
cabe1245	JEra kO kOJO karO mE~nE~tsE~ bUina~kanE~ EstabaglU	JErastEEkUstEkOJUwa~tEkarumEnEtsibUina~ga~nEtaba
cabe1245	ka rU ka rU sulwi kuna	karE karasUlibUnar
cabe1245	sE hE sE hE rU sigEi ta	sUhEEhEiiUmarU sigEita
cabe1245	hE wa Jala kablali hEnE~ rU sigEglUwa SkUglU rU hEnE~ rU sigEglUwa SkUglU rU Ja~hiJa~ra ka~bata na~	hEwa hiNa~lakabalihEnErUsigEglU waSkUlUrU hEnErsigl waSkUlU ha~hia~raka~batana
cabe1245	stE sE hE wa~ sE hE tsO~	hirpU hisEsEhEwa~sEhEkuturatsa~
cabe1245	hE wa bas bUtUgE~ bas tEbEliJ\aga iNga ra	hEwabasbUtUhEbastEbEriJ\igaaNgara
cabe1245	hiE hE~k ka~wa~ panE~ hE iNga	UJ\EhEka~pa hEiga
cabe1245	ma~I~ J\aba mE~nE~umI~ ma~I~ hatana~wa~ hE hua~ J\aba ana~ i tsaga JErU hE mE~nE~u tulI i hua~ I~a~	ma~hiJ\bama~nEa~mima~hsa~bErErhatana~hEhuaJ\uba hana~tsa~JEra hEmnEa~tUlEJ\hUaJa~
cabe1245	ka J\is rU kaJ\uwU ta i hugUmE~	kaJ\UrEka~J\gEtEhugUnEhUn
cabe1245	ka i JakO~nE~wa~	kahEhahEJakunEa~
cabe1245	pE ti SE	hitiSE
cabe1245	JErU i hinO~ JE~ wa	JErUhisikErUhinU JErEpUwa
cabe1245	sigEglUwa sEna~ hEgEpi wU tarbE	sigErwatsEna~hEgEbUbUtalbihh
cabe1245	hEska hiE suanawa~ ta~I~ na~ kEna~nara hE tI hiE kEtEmI~wa~	hEskai Eswana~ta~gEna~wU kUnara~na hEtUJ\EkUtUmiwa~
cabe1245	hEska ma~I~ bas SkaglE hEska bas mI~ bas i tSagE	hEska ma~EbaSkarEriska basmibagtSagE
cabe1245	i dama~u~ ti SEgE~ I~a~	hirama~tESia~p
cabe1245	sigEglUwa tI J\is I~a~ i pagal J\iE tI J\is I~a~ i SE hiEwa kalabE bEtEu rU ka~ kiE tSina kitSa	sigigrUwatatsihipagalJ\ia~tEwataigEiSE hiEwakarabEbE tEirUka~kEtSinagitSa
cabe1245	hEska i hE~k pakkakanE~ kagO~unE~ siwa~ iNga EtabagitSa nE~	hEska ihEpakaga~nEhkagnE siwa~gagatabagitSanE
cabe1245	hEkEpa pEmina dEunE~ i wU iNga pEmina tI hu~kU hu~kU J\aumI~ I~a~	ikEpapEmiradENUwUpEmiratEhUkUJ\aihUkUJ\aa~wiJa~
cabe1245	dEunE~ hiski iNga ra Egla ka huEna~ I~a~ bOl bU duhalinE~	dUNnE hiskigara EglakahuEnaa~sOlU bOlbUduhalinE
cabe1245	ka J\urU tI hiE tSEwE~	kaJ\UtEgEtSt
cabe1245	hiE ti Sa	hEtiSa
cabe1245	hE rU ObEhOwa I~a~ i tI kiEgE~itE kEtEwa~raitE	hErUamEObhUwaEitE hErEpUu kigEitE kUtEwaraitE
cabe1245	atara na~ hiEwa dEulO hiwa ra hi ka~ rU ka ka~ rU hibi sE hE ti su~E~gE~ kuna~	atarana~stE EwadEUlU hiwara ika~a~ka~rU hiwisEtisEgwUna
cabe1245	tara J\aba tI ma~I~ dOlOna~ kwa~	taraJ\ubatEma~iOsO dUlOnakwa~
cabe1245	hEska i mE~nE~u~lO tsatkU diglU ha~rga OsO hE~k baumI~ diglU ha~rga J\aba mE~nE~u~ diglU ha~rga	hEskmEnEglUtsa~kU diglU hargaOsUhEgba~midiglU ha~rgaJ\EbamnEdiglU harga
cabe1245	hEbi hiEwa sErgE~	hEbiJ\EwasEngE
cabe1245	hiEwa ka ktU dOna~ sE hE mE~ hiEwa ka ktU dOna~ sE hE mE~ J\ ka sE hE dOna~ hiEwa	hEwakaktudUnasEhEmEhEwaaktUdUnasa~hEmEkasE hEdUna~hUwa
cabe1245	wEiglU kanagaka siwa~ iNga	wigUlu ka~na~ga~kasigwa
cabe1245	hEska i sEna~	hEskahisEna~
cabe1245	hE Skana~ hE J\ulEi ti su~a~rana~ hiE hiE batawa nE~ hE sigawa Ja~ Skawa~	hESkana~hEsapUbritEsUwa~rana EEbatawanEhEsikawa~Ja~Skawa~
cabe1245	hE tsO~ kalwU mI~wa~ kalhula ha~rga	hEtsa~kala hUmiwa~kal hulaha~rEga~
cabe1245	bas bEtEu~ bas tI ka~ J\ulE ka~ ka~ kiE wa	basbUtE baEka~a~J\urEkiakika~kiEsOna~sur bwEnUsairEwapUntarEnasU
cabe1245	hEska bU i SEna~	hEskabUSEna
cabe1245	pEkaga tI tSina bUtsEgE~ I~a~	tSiipEgaadEtSinabUtsEgEJE
cabe1245	hE kuEiNga sa hi	hEkwENgasahikUsta
cabe1245	JErU i wakwa mE~nE~u~lO hEska maga kalwU kwa~itE	JErUiwakOamEnEUlU hEska ma~akalUwUkua~itE
cabe1245	tI diglU tkagaitE	tEdihulUhkaga~JitE
cabe1245	sE hE ktU wa ka~ kwa~wa~ mE~ hi sikwa ktU wa kiE uharas	sEhEktuwa ka~kwa~wamEhikUsikwaktUwa EkEbU haras
cabe1245	damI~u kOmI~ hE tI pE dEli su~E~ra	damikUmisEtEpE lEsUra
cabe1245	tsabataga bas dU bikIs kU wa	tsabatagabahdUbigiskUwa
cabe1245	diglU kUmE~ hulurgE~	diglE ka~mihulUrgE
cabe1245	i bUiwa~wa~itE i tEbEliJ\aga iNga i katsEmI~ i wa~i mwakwa hu~ga ma~I~ i dE wa~	ibUwa~wa~itE itEbErEJ\igahEgahkasEmiwEwagiwakwahuwa ma~idEwa
cabe1245	tara mitSi ka dulkanE~ mitSi buliramI~ mitSi hana~ rU mI~nE~ ma~I~ pE hinO~gE~ ska	tara mitSi kadurgana~ mitSibulElamibulEbUlEbulEbUlEblbUlEblE mitSihanarEminE maipUhinOgEska
cabe1245	hirU mitSi dul mitSi dul ska du su~a~ wa	irUmitSi dulU mitSidUlbEtanaska dUsUwa~binUkUluwa~
cabe1245	JErU kau JalawUtsO~	JErOwErEpUUhkaJa~lawUts
cabe1245	tsO~ bU	naturalEsUbUll
cabe1245	hEwa sE hEska sE gitSawa tsO~ hEnE~ rU sE hE turiwa tSUglI	hEwasEhEskasagitSawatsa~hEnElUsE hE turiwatSUgri
cabe1245	bEgEtsaitErana~ na~ma~ ka wa~ hirU wanE~ I~a~	bigitsatEnana~maka~wa~hElUwa~na~hak
cabe1245	hEska i tI pEbusi su~a~itE dahu~nE~ higwEtatEnE~ iNga	hEskatEpibUsiswEtE dahUnE ikwEtatEnE bisiklEtakiga
cabe1245	bEgEtsaitE rU i kaga tI i kaga mE~nE~umI~ J\aba mE~nE~umI~ bitSi ra	hEbigEtSatUlikaga tEikagraimUnEwUmiJ\wamUnEwamihEbEtSira
cabe1245	hiEwa tsO~ mO~glU ra hirU ra	iJ\awasUma~wUrUra hirEra
cabe1245	sigawa rU kibEglUwa	sigabarakibEgrUwa
cabe1245	JErU mitSi mitSi mE~nE~nE~ i bEgEtsU mE~nE~bi i tI du gugEwa~itE	Ja~rU mitSi mitSimUnnibigEtsUnEmnEbEitEkU dubugEwa~itE
cabe1245	hEska bas kUhUu~ra hE ra bas tsO~ka sE hE kE~i ha~rga ka~ kiE uharas	hEska baskUwUra hEra bahtsa~kasEhEkEiharaka~kiwU harras
cabe1245	wa bas bUtU J\abla J\urgE~ kEnE~ga wa	bEnUsaErEwa basbUtUJ\ObraJ\UrgEkEnEgawa
cabe1245	tI hEwa tI ka mE~nE~ sE sE ktU SE hiEwa hiEwa kimO~glU hiEwa aJ\udabaglU	pErUhElstaUtUlEJ\ElEJ\EkrEwa~mUtSuskE SEhEwatEkamUnEsE sEktuwaSE diErEntE hEwaJUhEwakimUrU hEwaJ\uawa~rU
cabe1245	hiEwa tI ka~ guga kiE i tI OgaJa~k ska	EwatE ka~guwakEitE OgaJa~a~ska
cabe1245	sE hE ktUgE~ hEbUnE~ rU haulI ktUgE~ rU haulI sE hE ktUgE~ haulI	sEhEktUgUhEbUnErUhawlEbUJ\EwaktUgUrUhawli sEhEktUgUrUhawli
cabe1245	i tsO~mI~wa~ hinO~ hEskanE~	hEtsa~miwa~hinUhEskanE
cabe1245	tUgapa hiEwa mI~gEulOnE~ hinO~ hEska i hinO~gE~	tUgapagEwamigErUnEhinU hEskaihinOgEE
cabe1245	hEnE~kEpa sa tI mE~nE~ OSkOrO ta~wa~ ha~wE~gE~mI~ Elina~ kU Elina~sa~	hEnEkEpa satE mUnEOSrUkta~wa~ha~wEgEmilinakUlinasa~
cabe1245	hE wa kutSi Egla turgE~ pis pis pis	wa kutSEratulkEpis pips
cabe1245	hEska kEbE ta~I~ dEsa~u J\aba wUmI~	hEskakEbEkta~idEsa~J\EbaUmE
cabe1245	hE hE tUna~umI~ i J\iga mE~nE~umI~nE~ hirU tsO~ hE tI hE tI hirU ma~ I~a~	hEthE hEtuna~miJ\iga~mEEwiJa~hilUtsa~n hEhEtE hiruma~Ja~
cabe1245	hEska i hE~r SEna~wa~ sigawa ti kwa~ i da i hua~ EtabagitSa	hEskihErESinawa~hEtsigawatEkwa~idaUhuwa~hEtabahitSa~hkh
cabe1245	pEmina hiE su~a~ pEmina siwa~ hana~mI~ bata iNga	tEbinatEhEswa~pEmina siwa~ha~na~wi bUtai
cabe1245	hiE ka i kianE~ tSitSi a~r tSitSi na~ma~ Skiwa~ka hE tI hiE kEtEmI~wa~	J\Eka~kEhEtSEtSia~wkEnarna~tSitSEnamaSkiwEiga~hEtUJ\EkUtEmiwU
cabe1245	ta ma~I~ i mE~nE~utE pE hinO~glU	tEma~imEnEtE pEhina~UlUbOlitSE
cabe1245	i halaksaitE bO	ihalasaitEmbU
cabe1245	ha~rga sa tI kE mE~nE~ hirU tsO~ ha~na~ bi hawE~gE~nE~ i na~	ha~rgasatEkE mUnEhirUtsUha~nabiha~wEkEnErina~E
cabe1245	kaganE~itE hEska Egla mE~nE~nE~ I~a~ i hua~nE~	kaga~nEitE hEska EglamUnEnEJa~ hUanE
cabe1245	hE kuEiNga hE Egla mE~nE~u tUiNga i mE~nE~u i SU i I~a~na~ hirU kuEiNga ka hiE I~a~ mE~nE~ Egla ka i kUganE	nEkwENga EhEgaamUnEtUgEimESUJEna hirUkJ\EkaEmEnEErakaa~EkUganE
cabe1245	kEpa i tSi Ja~ blakawa~ kal digi kal tEki mE~ nE~	kEpa hitSiNa~blahkawakal digikaltigimEnE
cabe1245	JErU hE bEtEu~tE bEtEu~tEnE~ ma~I~ na~ma~ kablali ska	JErUJ\iUbEtEwa~tEnEE na~ina~magawaaliska
cabe1245	kEpa i hE~k su~a~gE~nE~ hE~k su~a~gE~nE~na~ su~a~glU hiE hE hE~k pahiawa~ rU bUi nE~	kEpaihihEkswa~kUnE hEkswa~gEnEna~hEswErUJ\EEhiahEhEpahJ\a~a~rUbuiinE
cabe1245	hEkE~inska ha pEbusi hE Skina~kanE~ EtabaglU hE mE~nE~u~ tuna~tE	hEEkEskarahalastE pEbusihESkinaga~nEtabaglU hEmEnEa~tuna~tE
cabe1245	kEnana~ ka sa sE~r ku~na~ uharas	kEna~akasasErgunabUharas
cabe1245	hEska huana ti Sa I~a~ ba hE~k hawatE ba SkUtE	hEskahwana~tiSa~Ja~bEEha~wa~tEbUtSkUtE
cabe1245	pE tsO~ rU huEla Ja~ kbU bi	hEtsa~rUhUrana~hJa~kbUbi
cabe1245	tarana~ hEska dahu~ Egla ra dahu~ hE tI hiE hiEgE~ga tsEgE~mI~itE hEska i tsEgE~mI~itEra na~	hrana~hEkaa~EskarurawEgrasrakarurawUrana~ hEtEJ\EhigigatsEgEmitE hEtsEitsEgEmitErana~
cabe1245	baumI~itE hamI~ hu~kU kEnE~ga i tI	paUmiitE hamEhukUkUnEaitE
cabe1245	hEkEpa hE~k kUtiawa~ ma~I~ ka~rbU blali ska	akEpa ka~tUna~hEhEkUtia~a~ma~ika~rbUblaliska
cabe1245	sa tI pE dEli bU nE~ suE~gE~ pE pE pE rU haulI	satEpElibUnEsUwEgE pEbasupEkuSarapE latrhawUlE
cabe1245	ka I~a~ SkErnE~ klU iNga	ka~ha~SkErbEklUiNga
cabe1245	JErU bEgEsaitE i mI~ hu~ kwa~wa~ mE~	Ja~rEpikitsaitimihUkwa~mE
cabe1245	hiE ti su~a~ hirU hirU klabE ka hE I~a~ hiE wanE~ mE~nE~bi	hEtUswa~hiihirUklabEkahEJa~Ewa~nEmEnEbi
cabe1245	bitSiwa ra i na~ kba tSitSi tsO~ ka~ hEwa ra i na~ kba	bEtSiwarEJa~pa~tSitSitsa~ka~J\igirigna~rEJa~pa~na
cabe1245	hEska pEkaga hE~k kahkanE~ i bEgEtsUnE~na~ ma~ga hEra i kanasta kalu Siwa~ kalwU ra	hEskapEkaga~hEkakanE hEbEgEtsUnEna~ ma~gahEra Ekanasta kalUkSiwa~kalwUra
cabe1245	sE bUtUgEu~tE dia dia ra na~	sEbUtUgitEJ\aJ\awUmUnUsairErEna~
cabe1245	hE tI i kba pa	a~tihpapa
cabe1245	katE ska hE	iilEsEgatEskahEkiilEsia wa~mEtUistE
cabe1245	hiEwa migE~ulO hirU kU hirU kU mI~galEla i SEgE~itEna~ i mI~gE~ulO rU hirU ktU hE wa i Ja tSEwagE~ hEla	EwamigEulu hirUhkU hirUhkUsinUmiga~rEraitSikEitEna~imigEulurU hirUtUhEhEwai Ja~tSiwagEhEla
cabe1245	hiE mE~nE~u~ kUu~ hu~ Etka na~	iEmEnEkUhwEhkana~
cabe1245	JErU hEkE~inska tSitSi dahu~ hE ar kO i wU na~	JErUhEstE hEkEskaJ\tSitSidahUhE harkUitUwUna~
cabe1245	hEska bi bU i wakwa duhali bi bU hEska bU i O~na~wa~	hEskabibU hEgwakwaduhalibibU hEskabUihUna~wa~
cabe1245	tara tara hiEwa sEna~ dEmI~u~ tara hEska hiEwa J\aba ta hiEwa J\aba Egla rU hEJ\iwa	tara~dia~tara~J\EwasEna~dUmi UtEmpU tarahEskaJ\EwaJ\ubata EwaJ\ba ElarU hEJ\iwa
cabe1245	kiE rU	kirU
cabe1245	mululbE J\abla dEulOnE~ra i hina~	mUnErbEJ\UbradErUnEraEhina~
cabe1245	i mE~nE~umI~ mE~nE~u huna~umI~ka bUi	himEna~himEimEna~hUnaUmEkabU
cabe1245	JErU mitSi bEtEu~nE~ hE~k kawa~ i bEgEtsU mE~nE~bi i gugEmI~wa~itE	JErU mitSbUtUnE Eda~ibigUtsUnEmUnEigugamiwa~itE
cabe1245	dEga~unE~ huEi siwa~ iNga ska ra du J\aba bi tSirgE~nE~ i ra	dEgawUnEhuisiwa~Naskara duJ\UbabitSirgEnEirar
cabe1245	hEska ka sE mE~nE~ hE ktU mEnE~wa~glUumI~ Ekka uJa bU kuna	hEskakasamEnEhEwUtUmEnEwa~gUrUmiEkawiJa~bUgUna~
cabe1245	tara du ti bEgEtsa mE~nE~bi i SkUmI~u i J\iga mE~nE~bi i SkUmI~u i J\iga	tala dUbtibigEtsa mUnEbiskUmiJ\igamUnEbiskUmiJ\igE
cabe1245	hiEwa huEna~rana~ sE hE na~ hE hE wa~	hiwa~ihwa~na~rana~sEhEna~hEtUhE hEwa~
cabe1245	bukE tuna~umI~ i su~a~ hE hiJa~ kUu~ i sEpE mE~ i wUmI~	bUkEtuna~misa~hEhia~kUsUpEmiwUmi
cabe1245	hE~k hawa~tE hEska i Ona~ tEna~	hEhtsUhiha~wa~ti hEska iOna~tEna~
cabe1245	ka J\OrU kuna~ ta kEbiJ\E rU ka~J\aka wa hEbu nE~ sigana~ hE wa bU nE~ sigana~gE~ rU	kaJ\UrUkunata kUbiiJ\ErU ka~J\agawahEbUnEsikinakOmihEwahEbUnEsikinagErU
cabe1245	hiEwa tI rU kasri bi kOnO bi hirU bi tEgE~ hEmE~ tSOmO~ i rU SkU bi rU hE bUtUgE~ hE kEgE~itE	J\EwatErUrEkatsribikOnUbi hirUbitEgEhEmitSUmUirUSkubirU hEpUtUgEhEkEgEitE
cabe1245	hiE ti kaSEgE~ I~a~ mE~nE~bi i klUtiU	EtEkaSigEJa~mUnEbikUrUtiwU
cabe1245	J\aba tI hE mululbE J\aba tUhiatulamI~ ka~J\aga ha~rga hE tUhiaumI~itE hEska i mE~nE~umI~ ka~J\aga na~ mululbE J\abla ra hinO~	J\UbatEhEmUnUlbiJ\UbEatuna~tramika~J\igaharga hEtuhiagmitE hEskaimUnEmi ka~J\iga na~mUlbiJ\Ubara hinO
cabe1245	i Ja~kJ\aka pasigEgE~itE kEpa i huEla bi i kEi ksEgE~itE ba hE wUbla wUtiUgE~ hEhuEta	UJa~J\iwapasiJ\EgEitE hEpahwErabikEsEgEitE bahEbUra wUtiUgE hEwEta
cabe1245	hiEwa tI sE hE I~a~ sE hE I~a~ i wa~ mE~nE~bi I~a~ i Sa mE~nE~bi hiEwa dEulO hiwa ra	J\EwatEsEhEa~sEhEJa~JUwa~na~nEitsEa~SanEidErU J\EwadEgUrU hiwara
cabe1245	tara i mina i kEglUwa dEulOnE~ hEskara hu~ na~ nE~ tI ka J\aba kOnE~ tI J\aba J\aba J\aba ka kuna~ kUpU	tarEmina ikEUlUwadUlUnEhEskara huna~nErtikaJ\ubakOnE tEJ\ubaJ\ubakwa~J\ubakakunakUpU
cabe1245	sE hE rU sE hE rU	sEhErU sEhrUhgihEna~
cabe1245	sE hE ti su~a~ra du J\aba kahkinE~ kEtEgE~itE bia kEtEwa~itE	sEhEtisUwaraduJ\UbakahkinE kUtEgEi biakUtEwa~itE
cabe1245	hEska Egla tI kalwU ma~nE~ I~a~ ma~Ja~l nE~ hEska i huna~umI~ huna~umI~	hEskaEEglatE kalwUma~nEJa~mia~lnEha~skaihuna~mihuna~a~mi
cabe1245	sE hE hu~ rU kal sE hu~ rU sUkkU ulukU	sEhulUka sEhurUsUrk hulUkU
cabe1245	su~a~itEra i hE~k kaga tara ka iwa~ hirU	swa~itErE ihEgaNatara kahirUwa~nEhia~
cabe1245	mE~nE~bi ka wa~ i kunE~nE~ na~ kU hakkaitE hEkEpa kUktU J\aitE	wEnEbika~waikunEnEna kUha~kaitE kEpakUtUJ\aitUbUtsi
cabe1245	pEmina tI J\aba hE~rSEwE~gE~ hEska i kEmE~gE~itE kUpU ska	pEmina~tEJ\abaha~rESEhEskahEkEmEitE kUpUska
cabe1245	hEbUnE~ wa pE tI bEgEtsEna~ ka sE I~a~ ksEra hE ra hE ktE rU kwa~wa~	hEbUnEwapEtEbEgitsEna~ katsaJa~sErlahErahEktErUkwa~wa~
cabe1245	tara J\aba ka kOnE~	taratSibakakOnE
cabe1245	hEska i waJ\ina~ ka rU kuna I~a~ hiEwa tSa rU hE kUu~ sE hE tSa iNga	hEskEwaJ\inakarUgUnana~hiEwatSarU hEhkUsEhEtSaiga
cabe1245	JErU i hE~k pakkawa~ tara du ti su~a~ i daga~u wEkO na~	JErihEpakawUatara dutigsUwa~iraga~a~tugwEkuna~
cabe1245	bEgEtsa J\is i kEtEgE~wa~itE lE O mE~lEtSEgE~itE rU	bUgUsaJ\UnikUtEgEwa~itUlEimUlEtSEga~itirU
cabe1245	JErU hEska alaglUwa dul hEska hE ra i ktUgE~	JErU hEskaEstEhalahlUwadul hEskahEra hitUgi
cabe1245	hEska bas bUtU sUk ka~ I~a~hiJa~ra sUk	hEskabasbUtUsUka~Jahia~raUsUk
cabe1245	ta mitSi ti bEgEtsa mI~wa~ hu~ hu~kU kEnE~ga	tamitSE tipigisasmiwa~ hukukUnEga
cabe1245	J\aba paglU hiEnawatana~nE~ kal bata mE~ kaSana~umI~	J\UbapaUlU hiEna~wa~tananE kalabatamE kaSana~NUmi
cabe1245	i damI~u~ kOmI~ EglauJa J\aba rU alaglUwa	hiramikOmiEgla~wEa~J\abarUhalalUwa
cabe1245	hu~kUwa Jala wa hEska SkUglU sikwa ktU wa kiE blali	hukUswa Jarawa hEskaSkUbErUhEsikwaktUwaEkipEntE blari
cabe1245	sigEglUwa ti pagE hiEbi hEska ra ka Jala ta ba SkUglU ta~I~ bitSi sisulO tI sE hE Jala sE hE Jala SIwE~gE~ sE wU na~	sikigUrOwatipakEhiEbi hEskara kaJalataa~baSkUgrU ta~ibEtSi sisrU tEsEhEJa~sEhEJaraSiwEgEsUbUna~
cabe1245	JErU hE batamE~ra i su~a~itEra dahu~ hE dahu~ rU iNga	JErU hEEbatamira hiswa~itErapOkadapErU hEdaUrUmUlEtagia~
cabe1245	J\is su~a~ra ka sE kulina~wa~ ta hirU pagU kuna	lisUwUrakasUkulinawatahirUpagUwUnl
cabe1245	kUtiaitE plaha i tsagu kEna~ nE~ hirU mE~ hE bUgana~u~mI~ gugaitE siwa~ iNga	kUtiaitE plaha~isa~kEna~nEhirEUmEhEbUbana~mEgugahitE siwa~Nga
cabe1245	su~a~hEna~ sigE pE sikwa kEl i J\aba	sUwa~hEna~sikispEsigakiriJ\Uba
cabe1245	ta i wU hana~wa~ kE hEska hEnE~i na~ i hE~k pakkUka dUga~u du ska	a iwUha~na~a~kEhEska tUwUhEnEina~ ihEpakUgadUgaduska
cabe1245	na~ma~ damI~u~ hiE hiE su~a~ i tUiNga na~ma~ ti tUhiEramI~ i kUna~nE~ramI~	namadamiEsUwa~hEtUNga namatitUhiEramiikUna~nErami
cabe1245	hE bEtE~u~ rU hEga hamI~ ka~ talamaNka	hEbUtUlUwhEka baila strEa a~mika~kitalana~ka
cabe1245	hEska hiEwa Ja~ dUwUgE~wa~ hinO~ hinO~ hiEwa hinO~gE~ wakwa bU	skaEwaJa~dUgEwa~hinUhinUJ\EwahinUgEigwakwabU
cabe1245	hEkEa ka J\urU wa~ i sunE~	hEkEkaJ\irwa~sinE
cabe1245	ka i hukU kUJ\Er I~a~	kaikwUkukUkUJ\EriJa~
cabe1245	kalabE rU Ja~EbU	karabErUJa~hEba
cabe1245	sa SkablUgE~ hiska sa kEbirgE~ rU hiska uharas	saSka~blU hiskasakEbilgErhiskaharas
cabe1245	hiEwa tsO~ hiwa sa tsO~ hEbi sa damI~u~lO pE Sana~	J\Ewatsa~hibasarsa~hEbEsaranUlUpESa~na
cabe1245	hEhuEta i huEla kEpi i mE~nE~tsEmI~ i wa	hEwEtaihwEragEpi imEnEsEmiwa~
cabe1245	hiEwa tI nI~ma~ gugEgE~rana~ hiEwa tI hE wE~gE~ rU tSOmO~ ra hirU ra	hEplUJ\UatUnimagUhUgrana~J\awatEhEwEgErtSOmOra hirUra
cabe1245	hEbi bU J\is su~a~ hEska i Ona~wa~	hEbibuJ\isUwa~hEskaha~nawa~
cabe1245	sa tI sE ktU SEgE~ kabEkar	satE sEktuSigEkabEkarU
cabe1245	hEkEpa sa ti padlUwE~gE~nE~ J\ukU iNga nE~	hEkEpasatipadrUwEgEnEJ\ugUganE
cabe1245	JErU i wU na~ i dama~u~ plaha EgwEta i hana~mI~ EkkauJa i tsagu wUtUwina~ hana~mI~	JErUiwUna~ iramaplaiwUti hana~miE ka~wiitsa~gbUtUhana~mU
cabe1245	hiE ta~I~ bEgEtsaitEna~ i kUu~	J\Eswana~hta~EbgUtsatEnihkUN
cabe1245	JErU i i bOlkawa~na~umI~ JErU ti su~a~ra i dUawa~	JEri ibOlkarwa~na~iiJErUstEhUkahEstsapUtUswa~ra iduwawa~
cabe1245	hEga J\is bEtE~u~ rU	hEkaJ\isma~mitabUtUlUrrr
cabe1245	hiEwa kOstumbrEwa mE~nE~ sa J\UkUgE~	iEwa kOstumbrEwamUnEsaJ\UgUgE
cash1254	anabi4a habiaska4iaki4a~nikiaki	anabi4abaiskadkijnikikitSus`tu
cash1254	ikua iki4a~ ha dunu~bi4a~ jabubai~ki~4a~	ikuaiki4a~4unubi4a~jabubaki4a~4uwu~
cash1254	tamai~ ka b@isma	tama~ka@p@isma
cash1254	ma huikiki is`u~ @~ ni~kanuna~ ha ki~ huki4a~	hahukiis`unika4u~hakiuki4a~
cash1254	nuku itanabu huii b@s`u~ nu~ bai waniki	nukuitanabuhuwi bs`unubawaniki
cash1254	matu nawa s`@ni Sinamabi4anai	matu nawas`@nis`ina~mabi4a~nai
cash1254	si4i~ kibi4a~ hana bi4isbi4is akatsi	asi4ikibi4hana~bi4isbi4is`akatsi
cash1254	ka4iw@ akabi4a~ ia ita~bi4a~	ka4iw@akabiiatabi4ai
cash1254	tSakas`u~bi4a~ u~pas`ki aki~4a~ aki~	tSakas`ubi4aupas`kipuakina~puuakia~
cash1254	@~ ai~ja huniki ika	ha@a~jahu~nikika
cash1254	ai~ hatuki jauSia daki hiw@mis	a~hatuk@jawus`i4akihiwumis
cash1254	s`ubu was`u~ ma4i~ tsakaki~4a~	s`ubuas`umaa4itakakina~
cash1254	@wapa4a~ jan@ b@niama4a~	abia~kupa4ajan@b@4b@niama44n4n4n
cash1254	ma @a jum@ waki~ inu~ haska @~ dak@isma inu~ @~ miSina~ ui~mis dua	ma@@ajum@akinuu~haska@4ak@imainu@mis`inauimisua
cash1254	na4a~ sa~ isi44uki	na4a~sa~isiduk@
cash1254	ma habia4i dunu~ tSakabuaima	mabia4i4unutSak@buima~
cash1254	m@s`um@4a~ ibi4anabu s`an@~ibubus katukuta~ pub@~bus katukuta~	m@s`um@4a~ihbi4@anabus`an@ibubuskatukuta pub@buskatukuta
cash1254	taka abai~ tukua~ dakabi4a~	takaabitukudakabi4a
cash1254	ba4a~ku p@sk@ta~ s@~k@ta~ katSa wa ta4i bak@mis`ti~buja nawa katsi mawaki~4a~	ba4a~kup@sk@ta~s@k@ta~kahtSawata4ibak@mit@b@a nawakatsi mawakina~
cash1254	s`@bum kapa~ b@s`a b@tSinikiaki	s`@bukapab@s`ab@tSinikikik
cash1254	dunu m@Sina4aka	dunum@s`ina4aka
cash1254	ai~ tamani hunikiaki	a~tam@hunikiaki
cash1254	hanu nu~ us`aSinai	hanunuus`as`ini
cash1254	manaja ha hatu juSi~ biki~	manaja hahatujus`ibiki
cash1254	ua haw@~ bai tapinikiaki hanu iwa~s`inabu4a~	wahaubaitapinikiak@hanuja~s`in@bu4a
cash1254	ana haw@~4i kaimas`u~ ana ha hiw@kai~ja ikama n@4i d@pi hiw@s`u~	anahaw@4ikamas`uanahahijukaikaman@4i4@pihiw@s`u~
cash1254	nu~ nu~ hajaniki m@s`uki4i	nu~4isajunuhajanikim@s`iki4i
cash1254	nu~ mitsa~ki~ ta@ wa4a~ nuku~ huni @wabu~ piki~ ta@ wamiski d@kujatuna~ nuku haw@na ina~ki~ kikai4a~	nubita~kita@wa4a~nukuhu4iwabupikita@wamisi4@kujatuna nukuhaw@nainakkiikikai4a~
cash1254	ha na is`ki~ usua4a~ is`u~ daki bipaiki~	nanais`kiwusa4a~s`unakibip@ki
cash1254	haskajabi4a~ mananu4i mananu4ibi4a hawa juiama tu~kua dakanikiaki	hawaskabi4a maunimanunibi4hawajujamatukua4akanikiaki
cash1254	bak@is`ta jum@i @~ anikaja4a~	bakitajum@ @anikaja4a~
cash1254	puku ata~ daki	pukuwatanaki
cash1254	ku~taanu nu~ huniki	kutanunhunikii
cash1254	ha4uku~ ki~ ma kaSia~	ha4ukukimakas`ia~
cash1254	daki ui~ta~ti tsua ikim@~kai~	4akiumita~ts@tsu~ikin@ka~
cash1254	@wa~ h@	iwa~@bi4ahi
cash1254	bak@jak@~ @ki kas`@nibuki	bakiak@@kikas`@nibuki
cash1254	na hatu~ Siwati mania	nahatu~s`iwatimania
cash1254	mi~ ainumam	mia~jumam@
cash1254	haskabi4a ha s`awa~ b@nikai~ katsi	haskkabi4as`awa~b@nika~ika~tsi
cash1254	unu h@mai~ti~ ti4i~ anu~bu~ bi4a	unuh@maiti4ianububi4a
cash1254	unu ti~ku ma4ia anus`u~	unutikum@a4ianus`u~
cash1254	hania akabi4a	haniakabi4a~
cash1254	Sinu~wa~ b@tsa b@tsapa4a~	s`inuab@tab@tapa4a~
cash1254	hai p@maka isunai ikatsi kakau~bi4a~ na~tana~ta ikau~bi4a~ isu~	p@maka@isua~ikatsikakumbi44ta4a~takami4i isu~
cash1254	saisai ikaibuanus ikai sai ituSinibukiaki	ssaikaibuanuksaitus`inibukiaki
cash1254	hanus`u~ @~ hajaniki	hanus`u~dubaitikaumunuhauniki usu4umat4u4a~
cash1254	ha kua44iabu4a~	hakuwa4diab@na~
cash1254	huai kai uina is`u~bi4a~	hwakaiuja~s`ubi4@
cash1254	ana b@tsa akabi4a~ unu habia b@4@~ b@4@~ nianusbi4a~	anab@tsakabi4hkataik@nhabaib@@b@4@nianusbi4@
cash1254	haska waabi4a~ b@n@jata~s`inakiaki	hasku~bi4ab@n@jatas`inakiaki
cash1254	jais` bita~ putaki~4a~	jais`bita~putakina~
cash1254	hanua @wataskaki~ @~ kukabu~ @a tanitSim@s`u~ @a tsaka jusinibuki	hanua @wataskaki@kukabu@atanitSim@s`u~@atsakajusinibuki
cash1254	ainuma nuitapaki~ mia akai4a~	a~ju~manutap@kimiak@4a~
cash1254	itamama s`unuwa~tiubi4a~ s`unu hatiumatiubi4a~ haw@~ ibu ai~bu4a~	tamabas`unuatbi4a s`unuhatumatiubi4a haw@ibuabu4a~
cash1254	unu nuku~ nabu ui~bi4anai i~bi4a anu @~ huai b4asil ma @a atSi k@ma @~ hus`uki nuku anikiaki	ununukunabuwibi4a~nai ibi4a4uwa~huab4asima@a atSik@maa~wus`ukinukanika~
cash1254	kaii huii t@s`a na mik4i 4au b@sui t@s`@anu	kahut@s`anamik4ik4auib@suit@s`anu
cash1254	hatua tapi~ s`a4as`anu~4a~ tapi~juikiki4a~	hatuatapis`a4as`auna~n@us`u~tapikiki4a~
cash1254	unu batSi k@n@jap@pa saw@a	batSik@n@jap@pasaw@a
cash1254	tSutSu mamaki tsakaki~ mi~ ts@kati4uma wabai~s`ina4a~	tSutSuwamakitaakimiat@kati4um@waba~s`na4a~
cash1254	tSas`u~ ati s`ubu waki~4a~	tSas`uatis`ubuakinan
cash1254	hatibu nuku s`unubi4animabu	hatibunukus`unubi4animabu
cash1254	ha tSi	atS@
cash1254	ha @~ ibu ai~bu inu~ @~ kuka4a~ ibu ai~bu ta4ajaki baka waibuabu~	ha@ibuaibu@kukanu~ibubuta4ajakibak@huibuabu
cash1254	p@ki huw@	p@kihu@
cash1254	ma~ haskas`anai @a~4a~ ha~tSa kui~4a~ matu jusinai	mahaskas`anaji@ana~hatSakuju~i4a@matujusiai
cash1254	ha habianu ijuw@ habianu ijuw@ abai~nikiaki	hahabianuijuw@habainuijuw@abainikiki
cash1254	hunis`u~ mi~ ai~ pi~tsi waki~ mi~ bak@bu pi~tsiaja	hunis`u~nia~pintsiwakimibak@b@pints
cash1254	nuku haska wamisbuki	nukskawams`uki
cash1254	nukuki p@na kai4a~	nukiip@naka4a~
cash1254	natia~ @~ bak@bu pi~tsi nik@mai ita~bi4a~	anatia~baak@bupinsiniik@m@tami44a
cash1254	ha ibua~ bitanu~ ha ibu b@s`u~	haibua~bitanuhaibup@s`u~
cash1254	tu~ ikai	tu~kai
cash1254	iskal inu~ ki~ hui4a~	iskal inukihui4a~
cash1254	hatu~ kajati daki ma waai	hatukaiti4aki maw@i
cash1254	ham@~ dima4a~ hamaki haw@~	ham@dimanha~wahamakihau~4@ipatamintuki
cash1254	na4a~ haki hatu~ bai4a~	na4ahakihatuba4a~
cash1254	haska wasnuis`u~ hanu @~ bak@is`ta hanua @~ jum@ hai4aniki	haskawanuis`wahanu@bak@itahanuwa@jum@ha4aniki
cash1254	bi itSapa hai4aki	biitSapaha4aki
cash1254	@a dunu~ s`@aSinaki ikatsibi4a~	ia4uunus`@as`inakikatsaibi4a~
cash1254	una~s`ubi4a daki n@tsuku~baini ha ia~ @waSina daki n@tsuku~baini	unus`s`ubi4a4akin@tsukubaini hah@n@ia~@was`ina~4akin@tsukubaini
cash1254	haw@~ s`ubu was`u~ mitus`u~ pimaki~	haw@s`uwas`umitus`u~pimaki
cash1254	nuku b@nabubuki~ nuku ita~ nuku nan@baina nu~ kaniki	nukub@nabubukinuitanukunan@bainanukaniki
cash1254	haw@~ pia k@pi~ta~	hapiak@pinta
cash1254	mi~ mima~ daka	ninimadaka ii
cash1254	mi~ iku~ ikai mi~ ibumam@~ akabi4a~	miikuka miipumam@akabi4a~
cash1254	habiaska wata~s`inaki is`ki~ pui mukais`ta4a~ @~ waSinaki4a~ akabi4a~	@habiaskawata~s`inakkiis`kipumukas`ta4a~ws`ia~ki4a~kabi
cash1254	unu akui~ta nis`u~bi4a~ juinikiaki @a haska wajamaw@	unuwakutans`ubi4aijuinikiak@haskawaimaw@
cash1254	balta nu~ huima	batanuhuima
cash1254	@a tSutamis	aitSutamis
cash1254	hanua tsanas hunikiaki	hantsanasu~nikiaki
cash1254	mu~ta~ @a aki~	muta@aki
cash1254	ha4a~ ha4i bujamaka~w@ ui~jamaka~w@	aa~ha4ibujam@akaw@ujamakaw@@
cash1254	habianua kani bi4a~ haw@~ s`ubu ma tSukaai bi4a~ hiw@a	habihabihanuwakanibi4awu~s`ubumatSukibi4ahiu
cash1254	hatu~ danitSim@kauni @a jum@ wai4a~	hatu~tanitSim@kau~4i @aju~m@wi4a~
cash1254	dini~ ba44al@s4a~ nukub@ kaSina4a~	dini ba44a4isanukub@kas`iana
cash1254	ha dunu tsistis ikainikiaki	ha4unutsistiskanikaki
cash1254	maka bita~ putaki~4a~	makabita~putakina
cash1254	dunu p@ tSu4@k@ki4a~ iki4i~	nunupakaktSu4ukakki4amitiii4in
cash1254	habia haw@~ b@n@4i~ @i ha4aki4i kani mi~ ikau~bi4a~	abihawb@n@4aha4ki4ikanimihuwakabi4a
cash1254	unu habia ai~ bak@anu b@4@~ ijuanusbi4a~ b@nai nianusbi4a~ iki4a~	hunuhabiaaibak@ab@4@ijuanusbi4b@nainianusbi4aitiki4a~
cash1254	ha ibu ai~bu~bi4a~ mi~ daisi~4a~ anu~ ikikiaki @wa~ akabi4a~	aibua~ibumbi4a ami4aisinaanukaikiakiwa~kabi4a
cash1254	unu nuku~ ma@ki4ia nu~ hui ma@ki4ia sai iku~bi4a~kainai aka	unukumaki4anu~huwimaki4iatsaikubi4a~kanajka
cash1254	hanus`u~ @a nawa~ sabi waniki @~ bi~ tsa4a~	hanus`u~@asnawa~sabanikia~bita4a~
cash1254	jaminawa nuku aka wanaki ui~ta~w@ aka	jaminawanukuakawanakiu~ta~w@aka
cash1254	ha s`aw@ huai bita~	has`ahuw@bita~
cash1254	@4ma~ @~ @~t4@aniki	4maibahi4iuti4ikaniki
cash1254	ha4is`u~ haw@~ haw@~ bak@~ una~ti una~ja	ha4isu~k4ikuhaubak@ haubak@unatimatimatikaunaja~
cash1254	ha ija~ki haw@~ pui ha ta4i amisbukiki	haiakihawupuhihata4ajamisukikki
cash1254	@ska habia @~ tSai~4i @a juia @~ ni~kapauniki	@skaihaib@atSa~dijujinik@pu~niki
cash1254	ta4am@kainama nusi~tiki nusi~tiki iki ikaimiskika as`@ni4a~ ha ui~baini kai4a~	ta4@m@kainamanusikitikinusitikikitSatSakamisikatSjtS@ni4a~haubainikkai4a
cash1254	pas`ku k@tai~4a~ pas`ku k@taibi4a~ ikaina4a~ ua bai s`@s`aka~bi4a is`ki~ nia haki nukutuSinikiaki	pas`uk@tana pas`uk@taimi4aiikan4a~wa bais`@s`akabi4ais`kinijahakinukutus`inikaiki
cash1254	n@nuki matu~ as@~tu4a~ t4@sm@~ ika t4@ski n@nuki matu~ as@~tu4a~ nukubis ta~ nuku ijuniki	n@@nuk@imatustu4a~tmakatkikab@nk@matuasu4a~s`u~nukui@nukubitanukuiuniki
cash1254	hanus`u~ n@k@4i ja4ina~ ha~tSa waibu4a~	anus`u~n@k4ihija4in@hantSawibuna~
cash1254	n@numaki h@n@ b@tsaw@~ @~ kaai	n@numaki hinib@tsaw@kai
cash1254	@ki haki baSita~ b@imabu na @~ tSai anibu inu~ @~ hutSi anibu inu~ @~ s`anu jus`abu	@kihakibata~b@imabuna@tSajanibnu @hutSianibuinu@s`anuajus`abu
cash1254	nu~ ha4aki haska was`u~ haska una~ti4uma nuku~ hiw@a	nuha4aki4ihaskawas`u~haskauna~ti4uma nukuhiw@a
cash1254	haskamiski bak@is`ta unanuma ha mapai ni~kaki~4a~	haskamiiskibak@hitaunanumahamapainikanikakina~
cash1254	haska nasaki4a~tima hana abaunai @~ uiniki	haskanasak@4a~tima hanabaunij@winiki
cash1254	ai~ tamai~bi4a~ huki~ pas`ku maiki4ibi4a~ ui~ku~bi4a~ki~ tama~ku~bi4a~ki~	atawa~bi4a hukipas`kumaki4ibi4aw@kumi4akitam@kumi4a~ki
cash1254	dasibi b@4una~bu @ki kas`@niki @wapamatu~ @~ bak@ wak@~4a~	4asibib@4unabu @kikas`@niki @bupamatuubak@wak@n@
cash1254	ha b@tSita~ p@ubi4anaibu~	hamawab@tSitap@ubi4anaibu~
cash1254	na @a @~ tSai naki na na nawa b@4u~4a~	na~@anaatSainakinak4umakinanawab@4una
cash1254	niSipa@ akabi4a~	nis`ipa@akabi4a
cash1254	habi4a is`u~ daki inanabi4a~	abi4a hawhas`awus`has`atSunak@ inabia~
cash1254	ha @a tapi~maniki	ha @atapina4iki
cash1254	tsua~ @a hamapai was`u~tima	suaanihamapa~as`utima
cash1254	s`@amaki~4a~ tama~ki~4a~ is`ki~ tsakaki~4a~	s`@amakinatama~kina iskitsakakina~
cash1254	haska waa dakibi4a~	haskawa4akibi4a
cash1254	hanus`u~ ha juis`u~ @a haw@~ ina~bu wai @~ m@b@janiki	hanus`u~hajuis`u tinuuhia i4ukatiba@a haw@hu4um@ u4a4iuinabujinui@m@b@janiki
cash1254	iska4i~ aiuw@~ hus`aw@	iska4iabiu~w@us`aw@
cash1254	bak@bu~ @a b@naiikiki ikatsi	bak@buwa~b@niikikiikatsi
cash1254	unu bi4a~ na haw@~ pabi~ki tasuatu~bi4a~	nubi4anahapab@kitahasuatumi4a
cash1254	ha ia~ @wai k@juSina daki	ia~iw@k@bis`ina~4aki
cash1254	ha hukunibi4a~ niSipa@ b@tsab@tsapa	hahukuibi4a nis`ipab@tsab@tsapa
cash1254	p@ki mi~ hanu akai anu hatu as`u~ pimaku~bai~s`aw@~	p@kimihanuakajanu atuas`u~pimakub@s`a~w@
cash1254	mas`@~ ku4as` ita~bi4a iki4anikiaki ui~w@	mas`@ku4uas`tami4aiki4aniijakia~
cash1254	nan@~ ika mas`@~ daba4ia k@~tSaki daki mab@s` tsumaa daki iki4a~nikiaki	nan@kamas`@4aba4ia k@ntSaki4akimab@s`tuma4akiki4anikiki
cash1254	tSana s`ubu puk@kau~ ti~tibi4i~ inikikai	tSanas`ubupuk@katitibi4inikiiki
cash1254	du~k@bubuki~ ma tSikiSia	duk@bubukin amuha matSikis`a
cash1254	di4ima~ nuku n@mapaai	hadnimanukukun@mapai
cash1254	ha nuku~ s`@nipabu mijui niSipa@ damini mia jub@ juinu~ ni~kaw@	haanukus`@nipawumijui anis`ip@4amini miajub@juinunikaw@
cash1254	hanua itSa wati @a tapimaniki itSa wati4a~ hawam@~	hanuaitSawatiatapima4ikai itSawatina~haska hawam@ uuutip4ikatSiu~
cash1254	dasibi haska @~ tapi~ hiw@k@~	4assibi haskaa~tapihiwuk@
cash1254	hatub@ ni ik@~ daki is`ki~ma~ b@tSinikiaki	aatub@nik@nawaki is`kimab@itSinikiaki
cash1254	iki4anai isu4a~ mabuniSi w@na~	ki4ani isu4amabunis`iw@na~a
cash1254	hasi~4a~ hasi~ mawa4a~ hasi~ ukatiumis`ti~4a~	hassina~hasimawana~hasiukatiums`kina~
cash1254	hanua @~ tSai @~ jununiki	hanuwauktu@tSi@junu4iki
cash1254	hani ipa ikaja na haw@~ hiw@ anu iw@ iki	hanipaka nahaw@hiw@anuiw@ki
cash1254	@skatia~ @~ mabujaki iki hiw@abu4a~	@skatia@mabujaki ikihib@abu4a~
cash1254	hanu a bai tu4u was`u~	hanu baj@ tu4uas`u~
cash1254	haw@~ u~pas` kukatsa iki niSipa@ baibi4a	hawp@s`kukatstsakinis`ip@bajibi4u
cash1254	ha nuku hiw@ wamaki~	hanukuhiw@wamaki
cash1254	ha4aki4i ibu huni4a~	ha4aki4itukuama4aiibahuni4a~
cash1254	mis`kia tasuatu~ hanu nu~ ika	mis`kiatawasuatu~hanu~ika
cash1254	hania akabi4a~	haniahakabi
cash1254	b@si hiw@abu~ bak@is`ta daka mawanama ikaibu~ ui~ mawaki~	b@sih@wabuhatumawapaksta4kamawanam@ ikabuu~imawanam@ mawaki
cash1254	n@nu uk@4i nis`pu uk@4i nis`pu Sinw@~ uk@4i nis`pu tsumas`u~ uk@4i nis`pu tsuma nik@~bi4a~	n@nu uk@4ins`pu uk@4iis`pu s`iw@uk@4inis`p@tsumas`u~uk@4iis`p@tumabi4anik@bi4a
cash1254	hanua @a ka4u bibaini kai ua hanu tSa~ iti iniki	hanuaka4uibainikaiwahanutSaniitiniki
cash1254	manaw@ k@nanuna~ @~ nabu k@nanuna~ is`u~ @a juijabi4a butukau~ nu~ aka	ma4aw@k@nauna @nabuk@nanumanaw@is`ua4ijujabi4abutukantiatatatataaka
cash1254	haska s`@bum aka kajam@~ s`ubu wanu~ is`u~ s`ubu wanikiaki	@ahask@s`@bakakajam@s`ubuwanus`ubuwanikiaki
cash1254	haw@~ ibuw@~ ta@a hawai4a hatu~ ka4abina hatu~ ba4a4a~ bita~	hawibu@taa hawai4ahatu~ka4abina hatu~ba4a4a~bita
cash1254	ana ma dab@ inu~ dab@ ba4ia hatub@ hiw@a daki	anama4ab@nu4ab@ba4ia ba4ihatub@hib@4aki
cash1254	haw@~ s`utSianu paspiw@~ tsakaki~ mi~ ts@kati4uma waki~	hawu~s`utSianupaspiwu~katakakimits@kati4umawakii
cash1254	haw@~ kawa4i b@naka~w@ is`u~bi4a haw@~ kawa4i hatu junuabi4a na ni b@tsab@tsapa b@ki~4a~	hawukawa4ib@na~kawa~s`ubi4 hawkawu4ihatujunuwabi4a~naniib@tsab@tsapab@kina~
cash1254	nawa juma~s`a~kanikiki	nawa jumas`a~kaniiki
cash1254	dasibi hunikui~bu dajas`a~kaniki huni kui~bu mai ibuas`a~kanikiki	das@bihunikbu4ahaisaaniki hunikuibu~baibuas`aaniki
cash1254	hui ku~ta nu~ ui~ja jamaki	hukuntanuujajamaki
cash1254	mi~ k@n@ katsi ikai	mik@n@katikaji
cash1254	mani p@i waki~	manip@juki
cash1254	ti ita~ mi~ hu mi~ ka katsi ikai	tita@wa4imihkmikakat@kaai
cash1254	atimas bak@ wanikiaki	atimas`bak@wanikiki
cash1254	ua ana ka4u b@tsabi4a~	wanaka4b@tabi4a~
cash1254	unu manau~4ia4a~ s`@t@ b@tsa b@tsapa4a~ is`mi~ b@tsa b@tsapa4a~	u~4umanu4ia4a~s`@t@b@tab@tapa4a~is`mib@tsab@tapa4a~
cash1254	hani ita~bi4a~ uina 4a~ tSimi~ku ki4anikiaki awa4a~	haniitabi4awjanaiki4anutSimikuki4ani4aikihawanu
cash1254	tSai4a~ s`an@~ibu4a~ iniki	tSai4a~s`an@ibu4a~ku4upisinikin
cash1254	unu kibi4a~	mi4usi4ikibi4@4a
cash1254	ha miskia tasuatu~s`u~ hanus`u~ @~ @pa ha4uku~ nawa m@4a~ iwanimas`u~	hamis`kihatahasutu~s`u~hanus`u~@@pamiha4ukunawam@4a~iwanimas`u~
cash1254	b@puki~ @s`b@puki~ @a ui~w@ ikama	b@puki@s`b@puki@auiw@kama
cash1254	hab@ us`aSina	hab@us`as`ina
cash1254	uk@ ba4ia pas`ku a ma puja d@bukia mapuja pas`ku d@bukia @~ @~ kainikiaki4a~	uk@4iba4iapas`kuamapuja4@bukia mapujapas`ku4@buka @@kainikiaki4a~
cash1254	tSaka ma@anu @a iw@ni hanu @a hiw@mas`u~	tSakama @ahanu@ahiwunihanu@ahiwumas`u~
cash1254	unu b@tsab@tsapa waki~bi4a~ Sina~ tapiskuma dakia inikiaki ui~w@	unub@kab@k@tsapawak@mi4as`inakatapiskuma4akabi4as`utikikiakia~
cash1254	ana nuku~ ma@ki4i nu~ iki4aniki tSi~tui~4a~	ananukumaki4in@wuk4anikitSiituina
cash1254	haska @~ haskaki @~ jum@a4a~	haskakiijum@a4a~
cash1254	hanu habia kas`anikiki manaw@ @a waSia~	hanuhaba~aba~ukas`a~nikima~naw@@awas`a~
cash1254	hanu~kai~ ai~bu bak@ waki~	hanukaibubak@waki
cash1254	pi4a nuku ina~ki4a~	pi4anukunakina~
cash1254	ha huni bak@ kai~s`ina daki dakak@~	hahunibakika~s`ina4akidak@k@
cash1254	ui~nu~ ita~bi4a~ ibi4a~nibukiaki uini4a~	wna~tami4iibi4anibukiak@uina~a~
cash1254	unai~bi4a~ tsauk@~	unaibi4atsauk@
cash1254	b@p@s`@w@ anikiaki	b@p@s`@w@wanikii4
cash1254	hanus`u~ @a anibubi~ k@naki~4a~ hanus`u~ @a k@naki~ hamaki ika	hanus`u@hanibubik@nakina 4imihiuna hanus`uak@nakimanuai4@ka hamakika
cash1254	ha pui juitana @~ atSi~ junuakikai	hapujuwitana @atSijunuakikai@
cash1254	tsusabaina dakak@~bi4a~ iSinnu~4a~ kajatibi4a~ dais ai~bu~ inu~ dais huni~ na ain@~ is`unabubi4a~	tsusabana4akak@bi4ais`tSinih4kaatibi4amawadbuudaisuninaanitSua~bubi4u~
cash1254	hawa hawaw@ ika ikai4aban@~ nu~ i4maima4a~	hwhawaw@ka ikai4abananupi4ma~ima4a
cash1254	piki~ Sia~	pikis`a~
cash1254	ha ha k@s`ak@ a mawai4a~ biSikania inu~ tu~ku inia s`a4@s`umanua ika b@ki~4a~	hahak@s`@kamawi4a~bis`ka~niau~tukuwinia s`a4@s`um@nabaika ip@kina
cash1254	ma suma~ sabis`anai ma sabis`anai	amasumasabis`animam@tub4ikasiabis`anajai
cash1254	hawa nu~ una~ma nu~ jaminawa jui nu~ sai nawa tatima hiw@a	hawanuunama@naka@s`@nuhaw@jaminawjinuhasanawatatimaihiw@a
cash1254	nuku aniki	nukaniki
cash1254	hus`upa hai4a4a~	hus`upaha4a4a~
cash1254	ikabi4a~ ha~tSaamabi4a~	hakabihatSamabi4a~n
cash1254	kastilanu inu~ w@~ aki~ @a juiku~baini4a~	kastianuinuapu4tukis w@aki@aijuikubaidai
cash1254	s`an@~ ibu4a~	s`anibu4a~ku4upisa
cash1254	waibu~ @a ui~mapaja	4@itS@wibu@uimapaja
cash1254	na s`aw@~ tsaua tsakanu~ is`u~bi4a	as`awa~tatsak@n@is`@bi4
cash1254	tsua~ ha~tSa wam@~	tuhantSaw@m@
cash1254	aki~ na habia nuku~ da~tu~kuanu h@n@nikiaki ain@~4a~ abi4a~bi4ataka	tawus`akina~naabainukunantu~kanuh@n@nikijakian@n@abina~amitaitaka
cash1254	@a dunuwan@~ iki mi~ @a dak@ was`uki	@4unuanus`@hahakimija4ak@was`k@
cash1254	tSai ha~tSai p@naSinaki jaminawa n@mai4a~	tSaihantSaip@nas`inikijaminawan@maii4a~
cash1254	naki @~ nabu4a~ naki ita~ tSi~tu~kauniki~	@naki@nabu4anakiitatSitukauniki
cash1254	ha bai wawani buimabu~	habawau~nibuimabu~
cash1254	pia paka4i~ ika4a~	piapaka4ika4a~
cash1254	hanus`u~ manaw@ nuku waima hanus`u~ nu~ mananiki	hanus`u~manaw@nukwaimahanus`ununumananiki
cash1254	jusi~ p@ wata~ bi4a ikainikiaki ui~w@	ajusip@watami4aakainikiakia~
cash1254	ui kawasbaiaja	uwikawas@bajaja
cash1254	na4a~ tSaka4akajuki @a juik@juniki ku~bai~ki~4a~	na4a~atSaka4akauki@ajuik@junikikuba~kina~
cash1254	habiau4i hiw@biatani hui ana ku4anxa haw@~ nu~ huima	habiau4ihiwubiatanihuia4aku4ahaw@nuhuima
cash1254	n@nu mia nitSi~ta~4a~	na~@numainiitSintana
cash1254	mi~ @~ k@~tSa @ pusamas`um@~ piti mi~ @a tSakabu amas`um@~ akabi4a~	mik@tSapusamas`un@pitimitSakawamas`un@akabi4a~
cash1254	ha dais ai~bu~ abi4a~ki~4a~	aadaisabuwa~bi4a~ki4a~
cash1254	tSai hai4a awanibu4a~ unu atimas bitSiabu~ hatis`u~4i nu~ hikiniki	tSaihai4awanibu4a~unuatimas bitSiabuhatSu4inuhikiniki
cash1254	mi~ ham@~ atsa waSinaki	miham@ atsahuas`inaki
cash1254	hatu @a katuama diusu~ @a katuki~ @a haska wa4a~ @~ haska waki~ ta@ waku~bi4anaki	hatawakat4maa~4iu~suak@hatuki@askawa4a~haskawakit@@wakubi4anaki
cash1254	@a habiaska @a juiSina juiSins`u~ @a iw@a @~ kabi4a~	@habaskaiis`ina~jus`isuajujahuaikab@
cash1254	ha4aki4is`u~ @a as`um@~ na habianus`u~ @a amisbi~ ita~bi4a~ dai~ ikainai	a4ki4is`uas`unhaba~as`u@amisbiitambi4da~kaiba
cash1254	mia manai4a~ dima nus`u~ mia manai4a~ ja4ina anu iska4i mia ijuikiki4a~	miaman@a~4imanus`u~mamanija4inanuiska4ibaiwiki4a~
cash1254	hania iki4aka h@u tSakabu4a~ h@u Sia tsib@spa4a~	anijaik@4akah@utSakabu4a~h@us`iatsib@spa4a~
cash1254	p@ki ikis mi~ dima~ kaai	p@kiikismii4a~s`iima~kai
cash1254	ahh na4a~ ha kaja ikika na4a~ @~ @naki ita~ haw@~ bai unani4a~	ana4ahakaikikana4a@nakitami4habaunaina~
cash1254	ki~ huima	kihuima
cash1254	p@ki kajuw@ dima~ @~ mia ijui kajuw@ is`u~ @a iw@niki	p@kaju@dima@miwaikajw@@auniki
cash1254	k@ju bita~ ana s@pas`u~ nu~ @~ d@4aki~ p@ waSia~ dakak@~	k@jubita~anas@pas`u~nu@d@4akip@was`ia~4akak@
cash1254	hatu~ s`@ahai4apana~	hatus`@ha4apanaba
cash1254	p@ki @~ ibu @a ba wata~	p@kibata~wibuaabawata~
cash1254	hati juSi~ b@a kuSibaunai ni~kaw@ mia wabi~	hatijus`ib@akus`ibaunainaiikaw@miwabiu~
cash1254	m@k@~ b@stiti bak@ja kani bi4a hiw@k@~	m@k@b@sitibak@jakanibi4a hiw@k@
cash1254	@a~ @~ hatu ina~ki~k@juSinaki	@apu4@@hatuinakik@jus`inaki
cash1254	mia ui~ma mia ha mapai Sia4abu mia ui~ma ikanu~ piw@ ikajabi4a	mjaumamiahabapais`a4bumija@mikawanpi@w@kbi4a~pianika
cash1254	ibubis Sina~bai~ki~ nawa kaai ui~ki~ k@n@ai ui~ki~ ata~	iwubi s`inabakinawa~akaikikuta~k@n@wikiiwata
cash1254	is`ki~ pui muka is`ta	is`kipuimukas`ta
cash1254	balta b@p@i~4a~	batab@p@na
cash1254	dasibi haska hiw@a	nasibi haskahiw@a
cash1254	@a tSutai mi~ @a ui~s`inaki	aitSutaimijawis`inakii
cash1254	mia inu~ tsua nu~ kas`anai tana~ta4a~ hanim@~ unu s`a~s`uki akakikai hanus`u~ Sina~ b@tsa waki~	miaiinutuanukas`@njitanatanhanim@ka uwunuus`as`uk@akaikaihanus`us`inab@tawaki
cash1254	hanu @a aniki	hanu@aainiki
cash1254	habu~ ha ka4u m@k@ku~bainabu nuku nitiak@ak@baina kai4a~	nahabu~hka4um@k@kuba~nabunukunitiak@ak@bainakai4a~
cash1254	natia~ @~ mia b@naSinaki haska4a mi~ huni ti4uma	aatiamiab@nas`inakiaska4amihunuti4uma
cash1254	ha~tSa jusi~ki~4a~ nu~ ha~tSa jusia~ nuku pima4a~	hantSajusikinanuhatSajusija~nukupima4a~a~
cash1254	hanus`u~bi4a~ hanus`u~ b@tS@s`nikiaki is`ki~ma~bi4a~	hanus`ubi4a hanus`ub@tS@s`nikijakiis`kimabi4a
cash1254	juinaka ui~b@ai	juinakapauib@
cash1254	bi4ibi4i ikawa~ ha tSi uinituSi4akai~	bi4ibai4ik@na~hatSiuiniitus`i4a~ki
cash1254	ai~ kas`aai bak@ dasia 4a~kai~	akas`ibak@4asia4aki
cash1254	ba4ikaja kas`u~	ba4ikajakas`u~
cash1254	balta anu nu~ bai bai waniki	batanunubbaiwaniki
cash1254	p@maki ui~nu~ is`u~ @~ ibu haw@~ ibuw@~ ta@a aka daban@~	p@makiuwinu~tSu@ibu hawibu@taa ha aka4aban@
cash1254	pu4isia una~bu ha4i is`a~kanikiki	pu4isijanasina@unabu ha4iisakaniki
cash1254	matu4a~ kastijanu~ una~ta~ ma haw@~ hatu jusi~s`anai	matunaakatianuunatamahaw@hatu jusisanai
cash1254	ha ikatsi m@na~ iki daki	hatak@4@katsi m@naiki4aki
cash1254	haskaku~ki4anaki hiw@a4a~	haskakuki4anak@hiwa4a~
cash1254	mi~ hawa akamam@~ akabi4a~	mihawakamam@akabi4a~
cash1254	na nis`pu4u~ b@tsab@tsapa b@s`unabubi4a~ hamaki iki4a~	nanis`pu4ub@tsab@tsapab@s`ua~bubi4a hamakiki4a~
cash1254	nuku4a~ hawa sabima nu~ i4maimajuikika	nuku4a~hawasabimahawa4abanunu~i4ima~imaika
cash1254	is`ki~ma~ @a iw@a @~	is`kima@aiwa~hua
cash1254	unu tasua binubau~ niti iniki	u~tastsuabi4uwa~nitiniki
cash1254	ma dama iw@~s`inabi~ da ma m@Siu ki4i @~ iw@Sinabi~	ma4ama~iwa~s`inabinihadam@m@s`uki4iwa~s`inabi
cash1254	nuitapaai nis`u~	nuitapinis`u~
cash1254	b@st@~kau~ ha nuku~ mip@u bubai~ unu bai ka4u mai~ k@s`a tsaus`u~ nu~ mananu~	b@t@kauhanuku~mip@ububbubaiu4ubaka4umak@s`ataus`unumananu
cash1254	mas`apis`ta waSinabubi4a~	mas`a~pitaas`iabubida~
cash1254	unu hus`u dakabainibuki	unuwus`u4uwakabanibikaij
cash1254	ain@~ bawas`u~	an@bawas`ua~
cash1254	tsub@ kaai @~ tsua ijuai ikaja	tub@kai@tuajuiikajann
cash1254	dasibi nuku m@ti aniki nu~ hiw@ wai4a~ nu~ dajai4a~	tas@binukum@tianikinuhiw@wai4a~nu4ai4a~
cash1254	itSapa bita~ka~w@ ikatsi itSapa bita~s`u~ bi4a~	itSapabitakawukatsiitSapabita~s`ubi4a
cash1254	habu~4a~ ai~ h@n@h@n@pa wamisbuki @a4a~ @~ h@n@ismaki	habu~na~h@n@h@n@pamisukinuk@ana@h@n@smaki@
cash1254	s`@bum s`ubu waSins`u~ @~ b@tSiaki akabi4a~	s`@bu~s`ubas`is`u~mib@tSakihakabi4a
cash1254	haskamis kai 4ai4aka hawa waS ia~m@~ mima~s`inabi~ muka aSia~4 aka	haskamiskai4@4aka hawawas`im@mimas`inabimimas`inak@mukas`ia~4aka
cash1254	ha ain@~ n@ma daki ni~kaama unu n@nikiaki	haan@n@ma4akinik@manun@nikiaki
cash1254	hi dai~bai~ki~ na4a~ hawa him@~ waa haki	hi4aiba~kina4a~hawahim@wahaki
cash1254	nuku d@t@jamaw@ nu~ hiw@ti4umaki	nuku4@t@jamaw@ nuhiw@ti4umaki
cash1254	ha4uku~ asisiu~ duku~ @a ijuniki	ha4uku~haisiu~4uk@aijuniki
cash1254	ha putaa kai4a~ na habia s`ubu @wapa uk@4ibi4a~	haputakana~nahabainas`ubu@apa huku4ibi4a
cash1254	s`@apu~ huni ti4uma4a~ ita~bi4a~	s`@apuhuniti4uma4a~tami4a~
cash1254	ha nuku haska waSia~4aka is`u~ @~ matub@ dajajus`uki	hanuku haskawas`ia~4akas`u~@mat@b@4ais`uki
cash1254	b@su p@s`@katsis ika matsi	b@su p@s`@katsiska mhatsi
cash1254	ha hatu~ hawa b@imiskai4ai4aka	hatuhawab@miskai4a
cash1254	ha disinai nia daki dakak@~	ha4isiainia4aki4akak@
cash1254	h@n@ d@bukis`u~ @a ba wata~	h@n@4@bukis`u~abawata~
cash1254	d@n@i daki unu inu~bu~ na aku aki bi4a~	d@n@4ak@wutanutanuunaakuwakibi4u~
cash1254	@skatia~ @~ k@n@ nikaki iki	@skatiak@n@nikakiki
cash1254	tu4i kata~w@~ iwana~	tuu4@katawa~a~iman
cash1254	tSaima @~ kaja ki~ma~ mia bikiki n@4i huw@ iwana~ @a aka	tSaimakajakimakimijabikikin@4iw@iwana@ai@aihaka~
cash1254	hanu @~ kaai	ahanukai
cash1254	hiw@a hatub@ta~ niSipa@ aki	hiwia hatub@taniis`ipa~aki
cash1254	ha4aki4im@~ sa4ita4ius	ha4k@@sanita4iu
cash1254	da~kada~ka ikau~	idahaka4akakanta~
cash1254	hatu~ haki @~ ika ai~bu pis`ta b@sti	hatu~hakiikaaibupitab@ti
cash1254	hanua ma ba4i hajak@~	hanuwamautSubaa4ihajak@
cash1254	haska waima daki hab@ hiw@a hab@ hiw@a ana bak@ wanikiaki	hasku~ma4akihab@hib@hab@hiw@a anabak@banikiaki
cash1254	ikis tsuanua iSi~ abum@~ jum@i4a~	ikis tuanwaka~is`a~bum@jum@i4a~
cash1254	inu b@tsa b@tsapaki inu k@n@ja4a~ m@s`u inu4a~ tSas`u inu4a~	inub@tab@tapakiinuk@nja4am@s`uinub4a~tSas`uinu4a~
cash1254	d@i m@s`as`u~ ui~ tsauk@~	d@im@s`as`u@tsak@
cash1254	hakatSu @~ @~ huni dauja iniki	hakatSuhuni4awiaiiniki
cash1254	habiaskai4u~ uini habia niSipa@ aki~ ta@ watana s`@aibu uini habiaska wanibubi4a~	abaisk@4uwinihabinis`ip@akitawaitanas`@@buwini4i habaiskawani4i
cash1254	nuku jauSi iki4i~ nuku jum@tsu s`a4a nu~ kaa nuku jauSi iki4i~ ui~jamaka~w@	nukujawus`ikianukujum@tus`a4anukanukujaws`ikiniuja~maka~w@
cash1254	ha4a~ b@nimakani katSa pi4a~ tama wai b@ima4a~	ha4a~b@nimakanikkatSapi4a~tamawaib@ima4a~
cash1254	ua ai~ ain@~bi4a~ matsui baskiniaki nukutuSinikiaki bi4a~	waana~bi4amatsuibaaskinaijakib@inaukutus`inikijakibi4a
cash1254	ana hakatSu bai waimabu hanu @a ma@ @a ma@ waima @~ dakanu~	hanahakatSubaiwaiimabu hanu@m@am@w@ima@4akanu~
cash1254	haskata~ dasibi maist4uta~	haskata 4ats@bi mait4uta~
cash1254	hanua kai4a~	hanuwaka4a~
cash1254	unanikiki ha~tSa unanikiki	unaikikihatSaunaikiki
cash1254	sa~ isi44ua anua @a dau bis`ua~ @~ s`@aniki	sa~iu4uwanuwa@adawubis`wa~@s`@aniki
cash1254	p@naki4anaja is`ki~ butui daki unu bai s`@s`a kas`u~bi4a manaaja	p@naki4anais`ikibutui4akiwunubas`@sakas`ubi4amaanaja
cash1254	mia tSakaai ki~ nukuki nuku4iama	miaj@bitSakakinukukinuku4iama
cash1254	habia map@k@ki4a~s`ua nu iki4a~	habaimap@kki4a~s`u~napuki4a~@hikikainikiaki
cash1254	haw@~ ba4a~sia daka bita~	hawu~ba4a~sia dakabita
cash1254	hanua is`ki~ja tasuatu~ hiw@ibi4anaibu~	hanuais`kia~taswatu~hiw@bi4anibu~
cash1254	habia ba4i kaai ta@kainaja daki ui tSip@k@nikiaki ui~w@	hababaha4ika~ta~kaina4akiuwitSip@k@nikakiiin
cash1254	d@kat@ tanaibi4a~ ikai~ ua hatu~ bai d@tas`nikiaki	d@kat@tanibi4ika~whawu~bakihatubai4iitahinikiaki
cash1254	na huni kui~ bi4a saisai ikibi4a~ unu biski ikaibuanus p@sanikiaki ui~w@	na~juhahunikbi4akibi4an@biskikabwnup@sanikiak@
cash1254	mi~ ma huai akabi4a~	aahuaakabi4i
cash1254	hawa juiama	hawujujama
cash1254	@a s`unu~bi4a~ki~ @~ ibu @~ ibu huni inu~ @~ ibu b@tsa4a~	as`unubinakiib@ibuhuninu@ibub@ta4a
cash1254	tSani tSakaikiki ina~w@ ita~	tSantSakakikiinaw@ta
cash1254	na @~ bu tsumaw@ anikiaki	nabutsumaw@hanikiaik@
cash1254	hanu @~ ai~ja @~ hab@ m@nam@4iama	hanu@aja@hab@ m@nam@4iama
cash1254	dasibi @a ui~mataniki b@tsab@tsapa wakaniki hanus`una~	nasibiawimatanikib@tab@tapawukanikihnus`una~
cash1254	dat@ma ui~ki kai4a~	4at@maukiiki4a~
cash1254	mi~ @a s`@a~ti4uki @a s`@a~jamas`a~w@ akabi4a~	mi@as`@a~ti4uk@jas`@jamas`aa~akabi4ai
cash1254	aku4a~ t@t@ p@i4a~ maiti4a~ k@~ti4a~ tSitSa~4a~ b@tsa b@tsapa ha4i nuku~ dami bumisbuki ui~w@	wjana~ju~aku4a~t@t@p@4a~mati4a~k@ti4a~tSitSanab@tab@tapaha4i nukudamibumisukiwa~
cash1254	hai @~ haskam@~ @~ haskam@~ ika	hhaskam@@haskam@ka
cash1254	@skata~bi4a~ nasauk@ta~ ui~jana~ habia haw@~ b@n@4i~ na @~ b@n@ na @~ b@n@ huai	iskatabi4nhask@tawiana habihawb@nab@n@huanaa~b@n@hwaja
cash1254	mawai4a ia~ n@tsu hai4a4iamabi4a~	mawi4aiain@tsuhai4a4iamabi4a~
cash1254	ha4aki4i kam@~ haw@~ nabuki ui~4aw@ inu~bu~bi4a~	hata4ki4kam@haunbukiwi4aaw@inububi4a
cash1254	habia dama das`nas`u~ datSuakaja niaki	a~habia~4ama4a4nas`u~datSuakajanijakiimm
cash1254	hanua dunu~ daki haw@~ k@~tSa bita~	hanua dunudakihaw@k@tSabita~
cash1254	na baka b@tsab@tsapabi4a~ hanua kunibi4a~ binu ijatSaja	nabakab@tsab@tsapabi4 haakunibi4a binuijaitSaja
cash1254	dasibi hiw@ waki~ nu~ k@ju biniki	dasibihiuwakinuk@jubihiniki
dolg1241	ol oGolonorun an:1t1gar duo oloror hiriger leXe: buola:t:S1	o oGo ondorn ann1t1ger oloror hyrigir dekebuola:t
dolg1241	ile ile buopsa 1ksa:b1t ile	ile ie boubsa yksa:m itile
dolg1241	olor kih\ileriN bar1Xa:n:ara mun:ustubut:ar iti kat1r1k:a	olor kihilenn bar1ka:nara munustuttar itekat1r1kka
dolg1241	en kih\iniJ\onu bilegien diebit kupieh\it:en 1j1p:1t J\iele:git:	en kih\iniJ\ono bilegien diebit kuphittan ipiJ\elegiti
dolg1241	J\e ol t1:la:X t1:la:Xtan at1n	J\ol tylak tylaktan atinlrn
dolg1241	kuh\agan1 du: yty2ny du: bile ilik:ine diebit	gu haGan1 du ytyjynydu bibilelikkinetibid
dolg1241	kimne:t:Si kepteri gy:le diet:Sibit	kimniratu kepterigyliJ\itibti
dolg1241	kirdik 1ja:X ular1jar ebit	kyn1ste kirdig 1jabulor yJ\erebie
dolg1241	bejete at1 ky2stem:it	biete at1kyst1mite
dolg1241	ontuN dumajd1:r horoGor kajdieg1nan kajdiek bartaj di:r ol dumajd1: turdaG1na buo ba:jdi:n ys uol oGo 1ksat1nan a:h\an a:sp1t:ar	on tudumejd1r horo kadinan kade barstaJ\ir ol dumedi turdaGana bo ba:di ysoloG iksatnan a:han a:sb1ttar
dolg1241	hot:oro da ili: hot:oro oGonu t2r2t:2ryger J\aXtar tab1sk1:r1gar	hottoroda idi hottoro oGou t2retyruger tabus J\aktar tabus kygriger
dolg1241	hamaG1n a:l:ardaXtar1na bu haj1n ba:s buola:t:S1	hamag1n a:llardaktar1na buhaj1n ba:s bolatSaa
dolg1241	J\e ular1janular1jan ol ular1jan iste uh\ugut:an	J\e ulorjen ulargen ol ularajen yste ugutan
dolg1241	on:o taba tut:al:ar	onno tabatutalar
dolg1241	i:ge kelbit bu kih\i	i:ge kelbit bukihih\kh\ktkh\h\
dolg1241	ol ortotugar mas turar huotShoGotoX mas	olortotugor masturur huttoGotGumur
dolg1241	elekte:bit iti	1b1elektSeebitir
dolg1241	an1ga dieri bilbep:it kah\an kan:a 2l2rt2:byt:ere kan:a erejdene h1lJ\1b1t:araj dien	an1gadieri bilbepit kahan kan yl2rtebiteraj kaa erejdehn1 h1ldiutarajdi
dolg1241	tuok kuh\agan ba:r1n bar1t1n iti 1lat:an ih\el:er	tokohaG1n ba:r1n bar1t1n iti 1lata:n ihellerl
dolg1241	onton J\aXtar1N emie J\aXtar1gar tuspa emie	oton J\a:ktar1N eme J\aktar11 tuspana:da eme
dolg1241	ol kih\i turar	ol kihib tura:r
dolg1241	ot:SoGo buol:aG1na duo aj1:h\1t:a:X buola:t:S1	otoGo bolloonadu aj1ta:k bola:ti
dolg1241	kasta:N m1ja: muosta:X ile ile taba da taba baskuoju	kasta:b muJomossa:k ile ele tabadataba baskoju
dolg1241	J\a bu kih\i du:majdam:1t	iJ\abukihidumeJ\dem1r
dolg1241	onton an1 oGo kih\iler y2rek:e y2renen:er minigin:e:ger yleli:h\iler	onton a:n1 oGo kihiler 1rekk1 1rananar bijigina:Gar lutel1l1 jiler
dolg1241	oNuor ygys baGaj biriga:dalar tura:t:S1 etilere onton t2bylegin diet hirge itin:e kat1r1k tah\1gar delbi ygys baGaj mu:Nkah\1t buola:t:S1 etilere	oNor gyspaGaj1 birga:dalar tura:tetler onton tebyleGeN1ndt hirge idinde kat1r1ktah\1gar delbi ygyspa:j muNkah1k bola:tetilere
dolg1241	ol g1nan bara:n hiti J\1l:ar1 maNnajg1 w1bardar1 bu kojuk:u J\1l:ar k2rdyk kih\iler y2re h1lJ\1bataXtara	olg1nan baran hiti dillar1 maNnajg1 b1bardar1 bu kojukku d1llar kordyk kihiler yereh\ilJ\ibataktara
dolg1241	an1 eJigit:en ih\it:im diebit	aneJigittenihitim ibitienn
dolg1241	ol g1nan bara:n h1rga J\ieleriN hin	olgunan baran h1rgadijelereNe
dolg1241	J\e diebit	dirdiibit
dolg1241	an1 bu taban1 karajal:ar	ano bu tabana Xarajanlar
dolg1241	man1 iJete emije 1asta:X buol:a lampaGar	man1 inete enije 1sta:X bolo lampaGar
dolg1241	ba: kajdiegit:en kelegin kajdiegit:en 2l2 2sk2Xyn	baj kajdiitten kelegen kajdigiten ile ysk2k1
dolg1241	ol k1:h\1n ulaXa:t1gar buopsa tSimJ\it:Si tSirkeje h1ta:Xt1:r	ol kyhyn uloka:teger bobtitSietSe tSirkejeh1ta:k bir
dolg1241	bu yrekte:k ulaXan kajalarga tuojda:X buola:t:S1	byraktaG ulakan kajalarga tojda:X bolatS
dolg1241	aJi:ga tal1 ol eme:ksin di:di:	ote anigetele ol 2meksindidir
dolg1241	ol a:ta k2Nys buolar	ola:ta k2Nys buh\ada
dolg1241	ken:itiger barbat	kanitigar barbat
dolg1241	bu dajarkat1n ere tuok:a da ylele:bet yleh\ite huok bu dajarka ere	bu daja:rkat1n ere tuokada ylilebet ylihijtehok bu daja:rka ere
dolg1241	bu ah\a buol:aG1na kih\ini 2l2r2n egeler tu:sala:n	bu aha:bollag1ne kihine elerenegeler titusalann
dolg1241	ka doro:bo diebit	bed1rob1di:biti
dolg1241	kaja min tar1jbap:1n diebit iti oGonu	kajam min tarijbapuGan diebititoGonu
dolg1241	onton at1n eNin hirderge kyrenet:e:bit:er	onton at1neNin hirderge kurenettebitteren
dolg1241	1st1:r1N ba:r de kuh\agan da kuh\agan	1st1r1n ba:r1nde kohaGan da kohaGana
dolg1241	kupies kuorat1gar ba:r kih\i kupies J\ietiger k2t2n tyh\er	kupis gorat1gar ba:r kihi kupetietigar kotont1gar
dolg1241	kojuk:u J\1l:ar1	kojk1d1llar1n
dolg1241	kaja gini haNarda	kaja gine haNarda
dolg1241	byty2k:e dietiler ylele:n	nada bitokkadetilir yleler
dolg1241	kepsep:it:er buo k2rsy2kterin k2rsybyt kepsep:it aska:n taNaska:n bierbit	kepsitbitter bo kiriekn krsykterin k2rsybyt kepseppit aska:ntaNaska:n bieribit
dolg1241	hiti kat1r1k:a bejetiger emie urut kih\iler komul:a:t:S1 etilere ebit ha:s emie ol po:p kel:egine	hiti kat1r1kka bedegeremi urt kijiler kamula:tSitilerebitha:s emi ol pop kelleginin
dolg1241	bu ki:ne hubulun:aG1na bunan ih\it:en huptu y:t buolar onon t1:na taXsar	abu kijne hubul1nlalanan b1nan ihitten huptu yt bolor onon t1:ne taksar
dolg1241	an1 ereje huok bejelere s1raj kepsetel:er kimi da g1t:a	anereJeok bejelere s1relkapsetenler kymyda:g1ta
dolg1241	kat:SaGa ol min sielsaed erdekpi tuok eme p_jer_jewo:t:Sigunan	katkeGol men sijelsabederde otuGom1 perebuotS1gunannr
dolg1241	J\e bu oloron bu oGoto bi:rde tah\a:rat:an o:n:u: h1lJ\an ki:ren	jeboloron boGoto birde tahar1t1n on1hilJ\en ki:ri
dolg1241	J\e an1 1araXan yleni ylele:n:er onton ytSygej yleh\it:erin di:di: itirke:n J\e kepsi:r kaJ1:r buolbut:ar buo ag_jita:tardar1N J\e on:uk	nJ\e an1 1garakan yblen ybleleenner onton ytyge ylehitterin dididirgenJ\e kepsi:r kani:r bolbutarba agita:tar1darJ\eonuk
dolg1241	ot:SoGo buol:aG1na duo bu yste kat ergiter emie	otSoGo boldaN1na do bu 1ra ystaGat ergiter enmerr
dolg1241	uruk:u sarskaj 1ja:X J\e byt:e diebit:ere	urukusa:r1skaJ\ila:k J\ebytte diNebitteren
dolg1241	uh\ugut:an bi:rde diebit kupieh\a	guhugutan bi:rde diebi kupije
dolg1241	walatSankaN ot:SoGo ete buo	bolatSa:nkaN otSoarojun s1ntarete bulo
dolg1241	onton J\1l eNineNin buola:t:S1	onton J\ileNineNin bola:tS
dolg1241	ot:SoGo kolko:h\u t2r2m:yp:yt ete bih\igi	kottoGo kolkuutarim1tbitetebihibi
dolg1241	kolkoz buolam bih\i hatan1ak huo d1l bi:r etiler	kolkosbol1 mejataneXudodiretler
dolg1241	bu olororum kuh\agan J\e	bolororum kuhaGanJ\e
dolg1241	2ldy:n haXalar olus k2p kimi tiri:ni 1la:t:S1ta huoktar	2ldyn hakalar olus k2p kimi tirini 1la:tS1ta oktara
dolg1241	a:n1n ar1ja tarp1ta ginin:e:ger oGo k1:h oGo oloro:Xtu:r di:n	ha:nnar1jetarp1ta gininneger oGo kyheGolorokturdin
dolg1241	ara: on:uk muNna:X it:e keler eni ke	ara: onduk muNnagita kelereniku
dolg1241	it:Sitek karzinaGa gruSalar1n uga:r1 k2rbyte bi:r karzinata huok a:kp1ta bi:r karzinata huok	kitSide karzine guluSalar1n uguar1 k2rbyte bir karzinata huX a:puta bir karzinata hu
dolg1241	kaja tuok kaja urut ta h1lJ\ar erdep:itinen itirdik 2l2:t:Syler buoltaX tabalar	kajtuku kaja: urutta hilJ\erirde kiJ\ir itide 2l2tSyle borta tabal1rr
dolg1241	ojun:at1akp1t kata ontubut ontuN haNa ojun baGas k2ry2ge	ojunna tepokata ont1b1 ontoheN oj1n baGas k2ry2ge
dolg1241	bu bi:skeleri b1staXtar1na delbi bal1kt1:l:ar	gubi:skeleri b1staktarna delbi balakt1lar
dolg1241	iti kupies k1:sta:X di:n diebit bih\igi uolbut k2rdyk	iti kupetSkysta:ktindi:t biig uulbukortk
dolg1241	buola:Xta:m:1n diebit	2kugubola:kta:m1na dibitnrr
dolg1241	onu ata:r1am aGaj diebit	ono ata:ragomaGajibebi
dolg1241	ka doGo: t2n:2rygyn kele:r 1al:a:r	kadoGotonn2rgun keler yallar
dolg1241	kim tuspa J\uXa: tup:at:ar J\iege t2r2t2:t:Syler J\ie ge oloror J\uXa:lar1gar	kim tuspaJ\uka:1n tukpattar J\i:egat1rate etyler J\ie ga olororJ\uka:lar1g1r
dolg1241	de onu onu it:e u:r tiejel:er h1rgaGa ke	ja onn on utautieler ol h1rga:h\ken
dolg1241	kajdaX prawa:n1 bu an1g1 kih\ilerge bu haNa olok:o kih\ieke bierel:er dien	kajdak praba:nu bu an1g1 kihilerge bu haNa olotka kihieka birelerdi
dolg1241	kimniek:e na:da diebit:ere ojunu k2rdy: bar1ak:a	o kybne kana:dediebitter ojunuk h2rdy barek kana:dar
dolg1241	baGarbat buoluo buoluo ontuN amtana kuh\agana hin turaG1n buo	baGarba bolo bolo ontuN amtanokuh\aGana hinturaGan bo
dolg1241	k2h\2byt ot:SoGo it:ebitin bar1Xa:n terinebit	k2ebytotSubud itebtin barka:n terinebiti
dolg1241	ol ba:jan ke:h\en bara:n ol oGolonor J\aXtar k1ajan ol kuh\agan:1k buol:aG1na k2m2l2h\2r ba:b1ska	ol ba:j1n gean baran ol  oGulunarJ\aXtar kol koGan1 yner boddag1na k2meleher ba:b1skan
dolg1241	onton mu:Nkah\1t:ar1N muNkal1:l:ar	onto muNkah1tareNe muNkal1llar1
dolg1241	min bu kelbit huolum ystyn irde: diebit bul	min bul kelibitolum istn irdediebi buru
dolg1241	iti kopsoX ojoGohugar t1: tyNneh\il:e h1p:at	itik kopsok ojoGougar tytuNn 2jle1p ba:
dolg1241	ka bu muna h1lJ\am:1n mum:utum kah\1s da J\1l1m buol:a	kabu muna h1lJ\en m1n kellin munmutum kah1stoJ\1l1n bu1lar1
dolg1241	kim da huok buoluokta:X hoGotoX ba:buskan1 g1t:a t2ry:r J\aXtar ere buoluokta:Xtar on:o	rkimda huok bolokta hoGotok ba:b1skane kytte teryrJ\aXtarara bolokta:ktar onnanr
dolg1241	toGo u:p:ut et:e e: horuk ebit u:t ete diebit:er	toGu up1t ete horGobut uota debitter
dolg1241	J\e ytSygej	detSiler
dolg1241	pir_jama taNara k2rdyk muoh\a du: tuoga du:	bireme taNara korduk mohady tuoGad11
dolg1241	1b1aj ys urah\a J\ie kih\i paNkajan tural:ar	eb1j ysurahaJ\ije kihi paNkajan turala
dolg1241	tuok tSurkutaj kie aJ1:ga ca	aratuk J\orkun p2ltir beigetSa:r
dolg1241	ol ih\in k1:h oGoko:t:oruN kyrenel:er buo 1sta:ma:r1lar baran ka:lal:ar	oligin krk1loGotor1n kyrenedler bulo 1sta:ma:r1lar baran ka:laldar
dolg1241	ol g1nan baran kara:rt g1na:t:S1	ol gonamara kara:rk1natitin
dolg1241	de ol k2rdyk ergitebit	J\e ol kyrdik ergitebit
dolg1241	min tuh\um baGas diebit iti J\aXtar1 da 1l:aG1na i:ter k2rdyk itigirdik bultanan ah\at1ak k2rdyk J\aXtar	min tuhum baGas dibitJ\aktar1 da1llag1ne i:ter kordyg itigirdik bulkanann ahatekkord1kJ\akta
dolg1241	tu:gu da k2rb2tym diete	tuguda kur1betim detir
dolg1241	ol k2rdyk da 1h\1ara h1t1ak ebit:er ot:o	ol kordukda 1g1ra h1bieGebitter ottor
dolg1241	araj k2rbyte ba:j kupies guorata b1h\1la:X	araj korbito ba:j kupis guoratab1hytlek
dolg1241	bu ka maNnaj miniene bu ulaXan oGom bu bah\i:laj ba:r	bukumaNnaj miJene bu bul1konoGon bubahile ba:r
dolg1241	ka doGo: doro:bo	k1duGo durol
dolg1241	J\e ol galasawajd1:r urah\a J\ie oNostubut:ar buo	J\e onnoolgalas ba:d1r urahadieNostuttar bon
dolg1241	toGo uop:ut eter oGolor bu aJ1:ga tal1 1b1j aGaj diebit	tuGuutut eter oGolor bur anijotel 1b1jaGajibibit
dolg1241	onton ylete huok	onton yletok
dolg1241	J\e ol ih\in iti an1 erge la:pk1 turar1n at:1t1gar h1:r	J\oliginite a:n1 ergela:pku turar1n at1t1gar h1r
dolg1241	bu k1h\1n1 b1h\ar ah\1n komunar diebit	buk1h1n1 b1has a:h1n kom1nar1 kiJ\ibit
dolg1241	ol kih\i di: han1:r ile	ol kehidiahal nigrile
dolg1241	ma:din bu k2h\2l:eriger kete:bit kih\i araj ugutSa:Ga ol tabalarga on:o kajaGa ka:lb1t bi:r ugutSaGa	ma:din bukohelderugar ketebik kihi araj ugusaa ol tabalarga oluna kajaGaka:lbut bi:r ugusaX
dolg1241	kaja kugu kajdiek baraG1n diebit	kajakugu kajde barag1n diebiti
dolg1241	ma: 1nara: hu:rka kete:bit art1n:a:X kih\i keti: taXsan u:tSaG1n ot:SoGo huoktu:r	ma: 1nara:b hurka katebit art1nak kihi keti:taksan ugutSag1n otSoGo huoktut
dolg1241	J\e h1r1: kih\ite kajtan kimniemij di:r tutuomuj	sadeh1rykizde kaJt1n kimnim itir totum1mm
dolg1241	J\ielerin k2myle:k kah\1n1aktar1n	dedern k2miniakahnktanna:dab
dolg1241	ol tuh\unan min kojut ytSygejdik kepsiem	ol tuhun1 min kojut ytygejdi kebsijen
dolg1241	kajdiet buoluoj tah\a:ra h1t1aga ol	kaJ\i bulu taharahitiGour
dolg1241	guorat k2st2r in:itiger	gora kustadinditigerr
dolg1241	bah\ag1nan da eNin eNin deksili:l:er kaJ1:l:ar	bahaGanan da NineNine deksililer kanidaad
dolg1241	ot:SoGo t1:n ki:rer buol:aGa ol ih\in oGoN y2sky:r buol:a	otoGo t1n ki:rer bollaGoldihn oGoNuzloroG1 2skyr bolla
dolg1241	onton duo aj1:h\1t1n aj1:h\1t1n hu:jan bara:n ol aj1:h\1t1n m2h\2:gyger ugan ke:h\en bara:n ol mataXat1gar ol mataXal1:n ol toGohoGo ba:jan ke:h\er	onton do ajiiaj1hitin hujan baran ol aihitin n2hegler ugan kehen baran ol matakat1gar ol matakabigin ol toGhoGoba:jan keher
dolg1241	b1rtaG1N bulat k1ra:h\1N 1jga	irkiet birkiet birk2t bir taN bula kara ah1N igatom1N turamu tom1Ntura1N tom1NturomuN tom1N turam1Nr
dolg1241	1b1aj bajJ\1g1 taras tyh\en ka:l:a ile	bo ba:jJ\1gda taras t2hen kallajile
dolg1241	onton in:ige buo emie h1rga ba:r	otan piriJ\i balka inigebolun emi h1rga bar
dolg1241	itin:e urah\a J\ieler emie tura:t:S1 etilere ha:s	itinneJ\e uruhadielerime tura:titlere ha:sn
dolg1241	ma:jd1N:1 1al:a:t:S1 kupieh\ine:ger hyrde:k handut:Su oloror	ma:diNi g1rla atSikupihinebar hybde handut olurrun1
dolg1241	J\e t2h\2kat:Sa olorbut:ara buol:ar bu dajarka uol oGolo:X	J\irt1hoGatS olor butoruboar budojarka oloGolo
dolg1241	bih\igi toGo bal1ktam:ap:1t	biget obal1ktan map1t
dolg1241	ol erejde:k ete	ol1rejdegete
dolg1241	uol oGo t2r2:byt buol:aG1na uol oGo di:l:er	oloGotyrepoldan oloGadigile
dolg1241	ol turan:ar ah\a:b1t:ar hiebit:er	or tur1nnar aha:b1tter sibitter
dolg1241	ontubutugar bar1akp1t kimni:	on t1buduolutSebar1kb1kkimni
dolg1241	orun:ara orun orun kih\iler kih\iler taNasta:X m1ja:lar	orulnor orun orun kihiler kihiler taN1tta:k m1ja:lat
dolg1241	ol balJ\i:t1 huok ol a:t1 sav_jeskaj b1la:s in:i diek ka:man ih\en ol balJ\i:t1 hin da:Gan1 1ra:sta:t:S1 da ete J\ah\aja:t:S1 da ete	ol balJ\1t1 h\uX ola:t1 sabesk1 bulas indide ka:man iehen ol balJ\1t1 hinda kan hin1ra:stahatidete J\ahaja:tidet
dolg1241	onton emie di:r	ontenimegib
dolg1241	iti J\ietiger tSugah\a:taG1na J\iebit istienete bar1ta k1tara:t:S1 diebit ki:rerin at:1g	iti ti:tigirtugaha:tal1na bu J\ibit istinete barata katar a:ttitiirt ki:rerinata
dolg1241	toGohoGo 1araXan J\aXtar t2ry:r kemiger b1l1rg1 yjet:en toGohonu belemne:t:Siler	toGoho oGolor oGo 1araXanJ\aXtar torjur kemiger b1l1rg1 yjetten toGohonibeleb netSiler
dolg1241	min da: ih\el:er	mide ehiler
dolg1241	tSe ol g1nan kih\ini bar1Xa:n1n tah\ara:t:S1lar	tS1l olgonman kihini barka:n1n tahara:tS1lar
dolg1241	kaja miniene u:tSaG1m huok	kajmien1guseGo mo
dolg1241	ilim it:e yten bierel:er	ilim itte yten bierellerr
dolg1241	bu a:ta ytSygej dieN:in kepse: diebit	bula:ta ysugediN1n kepsedi:bit
dolg1241	ol ih\in iti ketSeh\el:er ol ih\in itin:ik oloGunan oloror etilere	olihin yti ketehedler ol ihin itiiN oloGonon olororetilere
dolg1241	J\e ile onton ag_jita:tardar1N kepsi:l:er ebit kajdaX byl_jeciJ 1l:ak:1t1na J\e kajdaX galasawajd1ak:1t1n dien	J\eonton juSu agita:tar1dar1n kebsilderebyt kajda bilyteni 1llak1tnan J\aXajda galasaba:jd1k1t1ndie
dolg1241	kar1jan1 bu kim k2rdyk diet:Siler itin:igi duo oNortoro:t:Suta huoktar	kar1jan1 bukipanera kordk getSi i itininegida oNortaratS1tahuaktar
dolg1241	ik:iXas J\ie du: turbut	ikki kazdetu durubut
dolg1241	J\e tuok dien 1ar1jda oGolor bu oGom miniene etej diebit odu: buoltaX 1alJ\ara da	J\e tuokten 1rijde olor bo oGon miene onor iterdebid oduoltag eldereda
dolg1241	bu kelgijen bara:n baran ka:lb1ta diebit	bu k1lgijen m1ran baran ka:lkutatiebiti
dolg1241	bu t1:Xa:n1n J\e soh\on ki:l:erer	butSygka:n1nJ\a sohon tidiernnn
dolg1241	bu iti aba:h\1N u:nu da: bah\1ag1n tugu da kop:ot diebit ol k1:h\1n	b1 iteba:N undabar1g1n tugdokopoti:ptol kyr
dolg1241	onton ol ev_jenk_ji:ja diet eNin kalxo:z haNata buolar1gar emie t2t:2ry kelen:er emie tajm1:rga kelen:er J\e man:a toXto:but:ara	onton ol ibin kiedetiNin kokos haNatabualar1geremet2tt2r1 kelenner emetajm1rka kelennerJ\e manna tokta:butar
dolg1241	de ol buruo ih\iger t2gyryt:Sy turam:1t ol tutab1t buol:a ol kimi	J\o ol bur1 ihiger t2gyrytSy turabm1t ol tutab1 bolo ol kimi
dolg1241	onton ol diegit:en bet:ek kyrem:it:er iti maNnaj ev_jenk_ji:ja diet essej diet	onton ol degitten beta kyremitter iti maNnaj ibin kiedt isejdett
dolg1241	uol:a:X da in:ien uol:a:X da ontuta J\aXtarda:X kih\i ebit ik:i oGolo:X	olakta ajJ1mara:n olakta on tutaJ\aktarda kihibit ike Golok
dolg1241	tuok a:ta maskwa: horoX kih\iN tuolkula:bat:ar	tuoGa:ta m1sk2a:n1n horok kiN tolkula:jabattaran
dolg1241	eh\eN da t1:n:aG1na ab1raXt1: ilim ab1raXt1: hata:bap:1n bilbep:in	i min  eheNde t1nda:gan ab1rakt1 ilim ab1rakt1 hata:bap bilb1p
dolg1241	ytSygejdik tutuokta:k:1n ontugun 1:p:at k2rdyk	ytSgedik tutuokta:k1n on tugun ypa kordyk
dolg1241	ol kepse:n kepsi:r kaja: ol k1:h oGo t2r2:byt buol:aG1na k1:h oGo di:l:er	ol kebtSa:n kepti: kija: ol k1:hoGot1reapulda k1hoGodild1r
dolg1241	J\e ol da 2h\ynen J\e kirdik t1:h\1t:Sa toGus hy:s otut het:iste:k otut aG1sta:X dien J\1l:arga iti faXtorijat:an J\e kirdik ilpit:ere kih\ileri	J\e ol ol da 2jhynen dekirdik irittSa toGusu1s otutetistek otutaG1sta:k dien dieJ\1llargaJ\e iti aktuorten dekirdik ilpittere kihileri
dolg1241	onuga yh\ys emie uolum awijporka yleli:r	onugo ys emie olun ob1jbar k2lelgirr
dolg1241	min haNarar1m J\e bugurduk:a:n	men haNarar1nJ\ebugurdukka:n
dolg1241	uruk:u oloGunan oloror kih\iler J\e ha:sk1 h1rd1k buoluo J\e J\aXtat:ar taba:X tardatardalar ha:sk1 bu itSiges kyn:erge tah\ara taXsataXsalar J\e tiri: ku:rdunuokta:Xtar	uruka oloonon oloror kihilerJ\e ha:sk1 h1rd1k buolo dek jaktattar taba:ktar dakddalar ha:sk1 bu itiges kynnerge ta:ra taksataksalar J\e tiri:kurdunokta:ktar
dolg1241	kat1gin onton kieta:t:an kam_jeJtan	tat1gine aleksndr porokopiebitSonton kiata:tan ka:mintan
dolg1241	eniene eriN toGo ylele:bet	1Jeni eriN to yl1l2bata
dolg1241	J\e an1 J\ieger bar diebit bu dajarka oGoto hy2re:t:Site	J\an1J\i:gara bar dibit budaja:rkoGut hyrettSite
dolg1241	toGo ere 1alJ\ab1n e:t emisket:Si di:di:	toGorelJ\ebyned emisketibibir
dolg1241	ol ih\in buol:aG1na duo oGo kat1a diet:Siler ol ih\in doskon:on	ol ihin ballag1nda duo oGo kat1riestiler ol ihin doskon1n
dolg1241	doro:bo doro:bo diebit	heedoroba doroba debirrri
dolg1241	hir diek k2rbyte hir b1h\a 1stam:1t araj	hirde k2rbyti hirb1hastenm1t ererr
dolg1241	on:uk ytSygej kih\iler J\e ol maskwa: diek w1stawka:Ga bar1aktara dien 2h\y 2s kepsi:l:er buo	ongytybekijilerde ol maskuba:din ul b1stapkana bargaklara dien oju 2skepsi:lder boo
dolg1241	itin:e komujbut:ara tabalar1n ol kalxo:h\u sawxoz yNyn kalxoz yNyn oNorol:orugar ygys baGaj y2r taban1	itinnokomujbutara tabalar1n oln k1lkoh\o sobkoseN1n kolkoseN1n oNorolloruNar ygys paGaj bertaban1
dolg1241	bu kuturugun kaja astaXtar1na k1h\1n t1mn1:ga bu taba giene ete kat:SaGa da emie k2p:2t	bukuturgun kajastaktar1na kyhin t1nnijge butabagijene etekatSaGa deme k2pittt
dolg1241	harsierde egelel:eriger n2Ny2 pastu:k:a tut:aral:ar1gar bih\igi k1aj1akp1t huoga et dien kah\an da t1al an:1 diek darabi: g1n1aktar1n J\ielere t1al yrdy by buolar k2rdyk	harserdegeleleriger n1Nypas tuka tuttarallar1ger bi:gi k1J\ekb1 tyeten kahanda t1lann1 de ara bijginiekternJ\ielere t1l yrdibdi bolor kord
dolg1241	1alJ\ab1n diebit k1:stara	healJ\ab1n dib1 k1stara
dolg1241	on:o ka:lb1ta uontan taXsa taba	onna ka:lbuta ontan taksataGaaa
dolg1241	ulaXan da ulaXan oNuorguta k2g2r2n k2st2r al1:	uloXan duloXan oNorgutokygor1n kostar al
dolg1241	hu:la:n ke:h\er ma:mat1n at:1gar u:rar	hudan keher ba:manarter huro
dolg1241	ol ba:b1ska eme:ksin b1h\ar	o ba:b1s ke meGs1n b1hr1e1n
dolg1241	1b1aj iti buolta oGom 1alJ\1ag1n di:di: g1nar	ba:j isili ekirem polto oGon 1lJ\iegin diJ\igalhar
dolg1241	onton turan tah\a:rab1t J\iebitiger barab1t	onton turon taha:rab1t J\iebideger barab1t1ii
dolg1241	ontulara diebit:er	on turlara gebittir
dolg1241	tiri:N kas da kyny h1t1jan byt:egine ginileriN bulkujal:ar	tiriN kasta kyny h1t1jan byttegine ginilerin ol bulkujaldar
dolg1241	ygys baGaj haXa kih\itin kajdaX hu:t:a:n kula:Xta:n ilpit:erin dien:er	ygys baGaja haka kiitin kajda hutta:n kula:ktan ilpitterindendernn
dolg1241	ol betere: 2t:yger emie da:Gan1 erejde:k k1h\algala:X yjeler buolar etilere	ol b1d1reter ebineda:Gan1 rejdak1hanganayjeler bor boleretiler
dolg1241	J\e bu h1lJ\an:ar	J\ebo hilgennar
dolg1241	J\e ol tura ek:iri:r di:n	J\ol turak tyrirdi
dolg1241	harsierde kelen di:r	harserde kelen dir1k
dolg1241	ontuN deksi buoluon iti k1h\1ag1nan tuog1nan eNin eNininen tarb1:l:ar k1h\1akt1:l:ar kaJ1:l:ar	on tuN deksi buolon i k1h\1aG1nan tuGunan eNineNinnen tarb1lar k1h\1akt1lar kaJ1llar
dolg1241	ol uh\anan erdekterine ol kih\ilerge ka:man kel:e ol kih\i	ol ohrnenedekterne ol kihil1gaka:man kenile olkirii
dolg1241	bi:rde oloron bu dajarkata kelbit 1al:ana	birde oloron bu kupis daja:rkata kelbit ollan
dolg1241	tuok J\onugar kelbitimij di:	tokijonugor kelbitinijbi
dolg1241	ol toGohoGo ba:jan ke:h\er	ol toGorGo bajan teher
dolg1241	bu J\eN 2ly: diebit	buJ\iN 2lytit
dolg1241	kan:a orduk tabala:Xtan onuga kolkozka tup:up:ut	kanna orduktabala:kton on oXolkos k1tutpuput
dolg1241	ot:SoGo J\e iti J\ieleri maNnajg1 J\ieleri J\e turan erel:er	otJ\oGodetideleri maNna gideleriJ\e turan ereller
dolg1241	bu ulaXan hobuoj b1sta:t:S1	buk ulaGan hoboj busta:tS1
dolg1241	hu:rka tyh\en:er n2Ny2 kih\i keti:r	urko tyhenner nemykihi kehti:r
dolg1241	J\e ol k1:s diek ka:m	jol kysti ka:b
dolg1241	iti J\ietiger tugu eme g1na:t:S1	itidietig1r tugon mag1na:ttietitirgreegkgkgkrkgrkrr
dolg1241	aJ1:ga tal1 uotum ile buopsa ile kyl:y:re burgas g1n:a di:di:	ara: anigetele otum ile bobta ile kurlyre burGaskan1na didi
dolg1241	ot:SoGo buo bu bih\igi duo tab1l:1b1t bige dosko:lar1nan b1an:an har1: b1an:an y:jen oNoro:t:Sular	otSoGo bolbu bihig tadul1b1 bige doskolorunan b1annan haryb1annen yjen NorGatS1lar
dolg1241	1gan bara:n 1baGas emije kel:egine ot:SoGo emnere:t:Si ot:SoGo emnerdegine bu tugut kih\i buolar	ygan bara:n 1baGas eminjepelligin otSoGojimnereJ\ ottSoGoj1mnerdegine butugut kihibugalar
dolg1241	hi urut da itin:e oloXtor ba:r etilere on:oman:a oloror kih\iler	uruda itinne oloktor ba:retiler onnoman ol orar kijiler
dolg1241	ol kih\i kajdiek bara:Xt1agaj	olkih kajdi bara:kteGaj
dolg1241	b1rtaG1N b1l1k:a 1ra:h\1N 1jga b1rtaG1N b1l1k:a 1ra:h\1N 1jga	birkietbke bir ta:N gula: kara:haN ijga byrkit pirket br ta:N bula karahaN iga
dolg1241	bu il:eriger ah\atan alb1n:a:n kalka hirge ki:l:eren y2re barar1n k2l:2rb2k:2 bu tugut:a:X t1h\1n1	ylliriger ahatan albunan kalka: hirge killeren yere barar1n k2ller bokko butuguta:kt1hine
dolg1241	bierebin diebit	byjerebin dibit1
dolg1241	J\e onton ol harsierda turdular	jodanol harserde turdurlar
dolg1241	it:e it:e tuok ka:lb1t kimi bar1Xa:n on:o tiejel:er	ite ite tokka:lbut kibin barkan onodellerr
dolg1241	kojuk:u 2st2rb2r kepse:tekpine min kepsiem iti kat1r1k:a hiti J\1l:ar1 kojut ulaXan buolbuta	kojuku 2st2ryber kepsetekbine min kebsim tin kat1r1kka hitidilar1 kojut ulakan t1ragedien bolbutar
dolg1241	en ka kajdiet baraG1n diebit 1alJ\1t	en kaXajdebaragin dibid yltSikir
dolg1241	onton J\e buXat1n bu ha:s haj1n buolar1n diet J\e iti urah\a J\ielerge 1h\a:r1nal:ar	on ton J\1bukat1nn b1ha:s hajn bolar1n J\ede torhadelerge 1ha:r1nallar
dolg1241	iti kie min uolbar k1:sk1n bierie huok etiN J\yry diebit	itikemin olbas1r kytSkin bi:ri:huog etiNJ\yrydiibit
dolg1241	eh\ete k2m2l2h\2r	ehetekom1l1her
dolg1241	J\e ol kerget:ere bar1t1n taXs1b1ta ijete aGata J\aXtara	don kerigettere bar1t1 taks1bter ieteGataJ\a:ktara
dolg1241	ken:iXi oGoloro iti uol oGo Sljapat1n Sljapala:X ete	kenikijoGoloroiteuloGo lat SlepalaGat1
dolg1241	J\e utujuok diebit an1	J\otuJ\oktibirdan1
dolg1241	onuga ebi:tin 2ssy2 iti taNara J\ietin oNorbuta dien:er iti kat1r1k tah\1gar	onug ebitiNi S2jdi taNaradetin oNorbuta dienner ite kat1r1ktah1gara
dolg1241	b1l1rg1l1: ba:j baGaj1lar	b1l1rg1l1 ba:j baGaj1lar
dolg1241	h1ata ke:h\iem ba:ra dien di:	h1atakehin ba:radijbi
dolg1241	gini 1ksat1nan ke oloru k2rd2 k2rbytynen honon ka:lb1t elete	giniksat1nan ke oloru krd1 kyribytynen hono ka:lbutsa duojik bileti
dolg1241	habieskaj b1la:s buolar dien 1ja:X ergil:ere hin da:Gan1 tuolkulu:r kih\i tuolkulu:r k2rdyk ete	habesk1 bula:s bualar dyen taki 1ja:gergiller atakihin daGan1 tolkum1r kiidolkum1r kord1bat
dolg1241	ka baJ\an ere bultSut baGaj buolbataX	kabadan ere bultyt ba:j1g olbatak
dolg1241	J\o: J\e ol tS1:mkat:an tut:an turan diebit	J\o J\oltSymkettan tuttan turan gibbb
dolg1241	J\uXa:la:X buol:aG1na on:uk oGo t2r2:byt ebit ol oGo t2r2:byt J\uXa:ta diet:Siler	J\uka:la:k bollag1na onduk oGot1r2bitebit ol kyoGo tyrebitJ\uka:ta detSile
dolg1241	ytSygejbin diebit 1ra:k:a:n olorbut ol kih\i	he ySbejbin dibi 1rakkan olorbud olki
dolg1241	tugu da ah\1ag1n be k2r2r aGaj	tugyda:h1g1m be kororaGa
dolg1241	er kih\ileriN emie ylete huok olorbot:or buo	er kijilerin emie ylet olo olorbat1rbu
dolg1241	onton kih\ilerge kepsi:l:er ebit	onton kihilerge keptiler ebiri
dolg1241	ol uru:tun in:ak_jenci:n k2rsybyt bejetin uru:tun	ol urutan bi inakenJ\ienen karsybit bedin urutun
dolg1241	ol tebene h1t:aG1na ys uol oGo ys uol oGo k2r2n turbut:ara onu	ol tebene h1ttaG1nan ys oloGo ys oloGo kolon turbuturoh\nunnnn
dolg1241	J\e ol oloron:or ol oloron:or J\e bu kih\i J\e i:kte:bit i:ge kelen	J\ol oloronnor ol oloru1nJ\e bukihiJ\e i:tebi jgikele
even1259	ekspeditsijadu: hawald_j@sa:tin	ispid_jitS@jduhaw@ld_jitSatn
even1259	n_jamasalwun aktSud_japki:l	namoSolaktSud_japkil
even1259	suglan oran da gun@ @lo: @l@t @m@Go:t umundu: bid_j@p biGo:t	s@klanw@r@nda gunl@l@t @m@la umundu idatbid_j@p bigo:t
even1259	ta:duk umu:ko:ndu: di:ski: hurutSo:wun tartiki: alik sta:d@la:	tad@kumuko:nd@ diski huruwtSaGun taktikialikistad@rla
even1259	ororw@ tiniNn@r@wun il_jd@tSiko:r bido:tin	ororwolti:niNn@r@wun wisn@ n@tSalijun@ mi:lid@k@m@r@w malind_j@ nabrani ild@tSikorbidtin
even1259	taduk gef omolgi:f saSaw tuG@ baldisan fewral@ndu:	t@dukge:w @m@lgiw sahS@ tug@ baldisan fiwra:lld@wl
even1259	a t@g@minun hurur@wun itS@tn@:hin@	natigamin@hururownitSitnah@
even1259	aNila: bi daGama:m mohala:	aNila:bi:dam d@galam moh@la:n
even1259	dokum@nt@ldu:tin antiptikir godroZd@nij@l bitS@tin	tam@St@ dukume:nt@ldult@n antiptikir gudrad_jde:n@lbitS@t@n
even1259	d_jiZurid_j@pki:l kuNaka:r dolboni:w@	d_jurhuritS@pd_jururritStS@ptSilkumakar dolbani:w@
even1259	tartiki uGusakit huruNn@nd@	tat@kigusakituruNnand@
even1259	tadu in_jd@Nkim	tadu iNd_j@Nkin
even1259	@fki:l @jd@r@	okil@jda:r@
even1259	h@l@ @du: no:dak@ldu	h@l@dun odak@ld@
even1259	tuksama biNki:f bi kuNakandu:ji:	tuksam@binkibir guakand@j
even1259	tSo:n	wrtutSri
even1259	umno: ami:Nahaw hurur@n pas_joloktula:	gumnoaminNahaw hurur@n patSul@ktul@n
even1259	@rda d_juktSawa aNiwan bid_j@:kpon	ord@d_juktSa aNi@n bid_jopwan
even1259	taduk nuNan ujd@n nuNarwat}n	taduk nuNan ujd@nknuNarwat@n
even1259	@n_ji:m @tirko:l@so:n	patum @nim @tirkol@son
even1259	bagdak@lw@r ahakt@d_j@	m@kbah@lut ahat@g@l
even1259	tadukta luhu mohadu bid_jaNki:f	t@dukta luhumohadbid_j@Nkiw
even1259	@du: bid_j@no:r@ d_j@bd_jeno:r@ oror	dubid_j@no:r@d_j@bg@no:@r@r
even1259	somol_jotildukta n_jildukt@ ajatm@r	tSoNunotildukta nildukto ajatN@r
even1259	horoki:l tadu: d@Gill@	hor@fkilt@ld@ill@
even1259	tSipka:r da @tawa girkujiSa:tin	tSipkardajitaw@girkujiSatin
even1259	ogdoko:soko:nwi karijasa:nmi luktSada: amardukin tuksad_jan@	ogd@kosokonwikarisanminuktSa:damart@kin t@ksad_jan@nn
even1259	ta:la: iss_ja e:kunm@l @:lahawal iltSada: tar h@rgi:ski: burukon@m	dalaiaikunm@l ilhawan ilkadatS@r h@rgiskiburukorn@n
even1259	d_jad_jam bitSo:n kujki:	d_j@dar bitSon kujki
even1259	@n_jin @n_jinmun umukin mun@ aN@d_j@tSa:n	no@n@nin munuNukin munaNitSan
even1259	orordi huruldiNki:f dalnunmi k@rg@nnunmi di:ski: orortiki	orord_ji huruld@Ndiw d_jalnunmi k@rg@nnunmidi:ski orortiki
even1259	bi k@rg@ndu:ji umukin bin@ baldid@s_ja:w	bi:k@lk@ndu uNkinbin@ inbald@d_jis_j@
even1259	urg@ t@G@ttS@r@n guluwunmi daGadu:n @d}nunmi	nurg@t@tS@r@n Ngulunmida:dun @d@nunmi
even1259	nulgi:d_j@tSo:wun gorolo: dulinman be:gan	N@n@tSanugd@d_j@tSa:w@n g@r@wlm@ m@dulhinmanbe:g@n m@tupu
even1259	@r dund@du: girkud_jari:gas_jin d_juktSalw@ is_j@so	@rdund@dugirkud_jarigasin d_juktSa:lb@ is@so:
even1259	oldolwo turumn@:Nki:wun oldowo wojnaN@hi:	@ld@nwoturunnonk@wun lubo:jold@bo w@jNali
even1259	nuNan t@G@tm@ tadu: @m@:nmutSo:n	no:nont@tm@t@duamanmutSan
even1259	d_japkali: girkum	d_japkaligirkum
even1259	irukt@fki: il@lw@ tolgoki:lw@tin	iruktohkil@lw@ tSolgokilw@tin
even1259	hut@lin oda	hut@lino:da
even1259	goro: bitSo: ta:du: sta:d@tin nama:d_ji d_jza:n kilom@tr potaptuk	gurulbitS@tadustad@tinnama:d_jitSan kimtatuk
even1259	@duk @t@m hind_ji girki:ta:r@	k@dug@tamin gigirkit@r@nn
even1259	o:kir bi t@pk@limd@: taduk taril himu:rgara	wo:kibist@pk@limd@ taduk taril himurgar@
even1259	@tS@wun sar@	w@tSo:w@nsa:ra
even1259	ila:w@l hurud_j@nd@ @n@ hilbara n_ji:du:d@:h@ b@j@lb@ od_jari:w@w	ilaw@lhurud_j@nd@ @nahilbaranidudah@ b@@lbow@d_jariw@
even1259	@du: a:ri:r@n @duk@ pastukilk@l gunn@	@du a:rir@n@du p@tukgilk@lduna
even1259	beGa beGa N@:ri:m@m@: bitS@n beGa	bi@l big@ Norim@m@bitSonbi@
even1259	ilmaktadu:ji d_jad_janunmi ohotils_jad_jitSa:w	idm@kt@duj@d_jad_janunihwutd@s@gitSaw
even1259	h@rgu:l b@j@l @r@ tug i:fki:l	h@gudun h@rgulb@j@l@r@tufkil
even1259	tadu: oronmo	tadus@ napugal oronm@
even1259	@b@:j b@j@ @k@l N@lifs_j@ bid_j@gin	@bo:jb@j@@k@l N@liws@ bid_j@gin
even1259	aNi bu:n_ji:d_j@rilw@ irgitSilw@ do:ldi:r@w	aN bunid_j@rilw@ irgitSilw@ do:ld@r@w@
even1259	@n_jok@ji hanNuktad_jam	nuapatum onak@jihaNt@d_j@m
even1259	@dukd@: wek buss@ld_j@r@s	@dukd@ wi bust@ld_jir@s
even1259	o:halba gas_ja	ohalbagasa
even1259	akimn@ al@n_jivottu: hawald_jasa:n	akim@uin_jiwotawand_j@sar pa:wuld_j@kala:ji
even1259	irtiki:do: d@giwd_j@ri:won tar b@j@ @fki: @jdar@	irtikidad@gd_j@d@gibd_j@rwantarb@j@uki @do:r@
even1259	taduk tar@ @tirko:n @monmus_jo kuNakannun	d@k utirko:namn muso:kuNakannon
even1259	nuNan itS@r@n nuNarwat}n	nonuanitS@r@n nuN@rwatin
even1259	bu daGama:ttSo:w	buda:m@tS@l@
even1259	@tirko:n haNk@l@j@ o:d_japki:	utSilkomha:nk@l@jod_jailt@m nud_jatSuid_jalit@rsk@z@n
even1259	tar taduk h@l@ tuN tuN n_jik@n@ tawar Ninakin tur@:n as_jin odan b@j@duk alitna	taduk@l@ uduNnik@natawar Ninakin turona:sino:d@n b@j@duk alitna
even1259	t@tigalin odan nuNandu:n	tat@g@notanNamdun
even1259	ilmakta hawaliltSa:w	ilmaktahawaliltS@
even1259	taduk b@j@ @m@ltSo d_jumala:	tSaduk b@j@m@lktSo d_jumala
even1259	nulgi:tSo:wunt@ nulgi:w itikirwi: N@n@wumd@k	N@lkitSawumtis@li@lgiwitikinN@n@wukt@k
even1259	ajamamat abgara:l biNki:wun	ot@mu tagda aamamtabgar@l biNkiwon@
even1259	ini:tS@d_j@ril bid_j@r@ ini:tS@d_j@n@l bid_j@r@	initS@d_j@rilbid_j@r@h inijtS@d_j@nulbid_j@r@h
even1259	suruwo:t suruwo:t aN@ abdundula:	tSuruwaturuwtNabdundula
even1259	dunn@la: burum	dunnulaburum
even1259	tar b@j@tko:n ud_jali:tin huruso ilk@:nduli:tin	arb@j@tko:nud_jalitin hurusow@kondulit@n
even1259	ta nuNanman aran aran uri:staw	n@nuN@nman arrnarh@nuriist@
even1259	iland_jan tunNa anNan_ji:w@ hawalim internattu: sadiktu:	iland_jantunNanNaniw hawalNd_janattu isad_j@ktu
even1259	nonon nuNan @Nki:t}n ha:r@ e:kur tar bitSo:t}n	nN@n @Npit@n @rantS@k@har@ e:kurt@rbitSat@n
even1259	Ninakin od_jaNa:s	inakinod@NatSu
even1259	tar h@l@ h@l@ hurukt@ gus_jo	taral@l@ hurukt@gusa
even1259	d_jan d_jan tunNa t}rgan_ji:wa nulgi:tSo:wun tajmurala: s_j@w@rnajdulo:	d_jan tunNatirganwanulgitSowun tajmur@laSiwir@n@rdulo
even1259	oldoko:rwo @hiko:n no:dad_j@m ta:la:	old@ko:rw@@konno:dad_j@mt@l@
even1259	taduk @r turula: @m@wuNki:tin guruSSikil	tat@korturuna amogunk@t@n hurusuk@n
even1259	sawo:dalw@r ha:lwatin @m@:nm@tk@l	sabodh@lwan halw@tin amonNotk@
even1259	m@nNilduk dunn@lduk gaNki:tin tar @w@nkil antil @ruptSut in_jd_j@tSatin	mamnildukdun@ldugankit@n tar w@nkil antil ruptSut ind@tSat@n
even1259	k@t@ bitS@tin omolgi:l k@t@ hunatil bitS@tin asatkar	k@t@ bitS@t@n m@lgi:l k@t@huna:til bitS@t@nasatkar
even1259	taduk nuNan itS@r@n h@gd}ko:rwa aNi halgarw@	taduknuNan itSir@n h@gd@NkoruNhalg@rwu
even1259	@r@: @wi:wun@w@r od_jam	@r@awiwunw@rod_jam
even1259	itS@m abatSi:wa	itSum @batSu
even1259	tartiki @m@Nki:wun burandi palatkala: ta:du:	tat@kim@Nkiwun burand_ji @lat@la tadu
even1259	zoow@tt_jehnikum m@ manam	zo:witSifniku m@manam
even1259	ami:Nahaw @m@Nki:n	akagda aminNaw@m@Nkin
even1259	bi tug tug dumajd_jam	bitukdukdurwad_jan
even1259	burduka as_jin	burtuwkatSin
even1259	@t@j@ttS@Nki:n amiN@h@	otoj@tS@Nkin abiN@lki
even1259	bolot@ Ninakird_ji	bolot@ inakilgi
even1259	nuNanman miktSand_j@r@kin halganman kapullakar garpasol ganaltSil	nuhanma:nmiktSa:nd_j@lk@n halganman kap@wakar gaspuslganatSian
even1259	tar b@ji:ttS@r@n tar d_j@mN@n@dukpi	tar b@jtS@r@ntard_j@mN@n@dupiinnn
even1259	tuG n_jik@s_jod@: h@w@ki:nun girki:lad_j@fki: bis_jo	duNnik@sada @w@kinun girkila:d_jiwkibitSo
even1259	toli: istanokil biS_jo:tin	to:niistanokulbisatin
even1259	tima:lta:na bu: @t}rko:nwun d_jiZurid_j@rgu: hut@lwun ad_j@pki:l	timaltanabu @tirko:nugiuhut@lwn ad_jipkil
even1259	@n_ji:m buss@d_j@n@ buso:n	@nim bus@d_j@nahbuson
even1259	mom @du: ind_j@m pas_jolkadu: hantajskoj@ oz@ro	wot mom@dujind_j@m pasulk@dwantask@@z@r
even1259	tuN n_jik@wki:da: e:kunmal mu:jan g@nno:fki: idukp@l bis_jo	uNnik@wkid@ikunm@lmujan g@nnohki idukp@lbiso
even1259	Ninakir kikirkal kuji:ko:ttS@n@l	Ninakirkigirkal kujkotStS@n@
even1259	ti:n_jiw@tSa:wu:du: N@n@d_j@tSo:wun	t@niotSaw@duN@n@itSawunn
even1259	bi bald_jirakif amtilwi min@ urun@ gun@ gun@ @r b@j@ od_jan	bibort@r@tS@n amtill@ min@uruna guna@r@b@j@ ugod_jan
even1259	istanokil b@j@l @kur pal_jnamoSinijil girkud_jaNki:tin	@stanokul b@j@l@@kurpanlomoN@fin @rirkud_jaltikin
even1259	b@j@ ahi:nunmi aNiduk gul@lduk hurur@n h@ti:s_ji bin@	b@j@ ahi:nunmi aNidugul@lduk urur@N h@ti:s@bin@
even1259	tar kuNakandu:i bukokuttSa	t@r@ kwanka:nr@buko:hutSa
even1259	h@gdiN@mik@n_jtS@ bitSo:n hagdimika:n bitSo	hogdiN@mikontS@ bitSon hhagdimikan bitS
even1259	hurun@ d_juduktin tar@ ilk@:n_jd_jin@:l huruso	hurlunald_jud_juktin tal@ isko:nd_j@n@l huruswr
even1259	k@pkanilw@l tawuNn@r@ oldolo wa:d_j@pki:l rejs@j@ wa:Nn@r@wun	k@pkaniloltawugn@r@ old@lobad_j@pkil ritS@jwaNn@rgunnn
even1259	horoki:la p@ktirond@No:s h@laki:la @mi gun@ h@laki:la	horopiilap@kt@randiNas hilaki:la @mingun@ hilaki:la
even1259	@:d_jafki:l hawald_jafki:l	@d_japtil howand_jawkill
even1259	n_jiki:s_j@:r@ @m@wuwki:	ni:kiso:r@m@wuhki
even1259	bi do:ldi:m tar bu:n_ji:d_j@rilw@ aNilwa No:nimilwa	bi:doldintar buhnind_j@rilw@aNilwa N@n@milwa
even1259	@wki: min@ @ra @Gifkon@	ufkimin@ir@ ujifko:n@
even1259	p@kt}r@:tS@:n tSipka:rw@ uluki:lw@ d_jantaki:lw@	p@ktirwutSonkipka:rw@ uluki:lw@ d_jandarki:lw@mir
even1259	e:kun nuNanman @N@hi:n	ikumn@Nonman N@hin
even1259	hukt}ll@ munt}ki:	huktill@munt@ki
even1259	taduk ororwo aNiltSa aNilwatin orordula:	tadupororw@ huaniltSa lngl@tin purudotinrordula
even1259	on bitSo:n e:han	on d@sikpur dastar@biSon ih@n
even1259	ir@mo:his_jo:ndo hut@ld@lo:ji:	gir@mahso:nd@ hut@ld@gaj@
even1259	d_joniNn@m @l@tin b@j@l ahal umunukt@ munNi: d_jumadu:wun	d_joniNnam @l@tin b@j@l ahal umunukt@ munid_jumadulun
even1259	@r bi h@rgu:duk dund@duk @m@m	@rbih@rgudukdun dadukam@mNuN
even1259	hulukundu:f N@n@kt@so:wun potaptula: orord_ji	ulukunduf N@n@kt@sol@n pataptulawrordi
even1259	gund_j@r@n ilan@ t}rgan_ji:l hira:nipki:l aN@ makitka:r o:da:t}n	nogund_j@r@n widilan@ t@rganil tolk@ hiranipkil Nmakitkarodat@n
even1259	tantSad_j@r@n tantSad_j@r@n	ta@ntSid_j@g@n tantSid_j@g@n
even1259	tunNawa b@j@wa hihur ujim	tunganab@j@w@hirhurk@bujim
even1259	kabin@t@ldu: t@G@tt_jan@ @diNo biNki:w gorojo	kabinit@ndut@G@tS@n@d_j@No:bilkiwugorw@li
even1259	aNiw@ mo:w@ tar@ min@ no:da:r@n	aNiw@ mo:watar@ bi:n minono:da:ru
even1259	hi:G@l@ burand_ji	h@l@ burandi
even1259	ho: ahi: bitSo:n minNi: @ninmi	huohibitSon@ minujin
even1259	ama:ka:wun un@ atSin oran	h@domamakawon un@ a:tS@nor@n
even1259	girkultSa tar@ dund@ h@rgi:do:li:n	girkultSat@r d_jund@h@rgido:li
even1259	e:kun o:dan	i:kpunundar
even1259	tariNilnun bu nulgi:st@w amaski:w@r	tarilnu bunulgitt@l amaski:war
even1259	gorottula: in_jd_jam dudinkadu:	gorattula ihin ind@m dudinkaduml
even1259	uNtuwun@ od_jamda: hut@lw@n N@lifk@:nd_j@No:w uNtuwunm@ dukt@n@	uNtuwun@od_jamda hut@lbon No:lukko:nd_jiN@w uNtuwunm@dukt@n@
even1259	b@jNo: ir@ks@won tar kiNgit @m@mn@won inNaktawan ussada: dilasa:tki: olgi:sa n@ptal@	b@Nair@ks@won tarkiNgit@m@mn@won iN@ptawan ussada dilasatki olgi:san@pto:l@
even1259	bumu:d_j@r@ nuNart}n	aud_ja bumud_jar@nuNart@n
even1259	kutuj@ asindu: @fki:l baldir@	k@tuja:sin duhkilp@ld@r@rr
even1259	@pki: kahirgar@ @t}rgar@	pki@@w kahirg@r nujuladn@ @t@rg@r@
even1259	h@w@ki: h@l@ aNilduk s_jitalduk od_jafki: bis_j@ b@j@lb@	h@b@ki:@l@ aNilduk sitald@k od_jafkibisa b@j@lb@
even1259	ol_j@n_jiwod o:dam ororwo ororwo ajitSimni	zartSihnik@luniwotud@m rul@jitSiNn@
even1259	N@n@r@n N@n@r@n	Nan@ran Nanaranun
even1259	b@j@ ahi:nun ofki:l	b@j@ahinunowkil
even1259	ilanild_ji aNir@w h@r@k@r@w	ilanild_jiaNir@w h@r@k@r@w
even1259	huNtu bitSon klara	huNdu wunutSk@ bitSank@lar@
even1259	narott@ ho:t d_j@mu:d_j@Nki:tin	narakahadj@nmuj@nkiki
even1259	na:Nmaktadu: nuNartin N@n@pki:l	nanmaktadunwartin we:tlid_ja:t bajattS@k@m@r@w dsnihod@t rtt@n tSut@ujdld@lb@N@n@pkil
even1259	k@t@wo orolorw@ buNkitin oroloNm@	kotoNo aramnaruwubNukit@ arolodl@r
even1259	t@r @Nn@korw@ nuNardula:tin tast_jasa:wun ohotnikildu: buttotin bulta:mnil_jdu:	d@r@Nn@kwarn ord@la:t@n tas@sa:w@n ahodkikildubuptatin bulta:mNild@
even1259	gund_j@n@ @rdu:w@r e:kunnunm@l e:kurwi tuGi ganat	kund_j@n @dn@ori@kunnunmanm@kun bitugilk@na
even1259	@t@:nd@ il@:da: @duk hurur@	otandiilodawd@hurur@
even1259	tSipka:n wark@	tSipkannaj@nawark
even1259	ororwi is_j@ttSo:w uhod@ri:lw@	urunwi isitS@w uhwad_j@rilu
even1259	d@ptil@wunda o:dan	d@ptil@wun do:ladan
even1259	i:dud@ @tS@w hawald_jara	hawal i:dud@@tS@l hawal dara
even1259	gun@n @m@do:w	kun@nam@toh
even1259	umukon k@rg@ndu: orortin herdu:tin huntu @kurtin ham@lki:tin	umukonk@rg@ndu orotin hirdutin huNtu ikuin ham@lkiltin
even1259	wojnaduk bitSo:n kujki:	w@jnad@gbiSom h@tSi
even1259	nuNandu:n t@:lid@ umukon bis_jo:n oronin	Nandun to:lir ukun bis_janar@lin
even1259	@t@r@w @r@g@rit @duk is_j@wuld@	ata:r@w @rg@d @dukis@wuld@
even1259	taduk h@w@ki: ikt@r@nd@:	taduk@t@ haw@kiiSo:ros ikd@r@nd@
even1259	@r ama:ka:n gus_jo	arama:kamgusu
even1259	d}litpi itS@ttS@pki:	diritpi @tS@pki
even1259	upkatSin aN@ gar atSin @tS@ d_j@gd@: @r@ bir@ bir@kin tar mugd@ko:n	ukatSin aNigara:tSin @tS@d_j@gd@r@bir@isli bir@kin tam@bd@k@n
even1259	bolS@ ila:da: @tS@:w hurur@ alawupna:hin@	bojS@ilad@tSowhururaloufnahin@rr
even1259	bi gund_j@r@n amutwa upkatwan hurupda:ji t_je: tar hunNi: t}g@hun hujuku:n @N@n_ji:	d@ bigundi amutb@kkatwan hurubdaj@ titar hunni tug@hun hujukun @N@Ni
even1259	akinm@f tar @so n_ji:do: n_ji:do: gada	akinmawtagas@lNid@Ngid@gad@d
even1259	mom @lo h@l@ @m@so:w	ma:malahal@@m@saw
even1259	tala in_jd_j@r@w izbuSkaldu: @tSolwun d_jumildu:	ntalaind_j@rw ibuSk@ldu os@lw@n dulmildu
even1259	tar huwulbon d_jawana huruwufki: bis_jo d_jula:ji	harhuld_jbond_jawo:nnahurwukibiso:d_jula:ji
even1259	birikt@ umukin @monm@m	biriktum@kinumanm@
even1259	nuNanmanmokko:n @fki:l @jd@r@ daran girkud_jari:wa	nuN@nman m@konukil@jdor@ dara:n girk@d_j@ri:b@
even1259	hama hamahaldu:	hamaharmah@ldu
even1259	hut@ltin k@t@m@m@ bis_jo:tin	hut@lt@n k@turuGu bitSalt@n
even1259	oroh@m@ oron h@gdi umn@j	arar@nh@gd@wumn@
even1259	amaski: ind_j@tSo:n h@w@ki:	amaskiinditSon h@wuki
even1259	dund@lo: @m@wr@n i gund_j@r@n	dundolo: m@wur@ni igund_j@n
even1259	gul@ldu: tam o:ki: tri ilaldawa bitSo:wun	gul@ldutamuk@ triilaldawa biSaw
even1259	u:tSakilin tar huktill@	utSakil@ndan huktil@llar
even1259	bultana:skan@m @rd@lo:n hokoriwran	bultanaska:n@m@rd@lon hokor@brann
even1259	t}r to:li: itS@no:s_jin@w s_j@w@rnaj tajmurala:	t@kdapirto:lip uitS@no:sin@l sbirn@t@jmur@l@
even1259	taduk mus_jum	taduk uSiwum
even1259	@n_jint}n ukubd_j@Gin	onintn ukubd_jiinnorwot
even1259	@n_jok@nun ulgutS@:ma:ttS@m	noapatom ape:tSook@nnulgutSamatS@m
even1259	tar minNi: @ntilwi tar@ min@ irgi:d_j@sol ajat irgi:r@ min@	tarmiNi @i min blirgid_je:sl ajat irgir@min@
even1259	sundu: @du: oroko:r won bih@	sumdun @dub or@ko:rwulwon bih
even1259	n_juNun vnutSat}lwi bih@	nin_juNn unutSa:t@lwibihi
even1259	bi @hiko:n @ma:mija tantS@ld_j@m nuNarwat}n	bi@kon im@mi taNtSilgim@tinuNarotin@
even1259	haN@d_j@fki:l d_j@pdo:w@r nulgikt@d_j@do:w@r	haNid_jawkid_j@do:wr nuld_jukt@ uld_j@kt@d_j@do:w@r
even1259	ami:m dilganman ur@:d_j@r@n	amin diwganman ur@d_j@r@n
even1259	tariNilin tariNilnum bid_j@d_j@No:s	tariNillinrNitariNil nuw num bid_j@d_j@Nos
even1259	@la: nuNarwat}n no:d_jam	ilonuNorwat@nnad_j@m
even1259	bi burum	bi:burum sutS@g@r
even1259	@monmutSo:tin gul@ldu:	omo:n mutSatin gul@lt@
even1259	umuko:n b@j@ tutontSan@Gan mindu: ulgutSo:n@n @ro	@mukan b@j@rt@tantSa:nagan mindulguSo:n@n @ro
even1259	kan nuNan ofkand_jiNki:n @r naw@hilw@	kanmuNanoguka:nd_jinki d_jimnawnaw@ilwa
even1259	ajat ho:t d_jont_jad_jam bi @ninmi	aj@thutd_jontS@d_j@nbinin
even1259	ororwun n_jamasal aktSud_japki:l	ororwurnutStnamas@rlatSud_japkiloN
even1259	umn@ko:rt@ @kun @m@r@n mutp@ @w@dit alagudaj@	m@nn@kawrt@ ikungur@n utp@ @w@d_jit alguda:j
even1259	d_juji istSada: urk@won	d_juistSadaw@rk@wan
even1259	tSipka:rw@ wa:d_j@tSa:w mo:ti:lwa	tSipkarwwaditSaf moltulw@
even1259	b@j@l @l@:tin ad@lilwar tul@pki:l d_juk@li: d_juk@li:	b@j@l @l@tin adirizbaltul@pkil d_juk@li ul@nd_juk@li: ahol@t@t
even1259	orost@ mondukpi	@taatan rast@m@mandupi
even1259	d@G@lill@n gud_j@l	kakra@tw@rim@ samalud@lil@ngudil
even1259	@hi: t@pk@ld@	@hikibi t@pk@ld@
even1259	dulbun bido:ji ahaska:kutim	dulbun bid@j ahatka:kutim
even1259	@r@g@rit dukt@ltSo uNtuwunmi	@r@w@l dukt@ltSa uNt@wunmi
even1259	d_jur bin@l kost_janun lihatSownun	nud_jurbin@ gos@nun lih@tS@wn@
even1259	mortin h@gdilo:tin ho:l	martinh@gdila:tin ho:l
even1259	@:lahawal t@G@r@n tar d@gi	@lahaw@l @ t@g@r@ntard@gi:
even1259	nu ind_jitSo:wun ta:du: d_ju:ldu:tin balokildu:tin	n@ind_jiSaluntadud_ju@tutibal@lti
even1259	tantSaran tantSaran	tantS@r@n tantS@r@n
even1259	gorowo bik@n@m h@w@ki: @m@r@n	g@rawo:biko:n@m h@w@ki@m@r@n
even1259	o:Gin @d@:tin mun@ ulokitt@ ulokitt@	buhaltS@ro:win odo:t@n m@n@ ulokitt@ uloktitt@
even1259	badaraltin badaramit gunifki: dund@w@	badarart@n badaran@tSgun@fki duNd@w@
even1259	burki:r@ndo: mo:la mo:Nilaji dukt@wur@ji oran anan mo:lduk	burkir@ndo mo:la lmo:Nilai dukt@wur@ji o:rananan mo:lduk
even1259	@jaw@l gaNki:n	ij@w@lg@nkim
even1259	kuNakar tadu: luki:ld_jiw@r mo:lw@ n_ji:lw@ ganattS@n@l tuksaktad_j@sol	kuNagartadu lukild_jiwonmolb@gilb@wuk@natS@n@l tuksaktad_j@sw@
even1259	karabinma ga:m@	kar@binmagami
even1259	amtilwi @m@r@ gunmi tar aminmi umn@ h@h@ntSa:n mindu:ju on @lo: @m@r@ @r dundilo: aGataduk	amali@umur@ unit@ aminiunh@ntSanmind@gi onalam@r@ @rdund@la aratub@Ng
even1259	nuNan gun@n	@wann@ku@man
even1259	@lo @l@watin on m@rtin abindu b@s gunipki: tarilw@ tarilw@ b@j@lw@ bol_jS@wikil @l@: tasta mutp@	la l@w@tin omartn aminus w@nipkitard_jal b@j@lb@ b@rSiid_jil @latastabup@r
even1259	mu: odan tadu:	muodantadu
even1259	oron hawan ho: b@j@ hawaldakin	@r@nawa:no b@jahwand@kitnnn
even1259	akinmi bus_j@n mindu: d_japkun ir@ks@w@ @ldundaji o:daw	akinmi @nd@r@j butSon mindud_japkun ir@ks@w@ uldun@jioldal
even1259	e:kunda: @tS@	rikund@tS@
even1259	o:hi:ktaka:rd_ji opki:	ab@toroh@kt@kard_jopki
even1259	ahalda @:n@ hawald_jafki:l	ahanhawand_jakki
even1259	umuko:n hut@n	um@kanhut@n
even1259	oron h@gdi ho: @r @:kunin @n@ ajan@ ho:	N@ronokd@hl@kumi @mi ajan@ho
even1259	gunn@ dumajtSa tar b@j@	gunn@dum@tSat@rb@j@
even1259	i:la: @la: aNilip @du: bid_j@r@ d_jebN@n@l@w@r aNitSal	ila@dwaNilipdubidir@d_j@bN@nulw@n@waNitSawu
even1259	ilo: idu: tadu: ta:la: hurupki: tara hurupki:	ilu idudtalahurupki tarahurupki
even1259	bi ala:ttSim nuNanman	biji a:la:tSimN@@nman
even1259	miris_jo:n nuNan amindu:f iland_jar aNanisi bin@	mirisonnuNan aminduh iland_jaranNan isibin@
even1259	d_janduk tunNa anNan_ji:w biso:n tadu:	d_janduktunNanNanihibisorpadhuun
even1259	s_jipkamina:d@ kislokandu: guniwki:l d@Nk@mina:di	Sipka:minna:d_ji kislakandugun@wkil d@Nke:minad_ji
even1259	@du:t@ in_jd@m@ durdar aNan_ji:wa j@k@Nd@du:	@duti ind_j@mud_jurd_jaran NaNiwa @rj@k@Nd@du
even1259	irk@	birkno:nonotS@
even1259	tugdo: e:kurwal nuNarwat}n aNitSahintSa huruptSo	tugdaikur@w@l nuarwart@n amitS@ hanntSa huruptSiwa
even1259	@Nki:w gorojo hawalda	@nkiw gor@jahawalnda
even1259	to:li: Ninakin turo:s_ji bis_jo	to:liNinakin turo:sibiso
even1259	ilodo is_jt@Na:t	iradaitS@nar
even1259	p@kt}ro:ldo:wi n_j@k@d_j@tS@:w	p@kt@ro:ldajnik@ditS@w
even1259	@du: hawaliltSa:w	@duuhawaliktSaw
even1259	ind_jitS@:n umuk@:n b@j@ @w@nki:	ind_j@tSanumukon b@j@ @w@nki
even1259	@r portala: @m@ll@w	rport@lam@ll@w
even1259	Ninakir ujutS@d_j@r@	inakir uis@d_j@runn
even1259	istanoktu: bid_j@Nki:wun wojnaN@hi:l	istanoktuk ijoNkiwun hojna:liil
even1259	n_ja:dim@:tSa:wun oroko:rw@ gd_j@t@ d_japkutalwa:GintS@	na:d_j@m@tSwun ur@korwud_jit@d_japkutalwahintS
even1259	a ta:la: horogodu: ut@:l@pti bitSo:n	atala horg@du utal@agarud bitSan
even1259	a @du: ind_j@k@ldu	al@duind_j@k@ld@
even1259	ajat bid_j@tSo:wun	nuajadbitSawnn
even1259	antiptikin hawoda o:dan	antiptikiN hawo:d@wodan
even1259	@n_ji:N@h@w tSatipka:ld@nda: i ulguso:ld@n	m@ninN@wtSattipkald@ndaj@lgusuld@n
even1259	tug Ninakindi bakadaNas	tuNinakind_jibakad_janas
even1259	@tS@ urkura	aNid_j@r@tS@l@ urkura
even1259	ami:ndu:f k@t@ oron biso:n	aminduf k@t@oronbison
even1259	@l@n t@tigaja as_jir e:kurda as_jir tuG@	k@@d_jn@ @l@n t@t@gaja:sir ikurda:sirtugi
even1259	i:duk taduk gald_jaNa:s huntulduk poktorijalduk	iduktaduk gald_jaNar suNtunduk puktawrijantu
even1259	t@r@h@:d_j@n@ tuksahis_j@ nuNanman	t@l@w@d_j@n@tukahisjan@wanma
even1259	beGaka:kun bitS@n to:li: fewraldu: begadu:	bgaka:kunbitSoh twald_jikadu hiwr@limisiwraldu bigadu
even1259	hut@linda: moninda: jo:sal @r@g@rit	t@lindam o:n@nda jo:sal@r@g@rit
even1259	a gilk@ h@gd}ko:r otSal	nagilk@lrh@dd@karotSa
even1259	d_jawatt@n nuNarwat}n	d_j@watt@nnuN@rwatinu
even1259	taNuj@ as_jin @fki: tand@ albafki: tand_jami:	taNwasi ufkit@Nd@ albafkitaNd_j@mi
even1259	tar d_j@pd_j@n@l tar b@j@l guniltSol	tard_j@bd_j@n@ltagb@j@l@ uktSol
even1259	mun@ @pki:l gada	mun@pkilk gagada
even1259	utSis_jild@ @du h@gdi	utSiSidl@nuh@d@
even1259	tar mu:t optihinifki:da: tariNilin arufki:l bisol	tarmudopt@hinihkidotSariNilin aruhkilbis@
even1259	tSa:tir@lw@ tSipka:rw@ @l@watin bultaNki:n nuNan	tSatr@lw@ tipkarb @lt@ bultankinnuNar
even1259	to:li: purgaltSa biso:n	tolipurgantSabison
even1259	tadu: hawald_jasa:n	taduhaw@ld_jasa
even1259	tar gun@n t@d_jo	kargund@ni t@d_j@
even1259	aN@ @n_ji:N@h@w @s@ ju:r@	tuaNi @ning@bus@jur@
even1259	kislokandu: ind@na ahis_ji bis_jo:f ta:du:	tSisl@kanduind_j@n@ aisibisawt@du
even1259	istSada: tar d_juktSala: h@gdildulo:tin istSada: mo:ldu:tin t@G@s_jo urkodu:tin	stSadatad_juktSalah@kd@kdulo:rt@n isadomoldutin t@g@s@ ulk@dud@nn
even1259	amaska:la:ji musur@nda: tadu:w@r bild@n	amaskarlajim wus_juran datad@wardbild@r
even1259	tarda: tar b@j@lo: @r@g@rit @t@s_jol dogad_jami tar kiNgit hut@lin	hardadarb@j@lor@g@rrat@sald@og@d_jamitarkiNgithut@lin
even1259	luki:lwi sawurihisada: luporo:sa	lukildgisagurihistadaluporw@sa
even1259	bi itS@d_j@m oNokton bagdamatSa bagdama	bi:is_j@d_j@m okton wagd@maSa bil @gd@m
even1259	ge:la: d_jula: hurud_j@n	t@N ge:lahudulahurutS@n
even1259	tariNilin huktiltSol ororin	tariNilinur@h uktiltSo:lororin
even1259	tariNit}n uwi:riwr@n	notariNit@n patom abatuiriwur@n
even1259	gund_j@r@n d_ju:du: bid_j@r@ il@l	nogund@r@nd_judutowr@ bid_jir il@lrr
even1259	ulo:kis ho: gus_jo	ulo:wkiso:guiso:
even1259	bid_j@r@ d_jur huna:d_jilwi mirn}jdu: bid_j@r@ d_jur	prawdubid_jr@d_jurhunad_j@lwi mirn@jdubid_j@r d_jur
even1259	tarka:kund_ji aNillaw	tarka:kund_j@ anirl@waw
even1259	ulli:d_j@Nki:n kokollolwa aNiduk ir@ks@duk	ullid@Nkin kokoll@lba aNiduk ir@ks@duk
even1259	targas_jin arugi:wuna anan mu:wa nuNarikta ha:sa	ndargasin@ arugi:wuna ananuw@nuNariktahasa
even1259	tutontSan@du: Skolatin bis_jon dapkuN@ aNan_ji:s_ji:	t@dantSa:n@ duSkol@tin biso:n d_japkun@ anNani:si
even1259	uGiduk itS@ttS@pki:	ujidok itS@tSipki
even1259	@w@dit @w@dit	anantia uw@d@dahpabant@n
even1259	hut@lwi @r gul@tin @r@ ajat	ut@lwiri@gulatinar@ ajat
even1259	haru:kkar huktiwuhijn@ tarja:kakla: ororw@tin taNna:hi:tSal bitSo:l	arukaruktiwuln@t@rjakb@n oro@ltin taNnahitSalbitS@w
even1259	b@j@lb@ owki:	m@j@lbawohki
even1259	mo:rtin hawald_jara	mortin hawald_jara
even1259	sa:tirawa i:fs_jowo gasa	sa:t@rawaiwso:w@gasa
even1259	tarit minNi: amakaw ahi:jaw gatSa:n hantajskojduk oz@roduk gatSa:n	ptarit minNiamakaf aliksand@r ahi@fgatSan hantajsk@dukozirdugatSan
even1259	d_j@fkon@m kuNakan @w@rk@ tuliski: ju:sodo: @wi:no: @wi:no:d_j@	d_j@ko:n@mkuNahkann@@lk@ t@l@skiuso:d@ @wn@winnd_j@
even1259	bitSo:n ekologitSeskajil	tSist@bitSant h@kl@gitSiskaj@w
even1259	ulgurd_jam on hargiltiki SuruNn@r@w @duk	nulgurd_j@ln on arg@ldiki S@rumn@r@ oduk
even1259	biNn@r@ ta:du:	biNnir@ t@du
even1259	tug gund_j@r@n	tukgund_j@r@
even1259	armij@du: bih@m du:r aNani:w@	harme:dubih@md_juran Naniwa
even1259	tugdo: bi d_julo:ski: hukt}wuhin@m	tugdolbi d_julaskiuktuw@jn@
even1259	h@w@ki: hurur@n	h@w@kihururon
even1259	luki:lwi luki:lwi bira d_japkadu:n tuGartin ilifsada:	nukilwi nukilwimbilad_j@pk@d@ntS@barkk@n iliwsad@
even1259	h@l@ dumajd_jana tar b@j@ aNtSa	h@l@dumajd_jana dumajd_jana tarb@j@ aNtSa
even1259	dadanilk@ @w@nki:l il@: o:d_j@r@	d_jat@Nilk@ @w@nkilil@ud_j@nn
even1259	d_jebN@n@l@w@r d_jebd_j@r@ tar@ No:nimil	d_j@bN@n@lw@rd_j@bd_j@r@tarN@n@mi
even1259	ujd@n ajat	ujd@najat@nmoh
even1259	sta:d@la:w@r b@jil N@n@dir@	uStad@law@r b@j@l N@nitSir
even1259	umuk@:n halgatSitSil	n@umukan haw@g@titSi
even1259	d_juld@w@ iland@w@ @tond@ bih@ hinduk Nolis_jil_jd_j@Non huktild_j@Non	d_jund@w@ ilandaw@ta:nd@b@ h@ndukNon@silgiNon hutilg@Non
even1259	nulgikt@d_j@Nn@r@w orordu	nuld_jikt@d_j@Nnar@f orw@llu
even1259	tar ama:ka:n gund_j@r@n	t@lamakan gund_jul
even1259	aN@ jeGind_jor d}Gindu anNan_ji:l atSin otSa:n	d_jind_jard@ndu anNanil atS@notSan
even1259	kojnonunt@ birokin uli:k@l gus_jo	kowino:nund@b@l@k@nuldi:rgulguruswo
even1259	bi hin@ no:dad_jiNa:w @r@g@rit	bihin@nodatSiNaw@r@g@l
even1259	tarin h@k@rg@sodo: amargild_jiji ilkon@m @r@ ikonmon tuGilw@r ustawan kahiliwki:	tan@Nin @w@rk@sado amorkiniskan@m@li ikonman tugil@ustawan ka:hiliwki
even1259	ha:rgi @m@kt@s_jo:n @du: b@j@Nilbas tumn_jir@nda: hurur@n d@r@ldu:tin	a:rgi@m@kt@son @dub@j@Nilb@@ tumniranda hurur@n d@r@ldutin
even1259	d_jur hut@lin	d_jur hut@lin
even1259	ganaltSiltiki: guso	gana:ltSitd@kigusor
even1259	tadukd@ tugd@ @m@n@n aNilwa ha:rgilwa	tadud@tukd@l@t@omonmu@t@ omon@naNilharNilw@
even1259	tulos_jiNki:w kpkara	pul@singiwkapka:r@
even1259	buri:k@ldu min@ gus_jo	muli:kald@min@gusa
even1259	hoktodu: itS@r@w	hakta dujitS@r@wr
even1259	kuNakan tarin luhu baldid_jana haNu:ktawki:	kuNakantal@nuhuwb@ntid_j@nhanguktawki@
even1259	nuNan min@ aNitpi hatatpi min@ aNir@n	watom nuN@n min@kkaNitpi lapnamn@t hatatpikakminaNir@n
even1259	e:kuna ulguso:nd_j@m	e:kun@jSolgusnd_j@w
even1259	@k@ldu @m@r@ @r@g@rit gund_j@n@	ok@ld@m@r@ @r@g@rid_jgund_j@n@
even1259	a to:li: bid_jitS@:t}n tSulugd}l	ataribid_jitSo:tintSulukd@
even1259	oran nuNanman oran h@w@ki: oran h@l@w@	or@nnwanman @t@aN or@nspiron h@b@ki or@n h@l@b@
even1259	@wanda @tS@:w itS@tt@	iwand@tSiwd_jtS@tt@
even1259	ind_j@tSo:n d_judu: @du: j@rb@k@du: @n_ji:nunmi ulgutS@ma:ttS@Nki:w	p@kainditSand_judutur@j@rbak@d@Ninnunmil@tSam@tS@Nk@
even1259	tunNa @m@:nmur@	iSS@tunNama:nmur@
even1259	oronm@ irgissolh@n_jd_j@r@	@l@n miduSa:nind_j@ra
even1259	taduk huntil orata	tad@k@ huntin@hnta
even1259	N@:l@wsiko: amat@ amawun @wki: do:ldi:r@	niliwsiku@tnt@ama:wun@f kido:lt@sb@
even1259	tul@s_jiliN@r@w kapkarw@r birajalduli: amudilduli: ur@ko:rduli:	tuln@silignal@w kapka:rw@r biraja:lduli amud_jildul ur@ko@rduli
even1259	bi t@G@m ta:la: aNalda:i aNiw@ urk@w@n amNawan aN@ abdunin	bi:t@lG@nt@la kaNaldajaNiurk@wan amNawan aNiabdunin
even1259	no tar umno: itS@tSo:w hab@l tuG@	nuw@t@gdawumno itS@tSaftha:b@stwin
even1259	taduk @tirko:nin budand@: potaptula: hurur@n	taduk@tirkonbud@nd@ pataptulahurur@n
even1259	bi umukin biso:f nuNardu:tin	biumukin bisohuuNandutin
even1259	bagdama oron @ri:Gin ahi:s busl@ oldondu:n	bagdamoron @riin ahis busl@ oldondun
even1259	@m@r@n d_jula:ji	@mor@nd_juwlai
even1259	d_jun atSin @tS@ aNid_jara o:pd_j@r@	d_jun atSin@tS@ aNid_j@ra obd_j@ra
even1259	nuNartinku:n n_jurma:tSal ajamamat itS@ttS@tSol	Nartin kunurmatSalaj@mmattSittSitS@hkt
even1259	lusamadiNn@w gul@ldulo: d_juGa bolo n_jaNn_ja	lusamadiNn@ gul@ldulo d_jugabol@ n@Nn@
even1259	tirgani:w@ nulgi:d@Nn@r@w	tirg@nionulgid_j@Nnuruww
even1259	toli hul_jukokon biSo:w	ta:luhunukuka:nbuso
even1259	p@kt@roniNn@nd@ s_jipkanm@	p@kt@ran@NN@nd@ hikan@ma
even1259	wamultSa Ninakinma h@w@ki:	wa:multSaNinakin mah@w@ki
even1259	tunNa met@rit tariNitin burutSo bitSo	t@nName:t@ritariNitSin buruktS@abitS
even1259	hata gund_j@m @wa tadu: tunNara:mija p@ktiro:r@n i d_ju:jida:tki:w@r	atagund_j@m i:watadutunNaramija p@kturur@n @krad_juidattSiw@r
even1259	tar@ tSaNit ju:ll@n abdundukki	taritSaNitjull@n abdundukki
even1259	@m@nmur@ n@kurwi ahamil	@manmburi@n@kuruwi ahani
even1259	h@l@ tadu: ha:rgimi oriltSa gund_j@n@	@l@tadu ha:rgimi orilltSagund_j@n@
even1259	taduk bi do:ld}m	dadukbildold@
even1259	@n_jok@f atSin o:tSa:n	nokow ginost g@da atSinutSa
even1259	bik@ bih@m h@w@ki:	bi:k@kb@h@m holuki
even1259	tarit no:dantS@d_j@m	htariknudantSid_j@m
even1259	tarit taw@r b@j@ bufki: odan tar ha:rgi tumn_jinad_jin	tarit@warb@j@buhkiodan tarhargitumninad_jin
even1259	tuksa:d_jaran tuksa:d_jaran	tuksad_jar@n tuksad_jar@n
even1259	h@l@ dukt@mkor@ndo: hut@lin jo:nmas_jiltSal	h@l@dukt@m ko:r@nd@ hut@lin jo:nmasiltSal
even1259	umno uluki: taGapsa: bisa:n	umno ulukitaropsabisomm
even1259	tarild_ji dolboni: tirgani: Gurusi:pki:l burdukalwo ustawant@	karild_j@ golbonid_j@rgani gurwsirkil burdukalb@wustaba:nt@
even1259	b@j@l oror muldikark@ ororwo hokoritt@	p@j@n r mult@karkoronlkorikkan
even1259	dund@w@ ho:GintuGa:t	dawaj@t@ dund@b@hoginn tulgat
even1259	d_jikt@lw@ uNkulid_j@tSa tariNm@r	d_jikt@wwoNkoljis_jatariNman
even1259	@du: bid_j@d_j@No:s h@l@	odubid_j@d_j@Nas@la
even1259	@r hut@ ami:m ami:m mo:nin irgi:s_jildan tariNmi	hutmin amimo:nin irgisild@n taribmi
goro1270	ti ni ko:m a pa:Na	tini komapaNga
goro1270	ar tK_>e:reka	araloatK_>e:re:ga
goro1270	migirowos N_wa migid	mikriuskma mikit
goro1270	ina XaKi:t gawaq_>a ale	na q_>altigawaq_>iil
goro1270	huwe: e amor isa? amor amor saga ku bo:?\	howe:gaamar isa amar amar saga kubo
goro1270	bura amor am mor ajoko bura ka q_>aro q_>a:s	bura amor amor ajko burakaq_>aroq_>a:s
goro1270	bo?\aj wa tK_>aj aj a tisi a hababijer kaj	b?\e:watK_>e:rahatisahababe:rke:r
goro1270	ar q_>oq_>omamar da?\a:t	arq_>uq_>uma:mar de:?\a
goro1270	e: ka Kaq_w_>a X\o: ka Kaq_w_>a X\o:eka ka Kaq_w_>a tK_>ak_weka Ke:me	e:kalawahokaakKawahoe:han kaakKaq_>watK_>abikaKe:nt
goro1270	na?\a?i amor ti?in asma danuwi Nun Ka:?ija?	na?\iq_>amortii nasma danujun Kaija
goro1270	aga X\esi	ma?\asi
goro1270	jesu N_wa ilaoh a kurku mibe:ri leX\o ne: wak	je:suNa ilaq_>o akurko mbe:r lahur ne:bwaka
goro1270	aga X\esi	kda?\e:siX\
goro1270	koq_>a? ina awe:r ina ti?a?in ti?a?in e amor do?in	koq_>ina?wer natijin tjaine: mor doi
goro1270	tu nanaha:nakaN	tunnon anekaN
goro1270	gije: na tK_>e:r kure:ri tam	gije: natK_>e:r kure:ritam
goro1270	tK_>ak_we:ma inos Na iki?\i?\ike	tK_>akwe:mas NaitSi?\iike:
goro1270	awu awu k_wi awuwi	awuki awui
goro1270	ja:musi Ke:me a ja:mu ta tK_>a:q_> ne: gorwa: a:N	jamusile: me: ajamutatK_>aq_>ane: gora aN
goro1270	biX\i tisi biX\i tisi ja:ni biX\i tisi miwa miwa Xupit	bihise: bihisajane: bihisa maji miad mijaXopi
goro1270	hindi ani nina gow	hindi innagor
goro1270	da aKa a daq_>ane futi: daq_>ane a:nsi:m ?\ajmar daq_>a ko:m	daatK_>abaq_>i futi da?ansi m?\e:mardaq_>ako
goro1270	alaf tindina amori met	ala:ftiinan morime:t
goro1270	inos tawa askofu mkoar aruSa	inos tawa askofu mkoar arusa
goro1270	kun firin mu: ne:r idosi	kun firi none:r dosi
goro1270	a ti	ati
goro1270	anaga a?a ani a daktanitoka	nakaaadakte:boka
goro1270	tun titi?ind tun amorq_>i? iwitis ku:N kilok wak	tun tititun murq_>iwitis kukilaq_>waq_>
goro1270	an tata:X\	uts_>an tata
goro1270	barada kidZitoJama	barasakijitonihama
goro1270	dawa in ti:q_> hami	dawan tiq_>ami
goro1270	gar bo:?\ i gawa	garpo?\igawa
goro1270	idor kina tK_>e:X\ ja:muq_>a?	idur kirats_>e:?\jamohar
goro1270	N_we ts_>ek Nuwa X\e?es ina q_>ajts_>it amorq_>a ina q_>ajts_>it amorq_>a	mats_>ik Nuahe:e:sina ajts_>itamorq_>a ina q_>ahititanorq_>a
goro1270	hardoda? ta Kaj tawa ha:ts_> hesabuda?	hadodataKaiawa haisabuda
goro1270	ina o:?	inaho
goro1270	imir ?\umi ka bo:?\ ku saga ?\awa:k_w amor?e? Nin ga?\aj	imir ?\umi kabor kusaga ?\awaw amar e:Nin gaaj
goro1270	barise: a iwit ja:mu ji:k_wa ka huw do? dodo:d	barisa iwitiamo ikakahuto dodot
goro1270	aj aj dirq_>a tawa kahi?	a aj dirq_>atwakaji
goro1270	ina o? tK_>aq_>ati q_w_>alaN?\ i:saN	inaatK_>aq_>at q_>ola hisa
goro1270	da gufu daX\a:s bara X\ape: a tK_>awa:n	dagufu dahabrahapaatK_>awan
goro1270	ar tansania ana tK_>eX\i:t	artaq_>ansanija an atK_>ihrit
goro1270	ar bo:?\ q_>ase:	ar bo?\oq_>ase:
goro1270	toq_>a toq_>a tataX\e: toq_>a garq_>a	tq_>atoq_>asa da?\taq_>oarq_>a
goro1270	ne: Ke:me ana ara:n	ne:le:mana ara:n
goro1270	idor harge:maj	idor ar ge:mar
goro1270	gar ta Ka:?a:n bara dinkumaren ti ar amenaro ar tam ar gidaba	gartaaKaan bara dinkuumare: ti ar ame:naru artam agidaba
goro1270	Ke:r X\oX\o: ti	Kera X\ohoki
goro1270	dak_wo ts_>ar he:Nese:	sadwiksare:Ngas
goro1270	wa nani wa wa da:ndosi?	wanani wawa dandosi
goro1270	ar ?\awa:k ku:N ana a:nsind wa baraj amor baraj laq_>a ana ansind amor gawa	ar?\awakana?\an sina barajamoru baralq_>anaan sa mor gawa
goro1270	g_weh mor bartaq_>a ar bartaq_>a a:nsime:	we:mon bartaq_>a al bartq_>aansima
goro1270	ja:mu amor dahija? idori gitK_>aj amoda? ar moro?oda? gorwa:	jamo a:N wardahjaidoritK_>amoda ar itomorodo gora
goro1270	anir ame:ni	ane:ra ame:ni
goro1270	N_wa X\e?es	mahiis
goro1270	aso ge:mawe: haja	asoge:ma haja
goro1270	tare dah	tare:da
goro1270	fa:k ge	tafage:
goro1270	ku alge sira?\a:t alu ki bo?\	kuwal ge:se:ra?\a:d aluki bor
goro1270	mika hajoh ne: ho:ma tK_>eX\ite: baraq_>a?	migahajon i homase:?\ida baraq_>a
goro1270	ti ka nina:w g_we?edo kin di:f	tika ninaw buedu ki ndif
goro1270	koko da?\ari kaX\ija?	kokda are: kahija
goro1270	ana disi e:r	dirsoranadisie:rq_>aj
goro1270	tK_>ak_we:ma bir tK_>eX\it tK_>ak_we:mawok iki?\ija?	lakujamabirlahidi tK_>ake:mawku iki?\ija
goro1270	tK_>a?\aN_w ku bu:X	tK_>a?\aN kubuq_>
goro1270	siX\it ge	tahino
goro1270	ki:X\ ge ki:X\ ge	tatatatakirge: tatatakii
goro1270	he: abar umowos bar bura aq_>o bura	e:wurilaq_>abar mos bar buraq_>obura
goro1270	abar lot bar lotakaN awu kuNun le:X\	aballot baralotkaN awukumule:
goro1270	alafu ar ?\awa:k nina:w leleX\e:	alafar ar ?\awa ninalle:le?\
goro1270	a gadijer koma:n Ke:me	agade:r komaKe:me:r
goro1270	ame:nar ulaja tina haris	aminar ulahintina haris
goro1270	asal a Ka?a:n bara ke?e?	asalanKaan bakii
goro1270	na?\a dasu i deija	naq_>addasu ideja
goro1270	kiNi ni ja?\abi:t ne: ame:nar ts_>e:?\a	kiNgini ja?\abe:t Ne:?\aminarts_>e:he:a
goro1270	ire diri kon bara hoSan	idirkul barahoSan
goro1270	aluwo gada? amila	alogadahamila
goro1270	ne: makaj	ne: maka
goro1270	dawa ni mak da:h dirije:	dom makdahde:re:
goro1270	de:lor mibe:ri tam bira de:lor mibe:ri tam bara hats_>is an watK_> bolosije: aja	de:lon be:r tambira de:lon be:r tambara hats_>is an watK_> bolosije: aja
goro1270	ire ?\awa:ke:s a:N gorwa: iwa hotija? ja:mu a Ka?\a:	kira?\awake:s angorawahotie:jamattK_>a?\aa
goro1270	miSnarimoren kuda o ge:ra ina wa:tK_> aja?in asma a uraj	misine:e:rbmuren kuda o ge:ra na wa:tK_>ajain asmaq_>a?re:
goro1270	maq_>a sema	maq_>ase:ma
goro1270	ar gidaba ge:raharuso?oren	argidabage:ra harusoore:
goro1270	in XuXuu baraka ale	inq_>uubalakale:
goro1270	bir de:r a du:X bir ka:X\ a mawa:n a watK_>a:n	bi de:r aduq_> bilkah moana watK_>an
goro1270	danu kun tK_>eX\i:t ne: ba?ari	danokoNtK_>ahine: baari
goro1270	isa? Na ?\i:mbitis Xare:mi kond	isaNa ?\imbitis q_>are:mikon
goro1270	firimbi kan ta:X\	firimbi kan ta:h
goro1270	a?a ar ?\awa:k mu:kuq_>a mu: ga?\awa:r aniN ku:N tupo hapo k_weJe mu:kuq_>a mu ga?\awa:r	haar?\awa muq_>amo ga?\awaanakutukobq_>jili e:muq_>amu ga?\awa
goro1270	ar da?\a:t leleX\e: da?\a:t q_>oq_>omamar	i ar?\adaale:le:akwada?\aq_>umama
goro1270	pakani kana tK_>aX\i:t tK_>aX\i:t tK_>aX\i:t tK_>aX\i:t tK_>aX\i:t tK_>aX\i:t kina fundumami:s fundumami:s fundumami:s fundum ami:s aj KeX\e:ri leX\o	pakanikanalahtahe: tahe: tae:the:tahkin afun mami fun mawi fun ai fun mami ajKa?\e:dlaX\o
goro1270	q_>ase: bara sagi tisi ar ?\awa:k tisi	q_>asaba sagitisar ?\awati
goro1270	hindi bili motK_>o: aluwo ani he: tK_>e:s	indibbilimotK_>o aluwoani he:tK_>e:s
goro1270	gar tawa KaX\a: q_>e:ru kuna warq_>e:s he: ta baj dodo:d a wawitumo gorwa:	gartawaKaX\aaq_>e:ru kuna warq_>e:n he:tabae:dodota wawatomogora
goro1270	lo:?a gar Ka?	loq_>agarKa
goro1270	q_>ase: wa	q_>ase:wa
goro1270	bara i:gu?u:s kutu tK_>a:k_w he: u ts_>agat	bara ts_>airigu kututK_>a:q_> he: uts_>akat
goro1270	a ts_>iri?\ida? ta ts_>u:nq_> wa diri amama?o a tK_>e:r aj baraq_>a?	ats_>ir?\dataduq_>adiri amamaq_>awaatK_>e:re:j baraq_>a
goro1270	iwa hardah ina o:? muku do muku do do g_wera:k do kuna g_we:r	waq_>enaomukudoNkudotogwe:raka dokunagwe:r
goro1270	ta kahi ma?orq_>a? i:gu?u:s	taka marukaigu
goro1270	imir ?\umita wa ale awe:rise: e gawa isa? Ke:mero:	imir ?\umtoale: awe:rse:gagawa isaKe:mirawo
goro1270	ti Ka?ija wa lo	tilKaijawalo
goro1270	basi idosije: bara danuhe: ale?\ise jarir i de:r	asidosie: bara danuhe: ale?\ise:jari ide:r
goro1270	asma k_wa ?\adui	asmaka?\adui
goro1270	as gadijer mu:Nu kawa tK_>e:X\i ar aja tansania	as gadir nuNugukawatK_>e:q_>i ar ajatants_>ane:
goro1270	har ?\umita wa ohe:	har ?\umtawa ohe:g
goro1270	amorq_>a ar kigoma	amurq_>a tSigoma
goro1270	mu: amor dahi amoda? amori a:N	momar dahi moda?morian
goro1270	do? Na wda? Nu na kaj	do Nawutamunakaj
goro1270	e inu:ru kikiX\i ja? lo	tats_>ataaankagihja?\urwi n?\urkikiX\jq_>alo
goro1270	an moro?o o ta q_>a:sa:n bara dinku?umaren ar ame:nar	an morou taq_>a:san bara dinkuumared ar?\ame:na
goro1270	hindi u tu?\u:m bila ba?a:ri u tu?\u:m bila aKa	un tuq_>umbila bari um tu?\umbilaasa
goro1270	bara sagije: bara ts_>ini aga sagije: amor barta gawa amori amori aq_>o gawa	basagi bats_>ine:q_>asagiq_>amor barta gawa moramoriaq_>o gawa
goro1270	ku:N amor kawa a:nsind amor ja?\er ?\awa:ke:ke: amor baraj	kwamukaansi murijar?\awaki kimor bara
goro1270	a gidaba he:ka ?\uru?e? ina fa:k aga uraw	agidabehe:ka ruru e: ina faagaura
goro1270	na ana adosir babawa:n	na aNa?do siripapowan
goro1270	ku ?\aw?\awa:k	ku aa awat
goro1270	e: q_>ase:	e:q_>as
goro1270	kurku hababije	kurko hababe:
goro1270	ani ta laq_w_>a:l kurko kumo wak ts_>irere g_wale:l ne: mibe:ri ts_>ijeX\ ne: fa:nq_w_>	an taalaq_>waalkurko kumowakts_>ire:bale:li ne:me:be:rits_>ijaX\ ne: fahaq_>u
goro1270	an q_>at kilok barade:li dirq_>a bara ki:nta	an q_>at kiloq_> bara de:li dirq_>a barake:nta
goro1270	he:da? mu:kuda? ne: aten maka alkasu:sa:n	he:tan mukitan ate:makaal kasusa:n
goro1270	iwa sa:p wa idori	iwasa:poa idori
goro1270	a?a toq_>a amorq_>a	aatoq_>amorq_>a
goro1270	ga:ridu kiwa aKo:i q_>a:si tana firin	gardugaaliq_>asi tanafirin
goro1270	dir Na aj dila ga:ri	diNaajdiilagare:
goro1270	afkuda? amor X\o:	afwada amorhawo
goro1270	alafu tawa si:?	alafu tawasi
goro1270	alge u:r tK_>e:r	alge urte:r
goro1270	barada na kawa:n Ke:me	para danakawaKe:ne:
goro1270	laq_>a de:lor mi:baN_w ku: ana hardat mu: a dala:?\ de:lo mi:baN_w	laq_>ade:lon miba:N kanaartat moatala?\ade:lombaN
goro1270	ani dowi o dir afe uruwa anu Ka:?aka dowi	ani do?ojwo derafe: ur waatnuKa?ahka touri
goro1270	a nanahaNokaN	annanahaNgokaN
goro1270	ti wa ts_>u: ti m?m?	tiwats_>uutim
goro1270	kurku mibe:re leX\o ne: tam ana da:X\	kurko be:rit lahone: tam anada
goro1270	isa? Na ?\i:mbitis isa? Na ?\i:mbitis	isaNaq_>imbiti isa Naq_>imbitis
goro1270	ku:N idori bili amila Xajge ani ne: ku:N	kuj dori bilammi laq_>akige:anaku
goro1270	haja ar ?\awa:k leleX\e: kipisi	ajar ?\awale:?\akipis
goro1270	ar da?\a:t q_>ase:	ar da?\aq_>ase:
goro1270	a:kosi o: u XuaN aq_>o o: disi o: disi ku:N ug_wa Ke:r	akosokini muXwaN aq_>wdi odiisikukwale:
goro1270	moro?o taw kun taw tataX\a:n moro?o ka:X\ diri?ine:	morotowokuntotatan morokaX\ dirine:o
goro1270	ji:k_wa kiwa hari:s tK_>uwaj i:mi ire tK_>u:w i:mi ire ?\a:jind	igagiaharitK_>we: imire:ts_>u imire:?\aj
goro1270	tan ti?i:t	tan tii a
goro1270	ar ts_>awdo o hatK_>a? kin ts_>awa:r gadijer?in Niwa imu?\unija?	arts_>awdu oahatK_>akirts_>awar gade:riniwa e:mu?\ija
goro1270	mu:Nu tina ale?\i:s	uNgutina?aleis
goro1270	aq_>o a tan tK_>a:q_> aj de:lor mibe:ri tam	aq_>ol an tantK_>aq_> ide:lon be:rtam
goro1270	da futimi:s ili ba:ri danu muwa lowa ?\a:j	dafutme:s ili bar danumuNalaq_>aj
goro1270	q_>arijandir kalaj ise?e:? Ni kon ma dah	q_>aranri kale:ise: Nikon madah
goro1270	Xadi bara and kan Kaq_w_>a X\o:	q_>adiboran kansaq_>ahoo
goro1270	ja:mu X\o? wa ni loha:k	jamo X\oq_>aniiloha
goro1270	ja:ni ja?\aq_>a amorq_>a e tK_>eX\e: k_wisi disi mawe:	janiakamor q_>e:tK_>e:q_>e:kustissimue:
goro1270	ar da?\a:t tK_>e:r	ar de:?\arts_>e:r
goro1270	kurko daka ne: dakat ts_>awudo ana i hardaha:n	kurkum dakane: daka:tts_>aw doanai har daq_>an
goro1270	are: gar ja:muq_>a? o ts_>e:?\a kina Kaj ne: gorwa:	ar garija muq_>ots_>ija?\akiraSe:ne: gora
goro1270	umoq_>a? q_>aro i deija Xaj	mukaq_>oro dajq_>e:
goro1270	desirq_>a ku:N Ka?	de:sidq_>a kunKa
goro1270	tan o:?i isa? kilo N_wa si:? ge	tanwe: isa kiloNasi?ge:
goro1270	oha:k k_wisi k_wisi oha:k	ohak kusi kusin ohakk
goro1270	bara kure:ri miba ne: ts_>ijeX\	barakure:ri me: bane:ts_>ijam
goro1270	q_>omarkaro tindu wa gurbu?un	omarkaro tujindi wa gurbuun
goro1270	amorq_>ar keJa	amoq_>ar ke:Ja
goro1270	hasa iwa de:ro ka a sira?\a:t gar u:r sira?\ata	lakin is has iwade:ro kaak sira?\at gar ur a sira?\atar
goro1270	ku: bar daq_>ajmu Ka?akaN awuwok un haris	kubar deq_>e:moKaakaN awogun harisi
goro1270	desida? i kat	dasi dakat ah
goro1270	i:mi na q_w_>ari	iminaq_>ari
goro1270	garda to:faliro: kornarok u wa ge:ra kornar ge	gadar tofarmaer kornaXuq_>aadar kor na:rge:
goro1270	aga X\esike:	aka?\e:ske:
goro1270	taj aj garq_>ahe: ka:ndak	te:e:garq_>are:kandak
goro1270	aso he:Nese:	asagasi
goro1270	aj ts_>e:?\a ta ?\e:t aj ts_>e:?\a	ajts_>e:?\ate:q_>e:te:ts_>e:?\a
goro1270	uruwati amori an dela:n uruwa	uwatimowande:rauwa
goro1270	o gaka tK_>eX\ar Ka:? diri o he: ts_>agarar Ka:? laq_>a gaka tK_>a:k_w Ni kon	o gakatK_>e:har sa dire: o he:ts_>ogar salq_>om gakatK_>ajikon
goro1270	kure:risi galaj kure:risije:	korrisagala kure:risija
goro1270	a futi:s ili ts_>o:bu i ba:rimo a du?u:m	da futis ilits_>obuibari muwaduun
goro1270	mariNa: ka nana:q_> e:Xaj	amanijakananaq_>iq_>aj
goro1270	daXa ho:	naq_>ako
goro1270	Nuna baj gitK_>aj q_w_>alaN baro?\o awa:n	na bagilahi q_>alabar?\uq_>awa:r
goro1270	a inos	aunas
goro1270	tana tindiwa wa:tK_>	tindewa sanatinde wawa:d
goro1270	paNimarda ar ar ?\aw a:k leleX\e:	baNimarda ar bar ?\awale:lae:
goro1270	tu nanahanaka tun di:f tun q_>ati: burta oh	tunnanan q_>a tun dif tunq_>a:tiburtao
goro1270	maso aten na?\a lo:?a Ke:me tindin gurX\o:	maswaatan na?\a loa Ke:me: tindin guruX\o
goro1270	da lakit	dalki
goro1270	koko mu: a dala:?\ de:lor mi:baN_w koko aq_>o mu: a dala:?\ de:lor mibe:ri ts_>ar niwa hardahija?	koko moadala?\de:lo miba:N kokwaq_>o mo adala?\de:lo mibe:rts_>ar niwahar diia
goro1270	gurtK_>ak_we: lo:?a Ni Ka?aka	gurtK_>ake:re loaNiKakaa
goro1270	ala mu:Nu Kufmi:s asma ani ti aXami:s Ke:me	ala muNgussufmis asma ani ti aXamile:
goro1270	ts_>o:bu k_wi diri	dabkidi
goro1270	gar nina:w	banina
goro1270	ar bo:?\ aga X\esike: ar gawa	ar buaX\e:ske:r gawa
goro1270	u aleKe:r da?a:N_w ninaw	walese:r daonina
goro1270	aten a asal an Ka?aan ga ga is tu?\u:m	aten asalan sian agariis tu?\um
goro1270	na?\i?i tam tSupe na?\iren hirito: un aleKaw	na?itamtSupe:n na?\ire:n hirto u ale:Kawa
goro1270	ar nina:w	ar nina
goro1270	in?in in XaKti:s	iniin in Xaltis
goro1270	dir do? ka q_>a:s bura	dir dookaq_>as bura
goro1270	gar ta askari kaX\ ar ta Xu?ika kaX\	galtasq_>ari ka?\artaq_>ui kaka?\
goro1270	an kikiX\	antSike:
goro1270	ar ?\awa:k leleX\e:	ar ?\awale:le:
goro1270	Ke:r ka barajo: de:r ila har isa? har saga kuna ts_>a:t	ke:rka barawa de:r ilila harishar ar har saga kunats_>aak
goro1270	oha:k ar ti?a?ima:k bara wa?\aN_w	ohak artia ima:kbarawa?\ha
goro1270	me:ta:da? Na ga:sika Xaj	me:ta daNakasikiq_>aj
goro1270	birk_wa baraq_>a? wa Kaj o baraq_>a? koko he: ts_>agarar Ka:? baraq_>a? k_wa i:gu?u:s	burkabaraka waKajo baraka kokohe:ts_>agar Kawa baraka kwarigu
goro1270	a g_wa: bara X\ajuma	awa:barahijuma
goro1270	gidaba aten aga q_>aro bara ho:mi?i kawa:n agaq_>o q_w_>ade awa:n barasi timtindin ts_>u:?\	gidabata kaq_>o barahu mii kawa?e:tan aq_>o akaq_>oq_>ane:?wani barasitin tininsuwe
goro1270	bara gorwa:wo:	bara gorawo
goro1270	ana hi?imi:t walo bara aja tansaniaro	anaq_>ie:me:t walobara ajatansanijar
goro1270	ar gorwa: q_w_>ari	ar gora q_>ari
goro1270	q_>a wan da iq_>awan	q_>awa:daji q_>aba
goro1270	go:faNda? ino Ni ?\i:mami:	gofaN dainoNe:?\e:mami
goro1270	pembetatu ina ma:na ne: toq_>a bo:?\ ne: toq_>a ?\awa:k ti konake:	pe:nbe:tatunama:nanetuq_>aboitikonnetuq_>a?\badikonaake:
goro1270	tisi he:N	tise:n
goro1270	iwa hu:? ja:mu ina o:?	uwa hujam ina?o
goro1270	mor tisi bo:?\ a gawa	mortisi bo?\agawa
goro1270	tam mila tam mare:ren na?\a:ren tam inq_>o ara:n tam an ki?\a:n amor na?\a:ren Xu?a:naka	tam milatimniq_>o more:re: na?\e:re:timlq_>o aran tamanikiamona?\araXoanaga
goro1270	saga N_wa ?\i:mbitis i Xaremi kond	sagnaq_>imbitis iXaria mikon
goro1270	moro?o?in koda? a:N harin o mila kun q_w_>aremi: as moro?o taw	moroinukudaaN harim o mila kunq_>a:re:me: as moro to
goro1270	idoda? tindira ho:t ja:mu gorwa: amor kiNir darahi?	idosistaindira hodiamugoramorkiNgiridarahi
goro1270	gadijer mu:Nu an tK_>eX\ita:n	kade:ri buNgwants_>afita:nn
goro1270	k_waijo wawitumosi o: tara: a:N dir tK_>e:s ge:ra diri morq_>a? i ki?\isaro:	kaj wa wawoti mosotara?\aN dir Keige:radiri marikeisaro
goro1270	ti a mu:Nu wa Ku:fmi:s	ti amuNguwaKufu me:sa
goro1270	bara toq_>a bo:?\	batuq_>a b
goro1270	danu k_wi diri daXa k_wa harati?i:t	danukidi dan daagwaharatiittt
goro1270	gura ne: ja:mu aq_>o an q_>at g_we?edo gawa g_we?edoq_>a? kin di:f ne: he:	gurane: jamo aq_>on q_>at gue:do gawa go?e:doq_>akin dif nahe:
goro1270	ar bara bibilia	arbarha bibilija
goro1270	gawa idosije ani	gawaidosie: ani
goro1270	ina tK_>aj go:faN_w	inatK_>ajgofa
goro1270	se:X\a de:r	se:q_>ade:r
goro1270	gitK_>aj gada tu:mit aga	gilawire:atufkinaani
goro1270	a bojimowoka bojimo a he: amaohin	aboimokabowi mahe: amaohim
goro1270	kina idosir lale: lale: lale: lale: lale: lale: lale: lale: lale: lale:	kinatosi lale:lale:le:lale:lale:lale:lale:lale: lale:lale:
goro1270	ja?\er ar hatK_>a? i ale tam	ja:rhatK_>ariar tam
goro1270	tawa watK_> inos ku:N tu Ka:?ika	tawadis kutuKaika
goro1270	mu:Nu a ge:rharahar	moNgua ge:rharahar
goro1270	e: ar da?\a:t	e:alda?\a
goro1270	nunu?u:n ar Xa?anoq_>a Nin nunu:? ar Xa?anoq_>a Nin nunu:? ar Xa?anoq_>a Nin nunu:?	nonuar q_>anuq_>aNi nonu ar q_>a?nuq_>aNin nonu ar Xanuq_>aNinonu
goro1270	firimbi bar ka ta:X\	firimbarkata
goro1270	awu i diri awu k_wi	awu idiriawuki
goro1270	gar ts_>ar a gidaba	arts_>a ak gidaba
goro1270	g_weh a watK_>a:n	nots_>a
goro1270	umoko k_wabaj alakini umo a durbo	umokokubabaj anakini uma dorbo
goro1270	tK_>a?\aN_w e:	wamorta?\aNwe:
goro1270	aga amorq_>a wa q_>asi	akamorwaq_>asi
goro1270	ki: ar hare an idosir hi?imit	ke:r hare:an dosir hie:mita
goro1270	amorq_>a tK_>e:r amorq_>a	amorq_>atle:hamorq_>a
goro1270	bara taNa ga hi?imi:t	bara taNga gahiime:d
goro1270	mariNa:q_>a? ta gawaq_>i ts_>a?\ami:s	maniNe:ratakaaq_>e:sa?\ami marikadaka
goro1270	aga X\esi	akahe:si
goro1270	wakati he:si tK_>ak_we:ma ino Na tK_>e:X\ika dirok	wakatihe:siN tK_>akwe:ma ino NatK_>iq_>i kadiru
goro1270	kara inos nina hardah	kari dona harda
goro1270	ansi:ma:k aso dir q_>alalandiri garda? o: amila diri q_>alalandiri	ansi masdir tiitiriq_>allandire:gardawa mila diiriq_>allaandiri
goro1270	dor ge:bo ge:bo u Xu?ike: ge:bo	dor ge:boke:boq_>lake:bo
goro1270	tisi biX\iwok ge:rawok	tisi biX\oge:raw
goro1270	desirq_>a o ani ana ga:s	tasitaq_>Nanana ga:s
goro1270	imir tiwa haragasa:n inos ints_>aX\atimi:s ne Keme:	imil tiwa haragasan inos ints_>aX\atinis ne:le:mi
goro1270	ts_>o:bu lowa kond ti aise:	obuts_>olulakatiq_>ataq_>  q_>q_>
goro1270	barta tK_>a:q_> makaj in surukija?	tibartatK_>aaq_>make:n surukija
goro1270	imir ?\umi tawa huwe:k aj alu ku ?\awa:k_w	imiru ?\um tawahuwe:g ?\iwo o alue: alu ku awa?\
goro1270	a fa:k	afaka
goro1270	a?a barti	aabarti
goro1270	tK_>iq_>ito aj ne:r ts_>o:wo: ne: bara tK_>aw amsiwo: he: ari ka:X\	anantarnabarise: taNbawtaj?\an kaKe:ne: anni barataq_>o braliq_>itornarts_>onabaratK_>awq_> amsio ajaarika?\
goro1270	idoda? k_wa firin gije: Nina le:X\	itotokaafirin gie:Ninale:
goro1270	aga andi	agaan
goro1270	bili ta X\e?emi:s ku:Na? hardata? X_we:ra	biritaX\e:mikunar taXe:ra
goro1270	dinku?umar ame:na kawa imu?\uma:n	din kuumar ?\ame:na kawatK_>a inu?\uma?\
goro1270	aj hemet	ajhe:me:
goro1270	mu:kuq_>a? XaXaj koq_>a? bili ina hardahi? koq_>a? motK_>o: koq_>a? boloq_>a? haj hardahija?	mokuq_>aq_>aq_>aje: kuko bilinahar dikuq_>am motoo kuq_>abbaloq_>aj har darahija
goro1270	gitK_>aj ba:ri	Nilabaari
goro1270	dir ?\o:rumo	gi?\or mo
goro1270	gadijer mu:Nu aga tK_>e:X\aX\i:t	kade:r makats_>aahaib
goro1270	ana ts_>aX\a:n ar umo gidaba	anats_>ahanar mokidaba
goro1270	bara dir mu:Nuhe:	baraba dr dir muNguhe:
goro1270	bo:?\ leleX\e: ar bo:?\	bo?\olene?\arbo
goro1270	asma gorwa: lohaj Nu Ka:?ija?aka gormo lohaj Nu wa:k	asmagoraloe:muse:jakagor molohe:Nuwa
goro1270	aj dirq_>a ta baj	ahildirkasabaj
goro1270	dir niwa tK_>aj dir ise?e:?	dine watK_>aderise:
goro1270	ire dala?\ije? bili mu:kuda? aq_>o k_wi gorwa:da? aq_>o koka	ire:dala?\e:e:bili mogdaq_>okwi goradaq_>okuka
goro1270	aga dala?\a: SiJaNa	ne: akatala?\aSijaga
goro1270	huwaN huwaN	huwan huwa
goro1270	diri iwi:t daq_>ane	sidibitaq_>are:
goro1270	maso he:Nes bura heNesikan lowa ti:q_>	masuq_>aNgas bula he:Ngasi kaloatiq_>
goro1270	g_weh mordo? kawa:n andru huwa:n amor a:ma	be:mor dokawaandru kuwamor ama
goro1270	anna X\atK_>or ?\aben Nina hup	ana hasor aben Ninahub
goro1270	a bar huNu?\u:s a ido	abar huNgu?\os aido
goro1270	ga aq_>o askari	daq_>o askari
jeha1242	ja?ntem k@k@nipal ?o? habra?	J\acin kakni? pal ?o? habra?
jeha1242	t@~h lEh	dah lEh
jeha1242	l@pas k@banun jE? kd1h ta?t@ntu? haji? jaJ\ok haji?	l@par k@maloh jE? k@l?Oh tasantu? haji? jaJ\ok haji?
jeha1242	japE~h J\ok cOs	japEhjapEh J\okcOsc
jeha1242	?atah spuloh	?atas si puloh
jeha1242	gin tiga? n@nkEn	gin tiga? n@nkEn
jeha1242	l@pas cankjOm ba m@nrO?	l@pascan tijOh ba? m@nJ\O?
jeha1242	sampEj b@k@neh	J\campEj bo? k@nih
jeha1242	?o? lOj lEh ka?o?	wo?lOj lEh ka?op@d
jeha1242	sampEj japE~h J\OhJ\Oh sampEj k@J\@lmOl ?o?	sampEj ja? pEhJ\ohJ\Oh sampEj kotJ\@lmol ?o?
jeha1242	J\al@pas ton J\a ?o? wet c@pah l@pas c@pah J\adarah l@pas darah J\a ?o? lej ?o? b@h ?o? turun lej ?o? b?ujih	J\a? l@p@h ton J\a? ?owit c@p l@pO c@pahJ\a? darah l@p@s darah J\a? ?ok kuj lej ?o? m@?o? turon lej obu? jih
jeha1242	l@get rjaw ?o? tani? tros J\@l?1l batOm was maN@h ?o? tit1h cabaN ?o?	l@gir r@J\ah awo? tajt tros J\@lol batOm was maNo? utos cabaN ?o?
jeha1242	branE? klah1p	b@ranEh klahp
jeha1242	bacabaN sampEj c@ncabaN sampEj k@mit ?o?	bacabaN sampEk cancabaN tros sampEh k@mi ?o?
jeha1242	he? jaNOk bapE~w tOm wel pE~w was pE~w cabaN wel	hijaNo bapEw tOb mwin pEh was pEhcabaN Nwil
jeha1242	cabaN r@NdO~N	sabaN r@NdON
jeha1242	?akEt paj ja c@mu?c@mu? k@jE? ?o? kd1h ka?Ej jE? wEj jaJ\ok jaJ\ok jaJ\ok jaJ\ok ba?adeh ba?adeh ba?adeh	?akEt pa ja c@mo? c@mo? kijE? go kajej j@wEh jaJ\og ja?J\ok jaJ\o ja?J\ok adis badih ba?dis
jeha1242	J\@l?1l ba?ani?	J\@lOl bani?
jeha1242	?@nteN ?o? ?@nteN ?o? ba?@~h	@ntek Noba?@h ?@ntek No?ba?w@h
jeha1242	b@l@bah ba	b@l@bah ba?
jeha1242	aa ton	pahton
jeha1242	d@wa? biJ\i? puNhuluh dwa?	c@wap mj@ poN@?w@h
jeha1242	?o? bEr ?o? bEr ?o? bEr ?o? bEr ?o?	o? bEr ?bE ?o? bEr ?o bEhr ?ot
jeha1242	we? khajE~?	wE? khajE?
jeha1242	bamit tOm tujih	bamit tOm tuJ\ih
jeha1242	mamEj tOm kt@~h J\aJ\@lE~J kabEr jE?	mamEj tOm katOhJ\aJ\@lEN kabEh rijE?
jeha1242	ja wel c1p lEh kr@s he? jarihat b?ot1h he? jatadO? bEr jE? ka?u~n ?alO? pE~? jE? ka?u~n	J\adi jEwel cop l@krOs hijarehat buht1h hitadO? bEh re? k?on ?alO? pEh he? k?un
jeha1242	c1p c1p c1p c1p wel japE~h	cut kok c@?c?jJ\apEh
jeha1242	?ajam ?o?	?ajap o?
jeha1242	paj ?o? k@d1h	paj jok k@doh
jeha1242	J\agin pE~? jE? japE~h	J\a?gin pE? jE? japEhc1p
jeha1242	ha?i~h ?o? s@nrEk ?o? tikah	ka J\Oh s@mdEg jO? tikkah
jeha1242	J\adi? manah hEj p@NsEN pon mi? k@d1h t@~h te? jE?	J\adi? man@h hEj law? hj hE p@NsEN kon mi? k@d@h tOh pe?jEh
jeha1242	he? ja he? jaNOk k@t@~h	hija? hijaNoN k@tOh
jeha1242	c1p b@?it1h ha?El	coh bi?itoh ha?El?o???
jeha1242	J\abra? lEh J\ajE? ba?	J\ja?lEh J\ajE? ba?
jeha1242	was ?o? tadeh	wasso? taleh
jeha1242	tap@h we? kp@d@h	tapah wil ?p@dOh
jeha1242	?o? k@d1h b@ra? b@hutan d@paj jabajar tiga? ratus ?o? bajar tiga? ratus	ahk@d@m b@rap b@huttan dpa?j ija? bajar tigar atus @bajar tigar atus
jeha1242	gin bEr jE? ka?u~n lagi? wih c1p ?alO? ?Ej ?o? ka?u~n c@nt@k1h tani? tap@h tap@h he? jarihat b?ot1h	gin bEri ka?on lah gi? wisc1p ?alO? ?Ej jo? k?onc@rk@h tani? tahpOt tabEh heri hat b?ut@h
jeha1242	jE? boh p@n?@~h p@n?@~h p@n?@~h kE?Ec jE?	jE?boh p@n?Oh p@n?h p@n?Oh k@?EhJ\E?
jeha1242	tros ba?ani?	rojs ba?ani?
jeha1242	bra? katOm bra? kacabaN tOm	bra? katb b@raksabaN top
jeha1242	t@~h lEh	tOh lEh
jeha1242	jE? cOl J\ajE? samuN c@n bEr jE? ka?u~n lEh	jE?cOl jEj samuhNcan can bErjEh kO?on lEh
jeha1242	lpas ton J\amEj wawe? J\asjap sudah s@jap	d@p@h tot J\amEj wa?wi? J\asjap lEh p@dasjap
jeha1242	ba?adeh ba kit ?o? ba?adeh ba?on kuj ?o? ba?ani?	badeh ba? kit to? badEh ba?on kuh jol bani?
jeha1242	ba?u~n sampEj k@mit ?o? ?El k@l@get ?o?	ba??un sapEj kmit ?o? ?El pl@get ?o?
jeha1242	ta? boleh har lata?	tapo lEh harah mJ\o? lata?
jeha1242	mit mit l@get ?o? tit1h J\@lmOl	mit mit l@git p@? titoh J\@lmOl
jeha1242	japE~h J\1? pE~h J\1? J\1? J\1? J\1? J\1? J\1? J\1?	J\apEhJ\ol pEh J\ol J\o?  J\J\o J\@?J\o?
jeha1242	J\li? l@pas c@nJ\@li? japE~h wek ba spadan c@nspadan ba mOh cOs	J\@li? t@?pahJ\an J\@li? japEh wit b? spadan  padat  m tos
jeha1242	mamEj ?ajo? kwe? b@ni?nE? ?o? kd1h we? b@ni?nE?	mamE?ajo? kwE m@ni?nE? o k@doh we? m@ni?nE?
jeha1242	klah1p pE~h branE? klah1p	llah@p pEh b@ranE? klah@p
jeha1242	?o? c@rit@h	hattE? c@n tOh
jeha1242	J\@l?1l ba?ani? batOm batOm naw k@d1h mamEj ?ajo? mamEj ?ajo? ?o? tani? tOm rNdO~N tani?	J\@l?ol ba?ni? batOm batOm naw k@l@m ma?jo? mE? ?ajok d@n tam r@NdON tani?
jeha1242	haba?adeh jac1p ba?adeh hagin jac1p ba?u~n	taba?atdeh gjac1p ba?deh ha gijac1p ba??un
jeha1242	pE~h lawa? ?awEj kton lawa? lawa?lawa? bra? susah J\ahe? jawek	pEh lawa? ?awEn tol lawah ?wadoh ra  sursah J\ih ja?wEk
jeha1242	J\ajE? manaN jE? banol J\abra? kawON jE?	J\ajE manaN ljEhmanol ja?b@ra? kawON NE?
jeha1242	sir ?o?	sEr ?o?
jeha1242	jE? wek c@ba? tu~n lEh J\@lmOl tu~n djE? ?nuj	jEh wik c@ba? tun lEh J\@lwOl ton djE?nonhhs
jeha1242	ma?acin wON k@J\1h tujih jE? kd1h jacok ?ik@? ton	nacin wON k@J\uh jEh ton ?ik@? jEh k@?J\a?cok ?ik@?con
jeha1242	can ?El s@rupa? t@~h wON ?El	can?El sup@? toh pa?t@h wON ?El
jeha1242	J\adi? ?o? lah t@~h ?o? k@d1h J\abra? kajE? manah p@gEN lEh gin wel ?asal t@mp@t he?	J\adi ?olah t@~h ?ok k@d@h J\a? b@ra? kajE? ma?nah p@gEN lEh J\in wil asal t@mp@t dhi?
jeha1242	lpas ton	?apascon
jeha1242	lpas n@kJ\ok	J\@pa j@kJ\oN
jeha1242	l@p@s ton dah djEh jEh jEh J\alO? b?ot1h jEh b?ot1h	l@pEs tot dajJ\jE jEh jEh J\alO? buht1h jEhJ\alO? buht1h
jeha1242	b@h ha?i~h lEh wON jE? tadeh lEh jE? p@nteN	bOhail ?E wON J\?tadEl E? jEp@Ntek
jeha1242	bacalaN ?o?	bacalaN ?o?
jeha1242	J\lmOl wel J\@l?1l ba?naN J\lmOl ?o?	J\@lmOl beh J\@l?ol banaN J\@lmOl ?Oh tros
jeha1242	J\alO? japE~h ruk ruk ruk ruk ruk ton ton jE? J\alO? ton ton ton ton ton ton ton ton	J\alO? japEh rukruk rk ruk rok ton ton jEjJ\alO? ton ton ton to ton ton ton tonh
jeha1242	J\a?o? hapa? lEh	J\Oh hapa? lEh
jeha1242	ba?adeh bapE~w wON cabaN wON tadeh he? ja p@n?@~h ba?adeh ba pE~w cabaN tadeh sampEj k@mit ?o?	ba?adeh k@ bapEw woNcabaN woktadeh jan p@nah ba?deh bapEh cabaN tadeh sapEh kmit do?
jeha1242	c@nkat@~h jE? tikah tag1J	J\O katOh jEh tikah tag@JJ\
jeha1242	gaJ\ah brasa? gaJ\ah	bajJ\ah t@rasa? J\aJ\ah
jeha1242	c@nbariN ?o? c1p wel pE~w pE~w J\@lmOl tros ba c@m@lhOj	can bareN ?o? cup pel pE pEw J\@lmOl tros ba s@m@lhOj ?ip
jeha1242	NOk k@ton	NOk k@ton
jeha1242	kOm cabaN ?o? tOm wON ?o? tOm b1? ?o?	smkOm ?i?sabaN ?o? t@mwOk ?o? t@mb@? ?o?
jeha1242	bakjOm ?adeh was ?o?	bakjOm ?adh wEjs ?o?
jeha1242	pE~h J\ok	pEhJ\ok b@h
jeha1242	?Oj caril	?Ojcarim
jeha1242	m@ntri? lEh	m@ tri? lah
jeha1242	J\a?o? kriN lEh	EkkriN w@lEh
jeha1242	bra? kahE~J	t@bra kaheN
jeha1242	tigiltigiltigil J\agEs b?ujih	tigel tiel tigil J\aj gEs bu?jih
jeha1242	japE~h c1p pE~h tikah sampEj k@mit k@l@get ?o?	japEhcup pEh tikah sako? k@mit k@l@git o?
jeha1242	japE~h J\ok can?on bandiN	japEh J\ok can?on bandeN
jeha1242	J\abra? lEh djE?	J\abrah lEhtjEh?j
jeha1242	l@pas he? ja?El cabaN s@mwE? cabaN smwE? tOm tOm ?@h@j tOm	l@p@s hja??ElcabaN c@mwE?cabaN c@mE? tom tom ?@hoj tom
jeha1242	lO? J\ajE? pikirpikir	naJ\a jE? tigeh kih
jeha1242	?@naN mit ?o?	?anlaN mit?O?
jeha1242	ha?i~h t@~h ?@nteN	ha?ih tOh @n teN
jeha1242	l@pas c@nJ\@lmOl tros ba	l@pascanJ\@lmOn tros ba?
jeha1242	k@n@sgEs jatigil	?@nis gEs J\ati?gEl
jeha1242	jawek lbuh raj@h	jjawek l@bOhrajOh
jeha1242	jasit lEh J\a?o? sit lEh t@~h t@ros	ja?sit lEhJ\oj sit lEh tah tros
jeha1242	was b1? ?o?	was bo? ?o?
jeha1242	lpas canmit tOm	l@pascan bit tOm
jeha1242	lpas sampEj k@mit tros sampEj k@ J\@lmOl ?o?	l@pas sampE k@mit t@ros sampEj k@ J\@lmOl ?o?
jeha1242	d@wa? wih	d@wak dih
jeha1242	J\ajE? NOk khajE~? ?Ot?Ot kagop	J\o?ajEn mOpkhaJEh ?Ot ?Os kagos?
jeha1242	mamEj mEj tOm mamEj was	bamEj mEj tOm mamEj was
jeha1242	lpas ton J\ajE?	l@pas ton J\ajjE?
jeha1242	ba?@~h japE~h J\ok bamOh rabaw t@~h	pa?Oh jEprEhJ\ok dOwOh J\a?ba? tOh
jeha1242	kEj bagEn japE~h J\umpa? bagEn J\ajE? b@dil jE? b@dil p@w J\a ?o? rEs	kEn pagEt mj@h pEs J\@mp@ ke pagEnJ\ap jE? b@din jE? b@din p@wJ\@b orEs
jeha1242	can?@~h wEj pagi?	can ?@h wEj pagi?
jeha1242	ha?i~h jaNOk k@t@~h	ha Eh ?iha?NON k@tOh
jeha1242	blbah ?o? kd1h paj NOk hawe?	arba? k@dEpaj NOk ahpuNru? hawe?
jeha1242	srE~h srE~h	srEh kOn snE?
jeha1242	J\adi? lEh dpaj ?o? kd1h djE? jE? jawek	J\adi? lEh d@paj k@dEh dijEj J\i ja?wik bah
jeha1242	?anEk t@~h jabaj kwOj tahE? t@~h ?aNkit ba? prlen ba?ani?	?adEk tOj jabaj kwOj tahE? tO? aNket ba? p@rlen ba?ani?
jeha1242	?Oj b@l@bah mOh jac1p ba?adeh jac1p ba?adeh bakit tOm	?oj ta?b@l@? bam@h jacu? ba?a jahcu baan jE bakit tOp
jeha1242	?o? jatikah	a?ommit d?oJ\@t tikaht
jeha1242	ton lEh lJ\ahaj b@tol mOh	ton nEl J\ahaj b@tol m@h j?ad ?EhEt
jeha1242	t@~h pE~w was	tOh pE was
jeha1242	J\ajE? p@n?@~h ?aNkit	J\ajEp pi?inaj p@?h ?aNket
jeha1242	l@get ?o? ton	tEj l@geh t@ton tros
jeha1242	lpas ton pE~h b@r@nti? pE~h boh k@rit@h japE~h k@ton	japascon pEh b@r@nti? pEh boh krit@ japEh k@ton
jeha1242	l@pas c@nslaj	l@pascan slaj
jeha1242	l@pas k@mit ?o? t@~h J\a?o? cOl ?o? k@d1h ma?acin haja jag@w bapE~w J\@lmOl t@~h kah	l@p@h k@mit ?ot@hJ\awo?cOl o? kd@h ma?accit haja ja?gOw w@pEhJ\@lmOl tahkah
jeha1242	jE? NOk jE? c1h s@laj k@ton	jEN NOpjEcoh sraj d@tod
jeha1242	j1j ka?o? tu~n j1j ka?o? tani?	jOj k?o?ton joj kotani?
jeha1242	tas ?@h@j pon cukop	pas ?@hOj potuh kop
jeha1242	ka laja? ton	lOh lOh lOh lOh l@ lOh tad laja? ton
jeha1242	?o? turEh ?o? turEh ka pE~w batEk ?o?	g@? torEh ?o? turEh ka pE batEk ?o?
jeha1242	c@n?ani? lEh samE? samE? mit	can?ani? lEh samE? samE? mit
jeha1242	wih bEr jE? har h1p s@kali? pE~? jE?	wh bErEh arh@p s@kali? pE?jE?
jeha1242	b@l@bah ka he? jaNOk	b@l@bah ka? hijaNOg
jeha1242	J\ajE? brilE? jE? wel	jajE?brih lE? c@dadaj jE?wEl
jeha1242	m@JJ\@lom ?o?	mnd@lok mo?
jeha1242	c@nkpd@h ?asal wEj jE? k@d1h ?o? J\adi? ?o? b@la? ?o? tumo? ?o? bla?	san k@p@dOh ?asaw l@NwEh j@ k@do? ?oh gadi? ?o? b@la? ?o? tumoh b@la?
jeha1242	te? ?oraN ?asli?	te? korah ka swih
jeha1242	k@ J\lmOl sampEj k@mit ?o? tros bac@ba? bariN ?o?	k@ J\@lmOl sampEj k@mit ?o? tros batc@ba? bariN ?o?
jeha1242	darah m@nra?	darah b@ntra?
jeha1242	pE~w tOm tani? pE~w cabaN ba?u~n we? cabaN kOm	pEhtom tani? pElcabaN bun ?on wi? bha?caban kOp
jeha1242	?o? gEs ?o? gEs ?o? gEs ?o? gEs	?okgEs ?ogEs ?okEh o kEs
jeha1242	cba? r@wEN	kabar @wEN
jeha1242	J\a?o? J\i~N	J\a ?o?J\iN
jeha1242	tOm wON ?o? t@~h lEh rkruk sampEj k@ mamEj ?ajo? maNkEl ?o? tani?	tOp muOk NotOn lEh r@buk sampEj k@? mamEj ?ajo? maNkEl lo? tani?
jeha1242	ha?i~h J\a p@n?@~h	?a?ih J\a? p@n?@h
jeha1242	baru? ?o? bakEs	baro? bakEh
jeha1242	l@pas ton l@mah wel pE~w pE~w cabaN p@n?@~h	l@pas ton l@mah wil pEw pEwcabaN p@n?Oh
jeha1242	b@h sawih ha?i~h hat lEh J\abra?	b@? cawih sitNha?ih hat lE?J\a? b@ra?
jeha1242	pasa? jaNOk gop sEJ gop jE? k@d1h	pasajaNap gok sEngok j@h k@d@h
jeha1242	tani? lEh mOh ?El hajE~? jE? ?o? de? nEj kton	tali? bEd mO? ?EOk nE lahajE? jE? b@di? nEjstos
jeha1242	?Ej jE? wEj ?Ej jE? wEj ?o? k@d1h	?Ej jEwEj Ej j@wEj ?ok k@d@h
jeha1242	?El lEh k@ton he? tikah kJ\lmOl ?o? tit1h baru? he? J\@l?1l ba ?@naN l@get ?o? tani?	?El lEh k@ton tih hi? tih kah kJ\@lmO?@kdo? baro hi?J\@l?ol ba? ?anaN l@git ?o? tani?
jeha1242	jE? ?iNEt jE? ?iNEt lapan lapan batu?	jiNEt ?iNEt lapan lapan batuh
jeha1242	J\agin hiphap lEh tros	gagin hiphap lEh pros
jeha1242	rikih he? ja J\ok wel	rikih heja? J\ok kwEl
jeha1242	mamEj k@b@tec kabl1? ?o?	mamEj kb@tet k@blo? ?o?
jeha1242	l@pas canmaN@h tros baklap	l@ppacan naN@h tros bak klab
jeha1242	jE? p@NsEN bagop ton lEh	jEp pisEN babok ton
jeha1242	J\a?o? g1s c@pah ?o? l@pas c@pah J\alej ?o?	J\a?ugos c@pah ?o? l@pas c@pah J\a?leh j?o?
jeha1242	japE~h gEs	ja pEh gEs
jeha1242	tiga? miNuh stNEh japE~h japE~h wek bakampuN	ciga ?ihw@s s@t@NEh japEh jappEh wik batampokn
jeha1242	g@w ?o? t@~h lEh b?it1h sampEj k@mit ?o? tit1h	gOw ?otah lEh bi toh sampEj k@mit o? titoh
jeha1242	r@kruk tOm bagan tros bacabaN ?o?	ruk rok tOm bagan tros b@cabaN ?oh
jeha1242	cabaN tumE?	cabaN tomE?
jeha1242	paj ja de? paj ja?Ek ba gin kEnkEn jE? jE? kd1h	paja de? pahja? ?Ek ba jin kEn kEt jjE? ji?k@t@h
jeha1242	tros lEh	roslEh
jeha1242	dpaj ?o? kd1h s@lint@r paj ma paj h@~t ?o? k@d1h h@~t	d@paj ?o k@h slin tOl pajmat pajhOt ?ok kdoh kOd
jeha1242	?o? rEs gin kEn	?OrEh kin kEd
jeha1242	was wON ?o?	bwas wON ?oh
jeha1242	japE~h pE~h J\1? J\1?J\1? japE~h pel babulo? pel babulo? japE~h	J\apEhcOp?Eh J\o? cJ\oh J\o? J\apEh pil b@bulo? bil babulo? J\@pEh
jeha1242	?atah nEm	?atah NEm
jeha1242	japE~h J\@l?1l ba jE? k@J\eN batOm b1? ?o? c@hok ba?ani?	japEh J\@l?ol ba jE k@J\ik batOm b@? ?o? c@hok ba??ani?
jeha1242	J\@lE~J wel kanaw k@d1h poris wel	d@l lEn j@we? pada p@d@p ?res l
jeha1242	c@nm@nrO? b@?ujih ba padaNc@rmin lpas c@npadaNc@rmin mamEj ?ajo?	c@nb@nrO? ba bu?jih paJ\aNc@min l@pajc@np@daNc@nNin  @majOh
jeha1242	tros he? ja	t@roh sEjan
jeha1242	J\a?o? p@lpEl lEh ton	J\?O? palpEl lEh tOt
jeha1242	ha?i~h pantEj t@~h lEh mOh ?El ?@~h pn?@~h jE? ?urut jE? ?urut J\a?o? kriN ?o? kriN darah	ha?ih pantEj tOh lEh mOh ?El ?Oh p@n?Oh jE? urut jE? rut J\o? kriN ?o? kriN darah
jeha1242	?o? c@r1h ?o? c@r1h ?o? c@r1h ?o? c@r1h	occaroh ?oc@ro occroh ?uc@roh
jeha1242	batOm r@NdO~N	ba?tOm r@NJ\ON
jeha1242	bama mamEj tOm k@tani? tOm s@NriN	bamamammEj tOm k@tani? tOm s@Nrig
jeha1242	?acoh lEh hac1p ha?El lEh	?acoh lEh ka?cuk ha??El lEh
jeha1242	b@ra? ?o? k@d1h wek puNhuluh ba banun	p@rla? k@d@h wek pN@lo? ba manj
jeha1242	J\agin J\@mOr J\a l@pas J\@mOr gin sj1N	J\abinJ\@mOn J\a l@pEs smOt gi sjog
jeha1242	he? jar@kruk bakit tOm tujih bacabaN ?o? tujih	tEja?r grop bakkit tOpn tugih bacaban N@? tugih
jeha1242	?o? p@NsEN kagop ?o? k@d1h @@ b@t?Et haji? slaj paj t@~h	h ? ?Oh b@sEn ka gop k@?k@t@? Oh b@t?Et hajji? slaj pajtOh
jeha1242	japE~h wek wel cn?it1h baslaj ton	J\apEh wet wenJ\idoEs laj kon
jeha1242	ton k?o? k@d1h paj b@ra? paj jarEsrEs d@paj kmudahmudah k@njhajnjhaj	ton k@? k@d@h paj k@p bra?phaja rEs rEs d@paj k@modah mu?dah d@paj k@? nihajnihaj
jeha1242	?o? s@~h badOk t@~h	?usOh badOk tOh
jeha1242	J\@l?1l bacabaN ?o?	J\@l@ol batsabah go
jeha1242	t@~h J\adOk J\atros lEh tros mEj wa d@?de? wawe?	t@h J\a?dog J\attros lEh trs mEj w da?di? wahwi?
jeha1242	c@nJ\@lmOl tros brilE? ba tOm laNar ?o?	canJ\@l mOl tros brilE? bat tOm laNarh
jeha1242	?akEt ?akEt ?akEt ?akEt	?akE? takE? takh ?akE tak usi?
jeha1242	b@l@bah hahe? jaJ\ok ba n@hJ\Oh baJ\@lmOl ?o? ba?adeh ba?adeh k@ b@t?Et	b@l@bah hahhjaJ\ok ba??ot nahJ\Oh baJ\@lmolo? ba?dih ba?dih k@ b@t?Et
jeha1242	J\i~N J\i~N sintak hEj boh b@nih hEj jatanEm bnih	J\iNJ\iN sim tak khEj boh m@neh heatanEm m@neh
jeha1242	batOm tumE? tumE? wel tros	ba? tOm tumE? tomE? wel tros
jeha1242	habapE~w tOm wON batOm b1?	habap@k top moN ba tomboh
jeha1242	c1p J\ahEj sam hEj sam ?aj ba?u~n jE? k@d1h bra?	bacup dah hEm hEhsam ?aj bawn ja k@dO? b@ra?
jeha1242	b@dEl tiga? k@b1? ?@mpat	b@dEn tiga? k@bo? ampad
jeha1242	?o? k@d1h ?akEt ?akEt pi ?akEt bilEN lEh ?o? k@d1h	?eh ?ok k@dOh akEt E akEt akEt bjilEk nEh ?o? k@doh
jeha1242	c@nJ\@t?ot ?El cabaN k@ton t@~h cabaN ?o? tros sampEj k@mit ?o?	canJ\@d ?ot ?ElcabaN k@dot t@h cabaN ?o? tros sampEj kmit ?o?
jeha1242	padaN ?o?	dhadaN No?
jeha1242	ba p@n?@~h ?@nteN ?o? k@t@~h t@~h	ba? p@r?Oh ?@ntiN ?ok k@tOh tOh
jeha1242	kbulo? jE? p@n?@~h jE? J\@r1t p@n?@~h p@n?@~h	k@bulo? jE? p@n?h jE? d@rot p@n?Oh p@n?Oh
jeha1242	pasa? japE~h J\ok b?ujih	?ajsa? japEnJ\on hh
jeha1242	wek wek wek wek wek sampEj baJ\aman	we we we gwh wk sampEj bEJ\amatn
jeha1242	NOk ktOm b1? ?o? ton	Nap katambo? ?tOs
jeha1242	bra? jE? k@d1h jE? ptis	kbah j@?kloh jE?ptis
jeha1242	l@pas diniN gin de? tiNkap l@pas tiNkap J\agin tOp dapor	lpas dili hi?le? tiNkap l@?pas tiNkap J\akin tOp dapur
jeha1242	kOm lEh sampEj cabaN sampEj kmit ?o? sampEj k@bra? ka	kOm lEh sampEkcap?aN sampEh k@mit h sampEh k@bra?kap
jeha1242	?o? kd1h mamEj paj c1h kaJ\@hu~? t@~h	?O? k@lm m@bEj pajc@h kaJ\ho? d@h
jeha1242	rkruk haba? t@~h haba? tani?	r@k rok kaba? tOh habatani?
jeha1242	mamEj ?ajo? paj k@bl@NsiN ?o? k@d1h	m@mEj ?ajo? paj k@ bl@NhiN Jo? k@dos lah lah lah ah l
jeha1242	kOm ktO? NOk NOk NOk NOk NOk NOk NOk NOk NOk NOk NOk NOk NOk NOk NOk	om p@tOr NOk Nok No ?? ? o @o?h
jeha1242	bokan p@d@h	bO?kan p@dOh
jeha1242	samE? mit	samE? mit
jeha1242	ton lEh l@dOk t@~h wEj	tOt nE?@? dOp t@hwEj
jeha1242	b@dil kasEJ wEj jE? b@dil p@w nE nEj nEj biJ\i?	b@deh lEh kasEJ\wEh jE? p@deh pO E? nEjkiki?
jeha1242	haJ\amOh cOl wel padaNc@rmin tnE?	aJ\@mOh cOl wEl kpadaN c@rmintnE?
jeha1242	jaJ\@l?1l ba pE~w mit tani?	jaJ\@l ?ol ba? pEw mit tani?
jeha1242	J\abEr jE? kasEJ jE? l@pas ton jE? J\alO? djE? ton	J\a?bEr jE?kasEh jijE? l@p@s con jE? J\alo? dij@ton
jeha1242	mEj mEj jap@s	mEl mEl a?pos
jeha1242	dwa? kn@?mO?	d@wa? kna? mOh
jeha1242	?atah lapan	?atalapaN
jeha1242	t@~h tros ?ajtisi? k@lap	tOh tros ?aj tisi? klapp
jeha1242	?o? baca? ?o? baca? ?o? baca? ?o? baca? kalaja? d@paj k@lawE~jlawE~j d@paj k@laja?@laja? d@paj	?o? baca? ?o? baca? ?o? baca ?o baca? ka laja? d@paj k@lawih laweh d@paj k@ lja? laja? d@paj k@?
jeha1242	hahe? ja J\Oh he? jag@w ?o? t@~h kah hahe? ja balget ?o? t@~h	hahjaJ\O? hijagOw utakah hah hijan bal@git ?utah
jeha1242	paj l@mdEm k@dOk jE? ?o? plEs dOk plEs dOk plEs dOk	pajl@mdEm k@? dok jE? ?@k@p pEs dok plEs dok plEs dok
jeha1242	J\as@kali? lEh ton s@kali? gin bEr jE?	J\ass@kali? lEh ton s@kali? gin bEr jE?
jeha1242	ha?i~h c@pi~t ?E~m pn?@~h J\a t@kEn pn?@~h ton	ha??ih c@pit ?Em p@n?@h J\a? t@kEn p@n?h t@ n@J\ahaj ?w@h
jeha1242	piris batitEp tani?	pirEs bati? tEp tadi?
jeha1242	?atah mEj si? cabaN ?o? ?atah ?@mpat	atah mEh si?cabag ?o? atah ?@mpag
jeha1242	tros ba	t@ros ba?
jeha1242	japE~h NOk	J\ijapEh NO
jeha1242	tOm J\w1t lp@s ton J\abEr jE? tulis tOm J\w1t japE~h NOk lEh	tOm J\w@t l@p@s con J\a? bErj@? tulis tOm J\w@t J\EpEh NOk lEh
jeha1242	baru? japE~h pindah k@naw k@d1h mamEj padaNc@rmin	baro? japEh pindah k@? naw k@d@h mamEj padaNc@rmin
jeha1242	c@npagi? ton jE? c1p wel tros	c@pagi? tot jEh cubel tros
jeha1242	J\akt@~h tek ?o? ka?u~n lEh dwa?	J\ak@toj doh te gahtOh dwa?O ka??on lEh dwaN
jeha1242	was r@?um	was sJ\ap kum
jeha1242	b@h ?o? t@~h lEh k@?o? c1p c@n?o? t@~h	b@h ?o?t@h lEh k?o?cup c@??ot@h
jeha1242	k@J\eN tOm ba?@naN tani	p@J\iN tOm ba?araN tani?
jeha1242	cabaN b1? ?o? cabaN wON ?o?	cabaN b@??oh cabaN wOk bo?
jeha1242	kad@paj b@l@bah paj ja haskali?	kad@pEj blEbah paja? hajskali?
jeha1242	J\ac1p hEj	J\a?c@p hEj
jeha1242	?o? t@~h mamEj tOm	?o? t@h m@mEj tOp
jeju1234	ameN heto	ameto4
jeju1234	ik@ pwa s_han s_han	ik@pas_hana
jeju1234	ameN heto k1 pQ41me k1njaN	amet@ k@po4@mekits\aN
jeju1234	hapul:ak its\e joti	haplak ikejoti
jeju1234	u4i j@kimin menmul:o41m	u4iikimin menmolo4om
jeju1234	kaNs\_heNi41l mak k1njaN	kaNs_hel mapts\@N
jeju1234	ik@n t:o piun	pan topini
jeju1234	ik@ mQn itis_h@ hQn k@k:a	ik@manits\is_hah@Nk@ka
jeju1234	n1j@N naj@N kQts\:i kake	nn@j@Nnaj@N kots\ikahake
jeju1234	jo k@n1n mus\_h	@k@n@n
jeju1234	kenan	kina
jeju1234	ameN heto i	ameit@i
jeju1234	han muni 4u hanmu	apapants\oNtei@s_ho
jeju1234	ts\@k@ po4a	ets\@po4e
jeju1234	j@ m@kn1n k@4a	j@maNn@Nk@4a
jeju1234	t_hoNnaN is_h@t:@n mweN its\i kQtt1l:u j@N he@n na oane	toNnaNis_h@t@nmeets\in k@t@luj@Nen nawane
jeju1234	ik@ t141eman na o4ak:una	ik@t@4emannao4@kona
jeju1234	t_hwi@ na	ts\ena
jeju1234	ts\@ pj@N s:okope k1JaN tEka4i ts\:il:@ne k1JaN	ts\@p@Ns_hopena teka4its\il@n k@JaN
jeju1234	ts\al twets\:@	ts\alteti
jeju1234	s_has_h1mtu no4e@n k1njaN	s_has_h@p do4enk@ts\aN
jeju1234	j@lme j@lme t_hane t_han k1ti nwan ik@ po4a	@lime i@limetane tank@4en@nik@pu4a
jeju1234	its\en ts\al kamts\:@man1n	kents\alkamts\@manan
jeju1234	ts\al hQ4en	ts\anpote
jeju1234	s_hane @t:@N he@N	s_hane @t@J@
jeju1234	i @ti t:ok na4a	ts\etok la4a
jeju1234	pwa ts\i@ms_h@	pakemts\@
jeju1234	s_ho4i s_ho4il k:wEk:wEk ts\il:1nan	s_ho4its\iets\n s_ho4i kekkekts\iles_han
jeju1234	kj@N he pwems\_hieke	ts\@Nepis_hums_heki
jeju1234	ue ts\ip_h@t:aka ts\ip_h@t:aka h@m@N s_ho4i ts\il:1nik:an	ts\iten@nts\ip@takats\ip@takam@ k@Nk@N s_ho4its\inl@nnikan
jeju1234	e ts\@k@ t_hams_h@	nets\@k@tams_h@k
jeju1234	kuk k:1l:i@N m@kke	kuk@l@N m@kke
jeju1234	ues_h@ t_hane mal kQ41nan	Nuwes_h@ pane malkotona
jeju1234	i nom1 kQkepin @k:o t_hwi@ na pu4@n	in@m@kokepen okots\s\_hpenapu4@n
jeju1234	i @m@N keku4ij@N s_hEk:it14ij@N k1njaN t_hoNnaN ui ol:a s_hane	ik@m@N kepu4i@N s_hekite4i@N k@atoNnaNojoko4las_hane
jeju1234	po4a ts\us_h@ nwams\_hie mQnt:ak	pu4ats\us_h@namts\i m@tak
jeju1234	namts\anti s_haNp_ha4ija w@n mol:1k_hi@man1n j@ts\at_haip i@ke	namts\@nts\ik s_hampan@n Nol@ts\@man@n j@ts\atapi@ke
jeju1234	t:am@N a4E nQ4i@ o4aNi	tam@N a4eno4eo4aNi
jeju1234	kaNs\_heNij@N kQts\:i	kaNs_heki@nk@ts\i
jeju1234	k@m:an s:Qls:Ql s:ilts\eN ma4aN n@ne tu p@ne he kats\i	k@mans_h@s_h@s_hits\@Nma4aN n@net_hup@ne hepats\i
jeju1234	k@t:@l kiJaNma ke	@jaa
jeju1234	keEki	is_hik@
jeju1234	kipun nan	ts\ip@nnan
jeju1234	ik@ he@N kohjaN ats\@N kaN kohjaN kaN mQnt:ak mal he@N	ik@h@j@N kojaN Nats\@Nka kojaNkaN N@ta manhe@
jeju1234	t_h@4@ts\i@ne ponan ints\en mul ui t_h@4@ts\in mul s:okopt@4e t_h@4@ts\in s\_heN inke	ts\a4@ts\@n@n ponants\en pul4uita4@ts\ins_hen puls_huk@pt@4es_h@4@ts\ins_hen
jeju1234	olpemika k1njaN p_hQ4oloN h@ke na oan	Nolpemikak@JaN po4@n h@kenapan
jeju1234	kj@Nh@ne	@Nni
jeju1234	he nan k@e piwat:aka @p:@t:aka its\en	wahenaNk pataka@ patakan
jeju1234	etos\_hekika ts\a4im:e	ts\ain
jeju1234	s_hata4i hen ol:a kan wan namue ol:a kan wan	s_hata4ihen ul@kanwan namuke ul@kanwan
jeju1234	p@41n p@lts\ip1n t_h@4@ts\inane	p@4@n p@lts\ip@n ta4@ts\inane
jeju1234	t14@ts\:@ himi t14@s_h@	4@ts\eits\imakimit@4@
jeju1234	@ti kan	@tikan
jeju1234	k1 mik:aN ts\@ k@ ts\Q4Qk tot1n jQlmEtu t_ham@N	@pikaNakts\@k@ts\@4@ktoton n@lmeto tam@N
jeju1234	s_hQta ts\i@	s_hotats\e
jeju1234	u4i p@t_h eN kake	kolep@ten kake
jeju1234	t_h@4@ts\inan k1njaN	s_ha4@ts\inaN k@naN
jeju1234	os\_he s:ilm@Nt@l	@ts\ets\im@Nta
jeju1234	men t:1l:ak	enak@tnea
jeju1234	ik@ s_hane mQn s_hanes_h@i	ik@s_hane m@ns_hanes_h@i
jeju1234	ol:a kat:a nQ4i@ oamk:una	olakatan n@4e waNkona
jeju1234	t_han its\e ts\Qts\@nts\_hQe k:1s_h@ ats\@n kams_h@	hanitents\@ts\@nts\e k@s_hats\@Nkams_h@
jeju1234	t_hwitan ponan its\en	ts\utamponants\en
jeju1234	mwis\_hik@ ts\Qpa teNkim@Ni	pis_hik@ts\opatemki m@Ni
jeju1234	i kaNs\_heNin ik@	ikaNs_heken ik@n
jeju1234	mQnt:ak ts\us_h@ nwams_h@	m@t@kts\@s_h@noams_h@
jeju1234	j@lme naNe tQ4a ts\i@n j@lme t_hams_h@	j@lme naNe to4ats\@n j@lmets\ams_h@
jeju1234	ameN heto kaNs\_heNi s\_hinti	amet@k kaNs_hiNi s\_hinti
jeju1234	mul s:okope	muls_hokpens\_hit
jeju1234	h@nti ike	h@ntiike
jeju1234	pj@N1l k1manh@m1n kaNs\_heNika ol:a s_han1n k@ ponan pj@N1n k_h1mts\ikh@ n pj@N in s\_heN inke ts\utuNito k_h1ko	p@k@n k@man@m@n kaNs_heia ol@s_han@ k@p@nan p@k@n k@mts\ik@lpeNis_heiNkets\ut@N kit@ k@ko
jeju1234	ke ol:a s_han	ke olas_han
jeju1234	k_hits\_han m@ktan ap_hi ts\_han k@t:@4e nohm@N	kits\am@ktan apits\aNkat@4en om@
jeju1234	@k_h14@ ts\i@n	@k@n hets\ie
jeju1234	n@ka its\en p_heN p@l:@t:ako hes_h@	d@kaits\en peNpol@takuhis_h@
jeju1234	po4a s\_hik:@ ats\@n kams\_hie	o4a s\_hikats\@n kams_hi
jeju1234	manjak eits\et	otoN his_h@ku ut@nekas_h@kts\i
jeju1234	ts\@k@ po4a ts\@k@ po4a	ts\@k@p4ats\@k@po4a
jeju1234	@ti kots\ s:okope talma pwe@i	@ti kos_hokkupe talmapej@i
jeju1234	t_ha nonan s\_hik:@ ats\@N kams_h@	hanon@ s\_hikats\@n kams_h@
jeju1234	naN1n h1nt14@ punan	taN@n h@nt@4apu4an
jeju1234	teka4i ue ol:a s_han	teka4ipullas_han
jeju1234	h@iku i ts\_ham il:@ pun	ha ik@ts\@m il@pun
jeju1234	jaNtu ik:u hakan t1lj@k_he ts\Qmits\i@nke its\en	jaNtui kahakant@lj@kets\omits\@N keits\@n
jeju1234	ts\al twet:a	ts\at@t@
jeju1234	kQkepika umts\iki@ kanane	kakepika umts\ike kanane
jeju1234	p@4i hQnas:ik j@N hen	p@4i h@nas_hikj@Nken
jeju1234	i s_ha41m1n okok	is_ha4@m@n okuk
kaka1265	J\e: tO farannE: tO	J\etO fara nEtO
kaka1265	fEn do ka kuJE: labO kunsige ba kun tO a J\iginden ha: a kO: tO	fen dO ka: kuJElabO kun sigeba:kuntO a J\igin den ha a kOtO
kaka1265	ki:lajanu wo Ja: kOmunikE karaJE:	kilaja:nu wOJa: kOmi li ke karaJE
kaka1265	man bO: lEkOl la ma si min damu ma	man bOlE kOlla ma sin min damu disErma
kaka1265	an ka mOnbile ta:	an ka mOn bileta
kaka1265	a to:ta wo Ja: le ha: ma le kolojata	a totawo Ja:le ha: mare kolo ja:ta
kaka1265	J\innan de ka: a ta an ma: sue je	J\in nan de ka ata an ma:suwe
kaka1265	a ka: fO an na kuntige je	a ka:fO an nakun tige
kaka1265	wonu tErE ma: lOn fEn min tanbita do:n kinnOgOnden do:nu bele kinnOgOnden kOnO an ba: fO:la ko: kuluJE ba: lO:nden de	won tErE ma:lOn fen min tanbina don kin nOgOnden don belekin nOgOn den kOnO an ba:fOla kokuloJEba:lOnden de
kaka1265	ba ban bO:la dabOla faJE: tO	ba banbOla da:bola: faJE dO
kaka1265	ha: ma donta dOgOmE	ha:ma don ta dOkO mE
kaka1265	ma to:ta ki:la n de na le le mu mu ki:la gbengbe kelen tO:	ma totakila nde na:lele bu mu kila ben bekelen tO
kaka1265	an tErE bi wo donna kankan de won ka kila bita an tagata	an tErEbiwOdon na kan kande won kakila:bitan tagata
kaka1265	n ta:ta n J\igita fara: bu:tO	n ta:ta nJ\igita fara:butO
kaka1265	an i an i sige la: an na kule tO	ananisiglah an ma kulEtO
kaka1265	n ko n ka wo to kO:ma n ka n bori n ta:ta n ka: bojilE lOgOnnE do ta n ka wo bila J\e: tO	n kon kawo tokOma n kan buri n ta:ta n ka n bOjelE lOgOn nEdotan kawo bila J\etO
kaka1265	a majElEmanta fajida a kE:ta J\inna la	a ma jEle manta fajdakEta gin nala
kaka1265	kOnO n ma: kolija J\a:lbande	kOnOn ma:kOdi ja:J\a:lu bande
kaka1265	i kan sOn dodo ni ke JO:	e ka:nsOn dodoni keJO
kaka1265	ma ka: labe: dinka: tO	ma ka:la be din ka:tO
kaka1265	kOnO a bati faga	kOnO a bati fanga
kaka1265	ko a te: taga few ko a bi to:la jan de	koa:teta ka fo koa:bitola jande
kaka1265	n man taga kawo:kan a sa: wa n man ko ka fEnfEn ma a tugun a sa: ma	man taka kawokan a sa:wa manokakfenfen ma a le tugun a sa:ma
kaka1265	ko awa	ko awan
kaka1265	a ka kila ta: a na:ta ma bata	a ka kila:ta a na:ta ma bata
kaka1265	gbandija keleJE wo tugun muse: wo ka n dankun	ban dija:kele Jawo tugun musewo kan dagukon
kaka1265	kOnO n ka wote min sOtO	kOnO un kawotenin sOtO
kaka1265	an ka: soe labO sue fila labO an ka: fElE ka tErEn kEnu jan tErE sOn J\uguja: le kunma	an kasoelabO suefi la:labO an ka:fElE katErEn kEnu ja:n tErEsOn J\ogu ja:le kunma
kaka1265	awa lOgO fErEnnE:nu bojinden kila kunma	a wa:lOgO fErEn nEnu boenden kila:kun ma
kaka1265	a te: a te: kE: ka: Ja:woJa ma	a te a tEtekEka Ja:wo Ja:ma
kaka1265	an ma: bulOn tEgE an ma: raji tEgE an ma: fus tEgE an ka: fo: desere le	an ma:bulOn tEgE an ma:rajtEgE al ma:fustEgE an ka:fOdeserele
kaka1265	a ja:jE wulita ka: lO: kamarEJE kOE ma ka: bita a kabakun fila	E a ja:jewulta ka:lO kama reJE koma kabita a kaba kun fila:
kaka1265	si bjan	si ban
kaka1265	kOnO wo ma: n na karaJE: tiJa fus	kOnO O man na karaJEti Ja: fusu
kaka1265	si ma dEnta kine la a la a la banna ma si JOgOn gbasi ma ja:la banna kElE: le ma	si madEn takinela lala banna ma siJOgOn basi ma jala banna kElEle ma
kaka1265	b_<a ma ba kE: n ka sOtO ma tagata ma:mun ma ka kE: JO:	pa:ma battEstu kE ka testu sOtOn ma takata ma:mon mO ka fOrmasOn kEjen o
kaka1265	a ta:ta ka n kili	a tata kankile
kaka1265	mOgE:n na:ta a dinJOgEnu a bi fEn majita kE:la ka:min wonu fo: na:ta b_<a n ba na: ka kasi n fE	nOn gEn na:ta a dinJO gEnu a bi fen majta:kEla ka:min wonu fo na:ta ban ban na: kakasi n fE
kaka1265	a ko ko a ba: fE a ni muse: Jini muse: Jini a la deJE je	a koka:ba:fE a ni musJini museJini a la denJEje
kaka1265	an ka sade: la ka tulu wuleJE maJanin ka: la: kunma	an kasadela ka tulule JEmaJanin kala:kun ma
kaka1265	kamarEn a ba koloja a Juma: la b_<a a dOgE musu fila fo: bati sigi fute la	kamaren a ba koloja: anJ\o ma:na ba: a dOgEmosEfila: fo batisigi futela
kaka1265	an kan mOgO an kan taga mOgO gbEtE bata an ni tO:rO n bi: jan nEtO	an kan mOkO an kan tEka mOgO bEtE bata an ni tOrO nbijan nEtOO
kaka1265	ma na wutun anu jen wa: kEmE wa: bi:lo:lu	ma na:wutu a:nujen wa:kEmE wa: bilolo
kaka1265	n nE:nE le bi a la kuta:nu ko:la	nnEnElebif ala kuta:nu kola
kaka1265	ka ban ka lajElE mOnbilen bu:tO tugun kamijOn	ka ban ka:lElE mOn bilen butO tugun kamijOn
kaka1265	gba: ka tErEn a te: nEgEso: ba: bolo	ba: ka:tEle Na te nEgEso ba:bolo
kaka1265	ma fo: ma bilata ma ma:kOE gba: la	ma fo ma bilata ma ma:koe ba:la
kaka1265	n ba:ba te: nO a kE:la JJe	mn ba:bate na:keranJE
kaka1265	an ka do:nu jen do:nu ma: jen do:nu tolita duge: ma	anu ka donujen donu ma:jen donu tolta dugema
kaka1265	a la kina:nu ka: bO an bata butO ka: na:ti: ka lakarifa ma la	ala kina:n ka:bO an bata bursa butO ka:na:ti kala karfa mala
kaka1265	ko a ba ko: J\ugu kE:	kOa ba koJ\ugu kE
kaka1265	an ka: ta: ka: doni dOgOmE ka: a bila kasoe la donde a fa:tOja	an ka:ta ka:doni dOgOmE ka a bila kasojela donden a kan fa:tOja
kaka1265	a to:ta a dOnna JO: le a kOrita	a to ta:dOn naJOle ha: a korita
kaka1265	ko awa ko i ba:ba maJininka ma bEnta min na	kowawa ko i ba:ba maJinen ka ma bEn taminma
kaka1265	a na:ta ka: a ba gbandija ko:be	a na:ta katera babandijakObEn
kaka1265	kulun don te: nO a gbanna ma:mu kunma ka na: ka na: dOgOmE	kulun den tenO abanna ma:mun kun ma kkana:dOgOmE
kaka1265	ko n ni i Ja: J\e: lafitan	ko ni iJa:J\iela fita
kaka1265	b_<a n ba kasi mOgE:n nadEnta n kunma ko fEn de ma:nden	man bakasi mO gEl na dEn tan kunma kO fende ma:nden
kaka1265	ma:munu JO: JO: da:bOla wa: kelen de	ma:mun nunJO JO da:bola wa:kelende
kaka1265	n ka lO: ka:min n ka: tEren ka: le a kolo n kilanta n sOnkOta	n katOsu lOka:min n ka:tErEn kale a kolo n kilantan sOnkOta
kaka1265	a la fEJEnu bi JO: mOgO te: su:sE donna a la boJE la a la ti:maboJE JO: ha: bi ma bata hOd_<E tO so: tE:ma	a la feJEnu biJOn mO gO tesusE donJa ala boJElala ti ma boJEbi JOn ha:bi ma bata hOdEtO sotEma
kaka1265	ko: n tErE ki:bonden fEJE do le la	kOn tErEki bonden feJE dolela
kaka1265	ma to:ta wo le tO ha: n ka lOn ka fO: kile:nu fo: a bi n ba:ba bolo	ma totawole tO han ka:llOn ka:fO kilenu fO a ben ba:ba bolo
kaka1265	b_<a n bati da: laka n ka lO:	On batida:laka hn ka tOrsulO
kaka1265	dEpi a ka n tabita wo tO ha: n ba ban n na karaJE: la ka: jan ka: ka: n ba ban n na karaJE: la kOnO wo ma: kE: de n Jinanden musu wo la koe ma:	depi a kan tabitOo tO han ba ban na karaJEla ka:jan kaka baban nakaraJElakOdO ma:keh de nJinan de mosehola kuema
kaka1265	a ko ko a ba: fE ko mus kOtE ba wo fO: ko a ba: fE a ni mus kOtE bon	a ko ko a ba:fE komusikOtEbawofo kO a ba:fEa ne mosikOtEbo
kaka1265	i bati n dE:man n ba:ba dankunna	i batimndEman n ba:badan kunna
kaka1265	awa mus kOtE la ba:ra kE: le	a muskOtEla ba:ra:kele
kaka1265	ma donta boJE la kOnO si i si si i bi boJE bu:tO i Ja: i lue malala	ma don ta bOJEla kOnO  i bosibi bOJE butO i Ja:je loemala:la
kaka1265	a bi:i gErEla a si jElE Ja: min lO:pE: bu:tO	a bigErEla a sijElE Ja:min lOpE butO
kaka1265	ko a le le ka: ki:laja	koa:le le ka:kilE
kaka1265	musu kOtE musu kOtE wo diJJEta a ka: la kOrE: le bO:	muskOtEw o muskOtEwo diJEta a ka:lakOrEle bO
kaka1265	a to:ta wo le tO simiti luJE do: ma i bOla lEkOl la	a totawole tO simitiloJEdo ma e bOla lEkOla
kaka1265	a to:ta JO an ka n maJininka ko a ko n ka fEn de ma a la n ko n ma: fEn ma a la dE	a totanJan kamain ka kwa:n kon kafen de ma:lan kon ma:fen ma:lade
kaka1265	a ka den kelen sOtO a jen	a ka den kelen sOta:je
kaka1265	n ka lOgOnnE bila J\e: tO n to:ta a samanna n fE	n kalOgOn nEbila J\etO n tota a samannan fE
kaka1265	a ka: mafElE a ko ko fo kE: jan ni bon finka:re la	a ka:ma fElE a kOkOfOkEjjEn ni bOn fin ka:rela
kaka1265	ma i koka: le tala ka labon buloJE ma	mauko ka:lE ta:la ka:la bon bulOJEma
kaka1265	ma:miwata ka: kuJE: labO J\e: kOtO	ma:me wa:ta: ka:kuJEla bO J\ekOtO
kaka1265	i le tugun i ma: ka i sigila wo Ja:	ile tugui ma:kaesigilawoJa:
kaka1265	ko fEnfEn te: kE: i la deJE la	ko fen fen tekEla deJEla
kaka1265	ko hi: ko n si nOn	koJi konsilO
kaka1265	an ka J\ele: tugun mafElE an ko a na: la: labuta:ne JO: ko lOgOkun kOtO	an ka:J\eletugun ma fElE an ko a na:la:labita:ni JO ko lOkun kOtO
kaka1265	an ka: ki:te la: dOgE a nin ta:ta tE:ma	an ka kitela dogE a nin E ta:ta tEmE
kaka1265	si: ma: bila kasoe la ma le bata faJE: tO i si fa:tOja	sima:bila kasoela ma le bata faJEtO e si fa:tOja
kaka1265	ko i: i ka: lOn i ka laboji ka:min	ko i ka:lO ka:la boe ka:me
kaka1265	n ka kan ka min kE: a jen n ni wo kE: a dOgE je	n kakan ka nin ka:je nnOkE a dOgEjekkk
kaka1265	awa alma:mija ka:nu an bi JOgOn damula ka: le	na wa al ma:mija: ka:ni an biJOgOn damula ka:le
kaka1265	sague ma wo: sague ma a ni donden ta bi:lo:lu kEmE a na: di n bolo	sago mawO sago ma a ne don den ta biu lolu kEmE a na:din bolOl
kaka1265	bani ka tEren ma bati kE: kamarEn na ma ba fOlO sunkutun bitala ma sa wa dOndija butO ma sa wa widejo la	bane ka:terEn ma batikE kamren Ja:n ba baw fOlO sun kutun bita la: masa:wa dOn dija: butO ma sa:wa bidiola:
kaka1265	i ba:ra le bu:tO i ni tOrO i ni tOrO	i barlale boto inu tOrO inu tOrO
kaka1265	kOnO ma la a deJE nin ma la won de kE:ta sabu la ka rajinu majita tuba:buenu ma	kOnO malafiresi daJE a deJE nin mala piremEminesiri wonde kta sabula ka ra:jin maita tu ba:buenu ma
kaka1265	n tagamanta dikette kunma	n tagamanta dikEte kunma
kaka1265	ba be: fara: bu:tO telen	babe fara:butO telen
kaka1265	kamarEJE ko min ka ka: bon	kamarenJEko nin ka ka:bon
kaka1265	awa a bi JO: ha: n sa: Ja:karan ha: jan nE:tO le	a wa a biJOn ha: nsa: a Ja:karEi ha:jan nEtOle
kaka1265	n wulita n ko n dinJOgE a ni n malO:	un gulta n kOndinJOgE a nin malO
kaka1265	ko n ma:kOnden mu i la	ko  ma:kondemu mula
kaka1265	a J\uguma ma:	a J\ugu man ma
kaka1265	an ka moten ta: an na:ta a ba:ba na:ta ka ladon la	an kamoten ta an na:ta a ba:ba na:ta ka plEnte ladon J\andar merila
kaka1265	a le le ka n di: nun i kOtE: ma	a lele kan dinun ikOtEma
kaka1265	ko o man taga Ja:m in wo la ninge har wo donta futuro le ma wo la ninge si san ma ko awa	kOma:n tagaJa:mi wO la ninge hareodonta futurOle ma kOla ninge sisan ma kOwawO
kaka1265	kOnO jan ka: i ba: sa:rala le	kOnO jan ka: iba:sa:ralale
kaka1265	n bilata n na karan gba: la kOnO n J\use: tEren ma: di: n na	nun bilatan na karanba:la kOnO n J\usetErE ma:dinna
kaka1265	mOgE: ninnu i kuluJE wagoJE nin bi kO:ma wonu madimita donde	mOgE nin nu kuluJE wa goJE nin bi kOma wunu ma dimita dOnde
kaka1265	wagon fila an i hikkEnden kO:ma wonu tEgEta a toen na	wa gon fila: ni hikEnden kOma wonu tEgEta a tOjEnna
kaka1265	si b_<a si i bata: mOE kE kule di:	si ba: si bata:mOela bejke kulEdi
kaka1265	kOnO an b_<a b_<ani sudonna:nu an kOri	kOnO an ba ba:ni sudon na:nu an batkori
kaka1265	n ni siginden la: muse: wo je ka: fO:	ndi sigin dla:mu sewajEn kafO
kaka1265	anu ka: tabita an bole tO an sa:gita lue ma	anun ka:ta bita:n boletO an sageta ulema
kaka1265	a to:ta ha: lEru kelen a wulita	a tO taha:lErikelen a wulita
kaka1265	a ko ko a la ka: le	na ko E koalaka:le
kaka1265	pase kala bata: lOn wote bi nEgE: tO	ase kala bata:lOn wotebinE gEtO
kaka1265	watte don tO n si nO: a kE:la ka:	watedon tOn sino akEla ka:
kaka1265	mOgO te: daha i ma: tOrO i man i man tOrO le i ni daha	mOgO tedaha: i ma:tOrO ani man tOrOle ini daha
kaka1265	n ta:ta n ka: lOgOnnE do tonbon	n ta:ta n ka:lOgOn nEdo tOnbOn
kaka1265	ma sa: tEren a bi kuta:nu bO:nde a ma	ma sa:terEn a bi kuta:n bOnda:ma:
kaka1265	ma ni wo lamara	mano wala mara
kaka1265	n ba:ba ka n sOtO n de tun a ka n da: ma	n ba:ba kan satOn de tun a kan da:ma
kaka1265	an ka wo	an kawu garde
kaka1265	a lala:nden Ja: min ha: bi: a la:nd anu bolo	ana la:nden Ja:mi ha:bi a la:ndanu bolol
kaka1265	n ko n dinJOgE ma ko awa ko: a na: ba:ra boloka ma na: ma ma ko: ma na: wa a bata	n kO ndinJOgEma wa:wa ko a nba:ra:buloka mana:man mako mana:wa bata
kaka1265	ko a la deJE bata: latanbi	koala denJaba ta:latanbe
kaka1265	kala ni JO: bita	kalani JO bita
kaka1265	fo muse: kE: min ka n dankun farana	fO mu sekE min kan dan kun fara:na
kaka1265	ko i ni:mOgE muse: wo ni kE: i i sina: la boJE la	ko inijomOgE muse woni kE isi na:la boJEla
kaka1265	an na: kule mOE ko:ben	a na:kuloi mohi kOben
kaka1265	a ka min kE: JJe n	a kanin kEJE
kaka1265	n ka: ta: n ka: doni labita:ni ka kE:	n ktn ka:doni lapta:ni a ka fisitkE
kaka1265	n ko n ba taga JO:	n koa nbataganJO
kaka1265	watte wo tO ka: tEren n bi karanna JO: la	wateotO ka:tara:n bikarEn naJOla:
kaka1265	n bi: kan mEnna kOnkE: la an i kasila	n bi bursata feJEnu kan mEn na kOn kEla a ni kasila
kaka1265	mOgO ma: ke: JO: mOgO ma: maJininka	mO gO ma:keJO mO gO ma:maJinen ka:
kaka1265	konkorotu ma i min majitala tErE wa: tan	kon korotu maenin maetalakitErE wa:tan
kaka1265	ha: kE:mOgOE kOtOjata ko:be	ha:kEwOgO kOtO ja:ta koben
kaka1265	a to:ta wo Ja: le ha: n dinJOgE a ba:ba na:ta ka duge: san ka boJE lalO ma bata da: fE JO	a tota wEJa:le ha: ndinJOgE a ba:ba na:ta ka dugesan ka boJEla lO ma bata da:fEnJO
kaka1265	ko n de tugun bi: n nE:nE bele n ba:ba bele n nE:nE kelen wo: bele n nE:nE kelen ba:ba keleJE si kE: ma:	kOnde tugun bin nEnE bele n ba:ba bele nEne kelen wobele nEnEkelen ba:ba keleJE sikEma:
kaka1265	a bi tagala ha: mugan ni kOnOntO	a bitagala hasopEfEte muganne kOnOntO
kaka1265	ko si n te: nOn nun n te: na: nun wo bata n na: fO: wo jen	kosin tenOnun n tena:nuo batan na:fOwe
kaka1265	ma mE:ta JO: donde	a mEn taJO dOnde
kaka1265	ma i wo le la:nde dinka kelen bu:tO jan ba: fo: tatiJanden de	ma wole la:nde din ka kelen butOjan ba: fOta tiJandende
kaka1265	wo to:ta a bolo ha: wo kolojata a fE JO:	wo tota:guloJO ha:wo kolo ja:ta a fE JO
kaka1265	a le tugun a jElta a ko ko a ba: gbanna a ni bOlin do bita	ale tubun a jElta a kO kba:ban nani bolen dObita
kaka1265	an ka: fElE ka: tEren i te: su:sE lOgE ta:la a jen i te: su:sE kure: ta:la i na: bon fo finka:re	an ka:fElEkatEn i tesusE lOgEta:la:jin i tesusE kure ta:laje na:bon fOfin ka:re
kaka1265	kamarEn bojita	kamaren boeta
kaka1265	do: tugun bO:ta kOnakiri	dotugun bOta kOna:kire
kaka1265	b_<a n n ba:ba bata: a J\Onbaja n ba:ba sa:gi bO:ta a ba:ba la lue ma ka na: a la muse: bata	ban  n ba:ba bata a J\On baja n ba:basa:gi bOta:babalalulema kana a la musebata
kaka1265	a bolenu fo: diginden a te: nO	a bolen fOdiginde a tenO
kaka1265	a toe mu sa: le la	a tOemu sa:lela
kaka1265	an sa:gita sue: fE an bata	an sa:gita suefe an bata
kaka1265	ma to:ta JO le sue ba tafatan sue mide:	ma totaJOle so ba tafatan soe mide
kaka1265	kOnO fu:ta namata le	kOnO futa na mata:le
kaka1265	koenu koe nu tun min si ma la hOd_<E munanfan n de le wo n de le wo ba:rala	kEn kuwEnu tumisi malahOdE munan fa:n ndele nde lewo ba:r halara
kaka1265	a bata: doni jan ka: ka: a bi alumaJ a ba taga	a bata:doni jan ka:ka a bi aloma:n bataga
kaka1265	a ba:ba nOn bi basie kitinden JO	a ba:banOn bi basi kitindenJO
kaka1265	ko n na deJE ma ma: kinnOgO kunun ko denJEnnEn bi kilanna	kon na deJE ma ma:kin lOgO kunun kOdenJEnEn bukelanna
kaka1265	ma si min damula tO fo birE:di birE:di J\aran	ma si min damola bur sa:tO fO biredi birede J\aran
kaka1265	a ma: deri gbandijala ka:	a ma:daribandija laka
kaka1265	a ka: bon Ja: kelen na ka ka: majElEma	a ka:bon Ja:kilen na ka:ka:majelEma
kaka1265	a filanan wo le mu n de la	a filaJa:n wole mun dEla
kaka1265	ko i le ma: nOn i kaJE labOla ka: fO ko i ma: faga	ko ele ma:nO e kanJEla bOla ka:fO ko e ma:faga
kaka1265	n lO:nden ka: mafElE a bi fEn kE:la	nn lOnden ka:mafElE a bifen kEla
kaka1265	nEgE ko: le tugun ba: tO	nEge kole tugunba:tO
kaka1265	n ko n ko n ki: n bi tErEn bi ki:bola le wo bati n nakunun n ma: n na ki:boe laba	n kO a n kOnkin bitarEn bi kibOlale wO batin na kunu mannakiboela ban
kaka1265	a la ka: ko a ma awa	ala ka:koama awawm
kaka1265	tele: fo: tO a i teren tele le tugun i je	tele fOtO ajtErEn marsi telele tuguje
kaka1265	karaJE: tO n ba tagaman donde	karaJE tO n battaga man donden
kaka1265	minnu ka raji bO ka: lamara an na boJE la an ma: sOn a majitala do: la:ta a pire: kunma	nin nu kara:je bO ka:lamara an na boJElal ma:sOn a maitala dola:ta afirekun ma
kaka1265	mOgE: fo: na:ta ka kasi n kunma	mO gEnu fOna:taka kasin kunma
kaka1265	a ba kila bita a bata: bor a ba na: a le le ka kE: Jini a JEtE je	a bakila:bita bata:boda banna a lele kakeJine a jEtEjen
kaka1265	a ka la finka:re ta: a na:ta	a ka:la fin ka:reta ana:ta
kaka1265	dEpi ma bO:ta JO:	le bi ma bOtaJO
kaka1265	n bO:ta JO: tugun n ka n kuntelen fahin tugun farana la	a pErEn bOta JOtugu n kan kun telen fahin tugun fara:nala
kaka1265	ka n de tugun bila ba:ra kE: tugun tO	ala kande tugun bilara bijO ba:ra:kE tugun tO
kaka1265	n ka wo le lOn n nE:nE la	n kawole lOn nEnEla
kaka1265	a nin J\e: ma i wo le tun wo le tun i ma balula ma sa kE tele fila ha: tele saba	a niji ma wOle tungole tui ma balola ma sa:kEtele fila ha:ntilesaba
kaka1265	n bO:ta JO: le n na:ta dOgOmE jan nEtO	n bOtaJOlen na:ta dO mean nEtO
kaka1265	n bi raji ko: donden Ja:karanna tanbita komin ma bata faJE: tO dOgOmE	nbi ra:jko donden Ja:karan nEa tanbita komin ma batafaJEtO dOgOmE
kaka1265	ka dinka: sen ka: n madogon ka kille kE la ko an bati aksidaJE kE	ka din ka:sin ka madugon ka killekE ga:rla O an bati aksidanJEkE
kaka1265	hari i ma: i la i ni: J\an i ni bole la i J\use: kunma	haree ma: la:je niJ\a:inibolela iJ\usekunma
kaka1265	ma ba na ha:a ma bati ke: farannE: tO	mO ban na ha: mO batike faranEtO
kaka1265	de sOnde	tekinisEn desOn de tt
kaka1265	n ko kOnO n ba taga n ba lOgOnnE do ta n ka min suga kE ki:boe tO n ba wo kE n ma: fEn jen	n kokOndOn bataga n ba lOgOn nEdota n kamin su ga:kE kiboetOn bawokE ma:fEjen
kaka1265	a ta:ta ko ko ma haldEta fEn de la nun	a ta:tako ko mab hal dEta sen delanun
kaka1265	kOnO finka:re kule bO: wo soe bu:tO mOgO sijaman na:ta	kOnO fin ka:re kuleo bOwo soe butO mO gO sijaman na:ta
kaka1265	kE: le ba: fE boJE bu:tO	kele ba:fE boJE butO
kaka1265	kamarEJE ta:ta ka: la: a n a la muse:	kamarenJE ta:ta ka:la a na:la muse
kaka1265	tuma do alla sa jita i la	du mado alla sa:itajlan
kaka1265	n ba:ba ma: karan n benba ma: karan n na mOgO wo bele karanden	n ba:ba makaran n ben bamakaran namOgO jObElE karanden
kaka1265	bi: a si ma bO:ta JO: mOgE:n do:n bi JO: fula muse:nu	biasi ma bOtaJO genOgEn don biJOn fula musenu
kaka1265	garunu fo: kala bata: bO i la duge: tO	nga:ro nu fokala bata:bOeladungetO
kama1351	iat Sobi dIzeN	jatSobi d@z@N
kama1351	dIzeN bar amnu?pi on_ji? p_jeSt@ s_jalu?pi i dIn amnola?pi	d@zembar amnu?pioni? piSt@salu?pijd@n amnl?pi
kama1351	jakSe dZ_j6bakt@rbiam ej jakSe	jakS@dZ_je bakt@rbam ejakS@
kama1351	nuke nuke kana? Zila?i ujut:@ it	nuke nuk@ kana? dZ_jIl@?ji uju?t@ jit
kama1351	dI bar nend@s_jt@	d@b@r nodZ_jal nendISti
kama1351	da dIn urga:ba aba Son@ga m6n nere?lu?piem ma?nd@ nu?m@lu?piem	dadIn urgama abaSonuga m@n@rel@?pim mand@n mul@?pim
kama1351	dIg@t:@ Sobi es:eNd@ naga	dg@tI Sobi esaNd@ nala
kama1351	taZerbiba? inezi	taZ@rbiba?in inezi
kama1351	k6mna? kotenb@ bu k6mna? kotenb@ bu	k@mna? kotanb@bu k@mna? kotanb@bu
kama1351	a m6n nuliam ej	amanmon li amtre
kama1351	sIre buZu bu molal:@j	sIre budZ_ju bomolall@j
kama1351	on_ji? kopto jel_ja kambi sut m6nd@rd@s_jt@	oni?kopto jeele kambi sutm@nd@rd@St@
kama1351	il Sobi?i i?ko	ilSobi?i?iko
kama1351	dI surarla?p@ mbi t6n udal ujul naga k6de t6n mInliel	d@sur@ arl@?p@ mbit@n udaujul naga k@d@ t@n molgi
kama1351	a m6n m6mbiam nu k6n:a?	am@n m@mbamnok@nna
kama1351	o girgit n_jamga	ogirgitnaNg@
kama1351	a m6lia mbi dZ_jorla?p@l kanZ@b@j	a pituk m@lembidZ_jor?kanZ@b@j
kama1351	snegurka?i ala?p@?j@ bar ala?p@?j@	sNNgurka?ijajla?poju baruk@lapoju
kama1351	dIg@t:@ ma?nd@ Sobi	id@gt@ ma?nd@ Sobi
kama1351	dI bar buz_je dZ_j6bakt@ria	dubarbozezi baktarja
kama1351	t6n m6na kuwas plat:_ja i?	t@nm@na kubas latei
kama1351	dI surarbi kodur@n ine?i	nd@ surarbi kodurun@jnaii? d
kama1351	ugand@ t6n kolo?s@bi	ugand@t@n k@l@?s@bi
kama1351	dI mIl@j tnan	d@? m@l@tnan
kama1351	kudajd@ numanuz@bibe?	kudajd@numanusubige
kama1351	tenobiam tenobiam dIg@t:@ kambiam	nenobm  d@g@t@ kamba
kama1351	i p6narlaba?	ip@narlaba?
kama1351	dZ_jijeg@n Son@gam dZ_jije nujle?p@m	dZ_jijeg@n Son ugamdZ_jije n@jl@?p@
kama1351	mbi dI m6na mIl@j idZ_ji?eje	bid@m@namul@ idZ_ji ir
kama1351	tuj t6n dZ_j6bakt@ra? a m6n ej dZ_j6bakt@rlam	tuj t@ndZ_jibakt@ra am@n ejdZ_jebakt@rlam
kama1351	san@ lejlem	san@ el@m
kama1351	b6?sit:@ dI jakS@ tuZoj	aStob@?sit@dI jagSI tuZuj
kama1351	tej dZ_jala mmbi mmbi	d@dZ_j@la m@mbi m@mbi
kama1351	ej mobi nend@s_jt@ dI kuza	@j mobinen d@Sd@ d@kuza
kama1351	dI?n@ Sobi dIn elet jadajla?	d@?n@ Sobid@n ele?t jadajla
kama1351	bazo? kirgarla?p@	bazu kergarl@?p@
kama1351	dI m6nd@	di m@nd@
kama1351	i?ko ular de?pi tuZoj?i ine?i	iko olar dIpi tuzu?ji ine?i
kama1351	dIzeN ej kubi?i m6na	ob@?tIzeN ej kubi?im@na
kama1351	it bost@ ulard@	ik bostor ulard@
kama1351	dIg@t:@ dagajzi b6?pi	d@g@t@ dagajdZ_ji b?b@?pi
kama1351	dI bar pimnie	d@ barpimn_je
kama1351	s_jtS_jep Son@gam s_jtS_jep nujle?p@m	skep Sonugam skep nujle?p@
kama1351	dIg@t:@ kambiam wetSorkan@	d@g@t@ kambam pirmi?ikotu bidZ_juorkan@
kama1351	dIg@t:@ aktS_jim dZ_jurla?piam i kal:a dZ_jurbiem k uraZan@	d@g@t@ akdZ_jimdZ_jurula?p@m ikaladZ_jurbem kuraZan
kama1351	i ipek amnia	ip@ kamn_ja
kama1351	dIg@t:@ urga:ba kuza m6na m_jeglu?pi	g@t@rgaba nu kuzam@na meg@lu?pi
kama1351	a dI hawroSetSka bar togonorbi	adIkaroSkabar togunurbib
kama1351	magazing@nd@ mbi naga mbid@ ej il@l	m@gazing@n d@mbinag@ mbi d@ eil@l
kama1351	ej kaliam dI kuwas ujut bar p6jdZ_jaN mu?send@ kom@	ej kalamd@ kulas u ujud brpajdZ_jaN boSmu?send@ kom@
kama1351	dI bar dIm	di bardim
kama1351	n_jit i?pola?p@	nipol@?p@
kama1351	t6n ibiel	t@ndiplom@ bil
kama1351	kopton@ mmbiem sumka dI bar sajn_jilu?pi	koptonu mumbem somka d@barzajni?u?pi
kama1351	dIg@t:@ m6n nubiam turag@? to?nd@ dI bar m6na kurbi	d@g@t@ m@nnubam tur o?dd@ barm@nak k@rbi
kama1351	gijen m6n es:eNb@	gijen m@n@j @s@Nb@r
kama1351	togonorbiam togonorbiam a kuiol tuj m6na baru?lu?pi	togun urbam togun urbama kujol tujmuna baru?lu?pi
kama1351	dI m6nd@ i?pe? don kunola?	d@m@ndape?dun kunola?
kama1351	dI ibi dIm to?narbi	dIbi pljotk@dib d@@nadbi
kama1351	dIzeN Side n_ji ibi?i	d@z@N S@d@n_jiibi?i
kama1351	i? o?luge?	ijo ulug@
kama1351	mbid@ ej norb@biom	mbi d@ jnorbubemd
kama1351	kuja nendl@j ulum	uj kujanendl@jiun
kama1351	mbi kuNge?	mbi kuNg@?
kama1351	Sol@j i mi?n_jibe? amn@j	Soluj olkimi?nib@ amn@j
kama1351	b6z@jd@bi kISk@bi simat	buz@jd@bi kiSk@bi simat
kama1351	dIg@t:@ nudZ_ji molambi kunolzit:@	d@gItI nudZ_jimolambibii kunolzipt@
kama1351	m6l:ia bost@ nen@ kana? bujle?	madle abostunen kana?bojged
kama1351	dIg@t:@ dI?n@ abi	d@g@t@dn@abi
kama1351	dIg@t:@ kanZ@b@j ineg@n surarlu?pi	d@g@t@ kanZ@b@j ineg@n surarbu?bi
kama1351	da kana? da amno? dIzi	d@ kana? damno?d@jzi
kama1351	idZ_ji?e?e kabarl@j	nodZ_ji?i ?ej kabar@
kama1351	dI nuke ugand@ i?ko togonoria bar mbi azit:@	dinuk@lgandaj ko?togunar@j abar@mbi aSt@ umet
kama1351	dI m6nd@ m6n ej tImnem	?m@nnajt@mnam
kama1351	mbi todam mola?j@	mbi? dodam mula?ple
kama1351	Serbi pi?m@?i kujnek Serbi	Serbi pi?m@i kujnek Serbi
kama1351	ept@b@ b6?pi	ept@b@ b@?b@?pi
kama1351	dIn awtobus:i	din aptobusi
kama1351	don buga amnola?p@	don bugamn@la?p@d
kama1351	a nagur takS@ idZ_ji?e?e	anaburtakS@ idi?ii
kama1351	bazo bar@?lim m6nd@m tnan ej amnolam t6nzi	b@t@ bazu baru?lim m@ndamnan e amnolamt@nzi
kama1351	k6de dIzeN amnola?p@?j@	k@d@ d@zaNamnula?p@?Si
kama1351	mbi t6n dIn i?pola?p@l	mbit@nd@ni?pol@?p@
kama1351	bar bItlu?pi da kirgarla?p@ iSo de? m6na amga	bar b@tlu?pid@ kirgarl@?p@jSo d@?de? m@namga
kama1351	dIzeNg@n Su nagobi	dIzeNg@n su nagobi
kama1351	i? m6na	i? m@na
kama1351	on_ji? takS@ urgo on_ji? udZ_juge	oni takSorglo oni uzug@
kama1351	m6na m6n b1 kubiem es:eNb@ dIrgit	lum@nam@nb@ kubemdZ_je meSs@Nb@ dIrgit
kama1351	kamen dI k6l_jso sag@r mol@j dIg@t:@ buZu So? ato m6n kulal:@m	kam@n d@kols@sagar moluj d@g@t@ buSuSo @tom@n kulalg@
kama1351	on_ji? kuza kuluks@bi ibi	oni kuza?k@l@?s@bijbi
kama1351	sumna tibizeN ibi?i m6n	sumna t@b@zeN ibiiim@n
kama1351	on_ji? kubi dI m6nd@	oni kubi d@ m@nd@
kama1351	mi?n_jibe? swatS_jpan@ k6St@biba?	ni?nib@? Sbadban@ k@Stubi ba?
kama1351	dIg@t:@ on_ji? nen@ bazo buzo mIbiem	d@g@t@on_ji?n@n@ bazu buzom obem
kama1351	dIg@t:@ Sobi	d@g@t@ Sobi
kama1351	dIb@r kambi nINg@bi	d@b@r kambi n@Ng@bi
kama1351	dI iS:o t6N kurol:u?pi	dI Sot@N kurolu?pi
kama1351	dI?n@ es:eNd@ naga dI?n@ m6n es:eNb@ i?ko m6na b6d@?l@?i	d@es@Nbi naga d@?ni m@nes@NbI iko m@nab@?l@?ji
kama1351	tibim bug@n kulambi n_jim bug@n kulambi	pirejt@b@m bugun kulambi nim bugun kulambi
kama1351	ne d6k helem mol@j	ned@k @l@m moluj
kama1351	dIg@t:@ dI kagan dIn Sind@ es:eNd@ i?ko Sobi da bar dI kagand@ k6mla?p@	d@g@t@ d@ kagand@n S@n es@Nd@ i?ko Sobi dabard@ k@lgand@ kamula?p@l
kama1351	dI tenobi tenobi	bit@ nobi t@ nobi
kama1351	t6n mbi m6na ej tuS@lbiel	t@nmbi m@na ej tuSulbel
kama1351	i i?p@la?p@	i gaSe?pul@?p@
kama1351	il bar m6nd@rbi?i ugand@ kuwas kuza molambi	jilbar m@nd@r@?bi igand@ kuas kuzamolambi
kama1351	dIg@t:@ Sobi dZ_jijeg@? men urgo mun@?i amzit:@	d@g@t@ Sobi dZ_jejeg@men @rgo idalaj m@nu??amzit@
kama1351	mbid@ ej kubi	@mbi dee kubi
kama1351	dI ozerbi jakSe ugand@ ibi	dIgi uzrbi jakS@@lganda ibi
kama1351	Su embi amnola?p@	S@emdi amnola?p@
kama1351	t6n pujolial amora? da kunola? m6na mI? kunolzit:@	t@n pujolal a mora? da kunola? m@nada?d@?mI? kunolzit@
kama1351	on_ji? amnolbi?i bun@ to?nd@ on_ji? amnolb@bi dZ_jijeg@n	oni?amn@lbi?ibunu tol tondu oni? amn@lbIbi dZ_jejeg@n
kama1351	hawroSetSka dIm nujn@ nujle?p@	al abar@Ska toZ@bim nojnun@il@?p@
kama1351	i embi	embi
kama1351	dIn bud@j ku?pi?i	d@n budj budaj ku?pi?i
kama1351	on_ji? Si? kros	loni? udZ_jigil S@? kros
kama1351	da i n_jiSpek n_jiSpek ugand@	da i n_jiSpekugand@
kama1351	stold@ opt@bibe? il opt@bibe?	doldop tubib?il@p tubib@
kama1351	a t6n tond@ amno?	atan tondo amno?
kama1351	uge kudol:a?p@ nuke	uge kodol@?p@nukI
kama1351	m6n kunolzit:@ i?piem	m@n kungoldZ_j@teipem
kama1351	i ular tojirlu?pi i de?pi	jolar tojir u?pi id@?pi
kama1351	ej kuwandoliam	ej kuandolam
kama1351	mbi kurumniel	mbi kuromnel
kama1351	tuj dI jakSe amnola?p@ d6re jala?p@	tujd@j jakS@am nola pod@r@ jola?p@
kama1351	dIg@t:@ m6nd@ o?luge? tuZoj?j@ puSaj tuZoj?j@	d@g@t@mnd@ o?l@mge? tuZo?i puSaj tuZo?i?i
kama1351	mi? koptom Sobi kazanturag@n	mi?k@pton sobi kazan turag@nn
kama1351	kopto uge m6na	kokto ug@m@na
kama1351	dI mInz@rbi bar amorbi	d@ m@nzirbi bar amorbi
kama1351	Seden dIrgit ali mbi dIrgit	Seden dIrgit limbi dIrgit
kama1351	dI dIm pl_jotkazi? to?narbi	didi pliotkazi d?onarbi
kama1351	dIg@t:@ on_ji? ko Sobi	dIgit@oni?k@ Sobi
kama1351	bost@ ma:nd@ Sobi	b@stumand@ Sobi
kama1351	kuliat bar stol nuga	kulad barstoldnugar
kama1351	i bu il bar nu?m@lu?pi?i bug@	ijilbar unu?mulu?pi?ibugu
kama1351	dZ_jibige bu ige SiSege sab@n ige	dZ_jibigebujige S@S@ge sabanige
kama1351	it m6n ularzaNd@	it m@n olaarzaNd@
kama1351	mi? ten@lu?pibe? bazo parzit:@ ma:nd@	mi?t@nul?pib@? bazu parzit@ mand@
kama1351	nend@d@ dI no?	nendin de?d@n@k
kama1351	mbid@ ej tImnebi?i	imbid@ et@mn@ bi?i
kama1351	dIm ibi?i	d@?mn@ dimibi?i
kama1351	kudajd@ numanuz@s_jt@	kudajd@n man uz@st@
kama1351	dI bog@ld@ b6darbi b6?pi remni? nagur b6?pi	d@ b@g@ld@ ?b@darbi bd?bo?pi imi?nag@rdimeni b@?pi
kama1351	iat Sobi kirgarbi kirgarbi naga	jatpSobi kirgarbi kirgarbi naga
kama1351	dI kambi dIn buz_je amnola?p@	d@kambi dIn bozamnola?po
kama1351	dIg@t:@ tuZojb@ surerbiam bun@ bIt@lbiem	d@g@t@ tuZojbu surerbem bunu b@t@lbem
kama1351	dIn bar krospa nula?p@	din barkroS pa nula?p@
kama1351	da kuza nuga	takuzanuga
kama1351	a m6n en ej tImnem Sindi t6n	am@nen ejt@mnem S@nd@d@n
kama1351	bar sIjd@ ugand@ jakSe	bars@jd@ ugand@ jakS@
kama1351	es:eNb@ tuS@l:iem saz@n p_jaNd@s_jt@	iSs@Nb@ tuSullem saz@n peNd@st@
kama1351	on_ji? buz_je k6da kus_jt@ molambi Izembi n_jind@ m6nd@	oni?bozi k@d@ kust@ m@lambiz@mbi nind@ m@nd@
kama1351	dIn b1l dIn ibi?i nagur koptozaNd@	d@nbul d@nbi?gi nag@r koptozaNd@
kama1351	dI o?lubi mend@n	di o?lubi m@Nd@N
kama1351	amnobi?i nagurgo? i urga:ba	amnobi?inag@rgu isizej olki urgaba
kama1351	dIzeN mo:?i opt@bi?i aspa?t@ aspa?t@ embi?i	d@zeN mo?isab optubi?i i a@aspa@ nbi?i
kama1351	dIg@t:@ ert@ upt@biam	d@g@tirtI utubam
kama1351	koteng@nd@ amnolzit:@	k@ten g@mde amn@lbet@Sto
kama1351	dIg@t:@ m6l:a?p@ m6n ular	d@g@t@ mala?p@m@n ular
kama1351	dZ_jagan to:nd@ ambiam	dZ_jagan tondu ambiamnd
kama1351	dIg@t:@ Side simat kunol:u?pi?i a on_ji? simat bar kubi	d@g@t@ SId@ simat kunolu?p i aloni?simat barkubi
kama1351	dIg@t:@ m6mbiam Si? taldZ_jen tuZoj ej surdobila?	d@g@t@ m@mbamSi?taldZ_jInd duZoej surdubil@?
kama1351	dI bar nu?m@lu?pi ej ej dZ_ja?pi?i dIzeN dIm	d@bar nu?mulu?pejmo ejdZ_japi?id@zaN dImm
kama1351	m6n dIm udazaNb@ ibiem n_ji?t@ kumbiom embiem	m@n koje kagd@m udazaNb@ ibem Ni?tIb@? kombom embem
kama1351	i? tS_jerm@nd@ i kana? do?@ do?n@	ji Sermand@j kana? d@?u d?d@?nu????
kama1351	dI nu?m@lu?pi	denu?mulu?pi
kama1351	a dIn aktS_ja i?ko izit:@ mbi kaZn1j dZ_jala kanzit:@ dob@r	adi dIn akdZ_jakoj izit@m bi kaZnejdZ_j@la kanzet@ dob@r
kama1351	ujut Izemnie	ujutIzemni
kama1351	dZ_jok ej mIl@?i	dZ_jok@jm@l?i
kama1351	do a gib@r dIm	dozaplatk@ agijbir d@mza platk@
kama1351	sIre ulut simat sag@r	sIri ulut Simat sag@r
kama1351	sIjb@ bar Izembi	s@jb@ bar@zImbi
kama1351	teinen nudZ_jin dZ_jodun_ji kubiem	dejnen nudZ_jindZ_jod@ni kubem
kama1351	dI m6na kumbi amnobi amnobi maSina?i zi	d@m@na kumbi amamn@bi maSinzi
kama1351	t6n m6na b6tinka?i kuwas i?	t@nm@na batin ka?i kubasi
kama1351	sIre bar sa?m@lu?pi ugand@ urgo	o s@ribar sa?m@lu?pigan da @rgo
kama1351	dIg@t:@ no? urgo ozerl@j	d@g@t@ no?gurgo ozeri
kama1351	kuliat bar kuza Son@ga	kuliadbar kuza Sugunuka
kama1351	a dI m6nd@ kotenb@	ad@m@nda kotanb@
kama1351	dIg@t:@ dI hawroSa Sobi dI jabl@k@ mIbi dI kuzan@	d@g@tt@ d@ ka@r@lSa Sobi dn@nnagnuNiz d@ jabla kam@bi d?dI kozan@b
kama1351	dI?n@ bazo? tuZoj ererlu?pi dI ibi	de?n@ bazu tuzojjireru?pid@ibi
kama1351	dIg@t:@ kal:adZ_jurbi	d@k@tt@ kaladZ_jurbi
kama1351	Sala?je ambi ambi	Sola jembi ambi
kama1351	Serzit:@ mbid@	Serizit@mbi daniziab@l
kama1351	dZ_j6lam Son@ga dZ_j6lam nujle?p@m	dZ_j@lam SonogadZ_j@lam @?nule?p@
kama1351	dIzeN nezeNd@ ibi?i	dIzeN nezeNd@ibi?i
kama1351	m6n m6mbiam i? kuro? m6na? So?sit:@	m@mbe ami koro? m@na nilzab@l@ Susit@
kama1351	on_ji? ko amno? a m6n dIn t6n d6re?a? molam nuzit:@	poni?k@amno? am@ndon t@m d@rmolam nuzit@
kama1351	sto mun@j	stob@nuj
kama1351	kana? m6na a? i?ko holst@	kana?m@na aig@ olstu
kama1351	de?pi bar mIbi	d@pi bar@ m@bi
kama1351	tibi d6k buz_jem mol@j	tIbId@k bozem mol@
kama1351	m6n m6n abam t6n t6n aband@ tu?sit:@ kal:adZ_jurbi	m@n abam abai t@naband@ tu?sit@ kaladZ_jurbi
kama1351	dIg@t:@ m6nd@ o?luge?	d@g@t@m@nd@ o?lug@?
kama1351	dIg@t:@ dI kambi	d@git@ d@ kambi
kama1351	dIg@t:@ bost@ ibi sarla ibi	d@g@t@ b@stuibi sarl@jbi
kama1351	i tIn kuza m6nd@la?p@ tuZoj@?i	inz@n toZak kuza mandla?p@ tuZoju?j@
kama1351	i dZ_jijeg@n surarbi	idZ_jijek@n surarbiz
kama1351	dIn bar Su i?p@la?p@	den bar Suj?pol?po
kama1351	on_ji? ilie bar oglu?pi sarlu?pi da	oni? ile par @llu?pi sar lu?pid@
kama1351	dI m6nd@ i? ama? m6n ujam	d@m@nda jama?man ojam
kama1351	aktS_jin@ amnobi?i	dakdZ_j@n@ amnobi?i
kama1351	ku?la?p@m r_jepa	ko?ula?pom@riepa
kama1351	p_je Sobi	biSobi
kama1351	hin bar don ibi i Sa:mnu?pi	pin bardonebi iSamnu?pi
kama1351	tuj buz@jle? bar tuS@lbi Si?n_jile?	uj buzon_jle?bar tuS@lbiSi?nile??
kama1351	a dI penz@ Sobi m6n hwost@ naga t6n n_jil naga	abipenz@ Sobi m@n ostunaga a tonmin lnag@
kama1351	dIg@t:@ Sobi	d@g@t@ Sobi olk
kama1351	a dIn ugand@ putS_juga kuliam tu? i?ko i?pola?p@	adin uganda purtSuga kulam ikoi?pol@?p@
kama1351	surarlub@j bugag@n	sura arl@b@j buga akam
kama1351	Side b_je? p_je kambi	Sidebi? pe kambi
kama1351	no tol_jk6 sag@r b6ran@ amd@ld@	no?tulk sag@rmuburana mnda nd@n @n
kama1351	aktS_ja de?piel	akdZ_jad@?pel
kama1351	Sobiam a tuZoj ej surdona	Sobeama tuZo e sordono
kama1351	Side ular ibi i kand@ga kal:u?pi	Sid@ ular@bi ikand@g g@ kalu?pi
kama1351	m6n ugand@ kuwas mobiam	onugarnd@ kubasmuba
kama1351	dI strelazi bar dIm simand@ simat bar	deStrilazibar dim Semand@ Simadbar
kama1351	dIg@t:@ men ert@n upt@bi	d@g@t@ men u?ertenu?tubi
kama1351	dIg@t:@ kambi kambi	id@g@t@ kambii kambi
kama1351	a sestrat kulambi	aSiStrat kulambi
kama1351	m6n tibi kal:adZ_jurbi m6n ugand@ t6N dZ_jorbiam	m@n tIbI kaladZ_jurbi m@nuganda taNdZ_juorbam
kama1351	dIg@t:@ m6ndolia?i aspa?@n girgitt@ kuza amnola?p@	d@gt@ m@ndola?i aspa?k@n girgit@ kuzamnol@p@
kama1351	dIg@t:@ Sobi ma:?nd@	d@g@t@ Sobi ma and@
kama1351	jakSe a m6ndos_jt@	jakSam@n dost
kama1351	dIg@t:@ naw Sobi ma? abi	ng@t@nap Sobi ma?abi
kama1351	dIg@t:@ ozerle?p@?i kuwas@?i Sind@ ej Solia	d@g@tozerl@?p@?ijablaki kulaziS@nd@ ejSola
kama1351	tS_jerm@nd@ mIbi un n_je?sit:@	Sermend@m@bi un ne?siti
kama1351	m6na wan_jka m6nd@rzit:@	n@n abanka ilel m@nd@rrIt@
kama1351	dIg@t:@ buz_je kandla?p@	d@g@ti uzi kandl@pp@
kama1351	a m6n ulum a m6n uluzi d6re Sa?lambiam	am@n ulum am@n uluzid@r@ S@?lambe
kama1351	tuj mbid@ ej kuliam	tuimmbid@ ij kula
kama1351	girgit nuzaNg@n	girgit sudZ_jba nuzaNg@n
kama1351	kem m_jaN:a?p@	k@N maNna?pu
kama1351	ej kalam	ee kalam@n
kama1351	skaska?i dZ_j6bakt@rbiam zagatka?i dZ_j6bakt@rbiam bar dZ_j6bakt@rbiam	gas@idZ_ji bakt@rbamza gaidZ_jibakt@rbam bardZ_j@bakt@rbam
kama1351	uge nada naga	ug@ nad@ nag@
kama1351	tuZoj@?i Si? Si? pulan moga?	tudZ_joju?j SiSi?pulan moga?
kama1351	dIg@t:@ on_ji? n_ji m6na mono?kos_jt@	d@g@ti onni daajm@namunu?kost@m
kama1351	a po?to?i nan@nd@ supsolu?pi?i	apo?tu?j@ nan@md@ subsol?pij@?
kama1351	kuwas kopto ugand@ oldZ_jat i?ko	kulaskoptugand@ oldZ_jatIkku
kama1351	m6n upt@biam pereul6kt@ Son@ga	m@nutubam piriud@kt@ So? Sornuga aga
kama1351	m6n dI?n@ embiem beSke?i kajak mIbiem aktS_ja mIbiem	m@nd@?nI embim b@Sk@?i kajak m@bem akdZ_jam@bem
kama1351	dIg@t:@ surno kambi i berZ@	d@gItt@ sornol kambi ibeerZ@
kama1351	a dI kopto nu?m@lu?pi tnan b6?sit:@	adi kopt@nmulu?pitnan @sit@kodZ_ju
kama1351	dIg@t:@ m6n tenobiam	git@ m@nt@nobem moz@t:
kama1351	dIg@t:@ muktu? ibiem	d@g@t@? muktuibem
kama1351	o?luge? m6na	o?gulg@?m@na
kama1351	Sindid@ don i?pola?p@	SInd@ dadoni?pola?p@
kama1351	tI amnobi urgo takS@n@	damnubi urgotakSuno
kama1351	nuzaN amnobi?i	nuzaNamnobi?ji?
kama1351	m6n m6nd@m ej bItl@m	m@n m@ndameb@tlem
kama1351	a m6n kuda urgo kuba?i abiam	am@n kuda?orgo kuba?ji gabiam
kama1351	t6n jaman@ su?mil@l	t@nge aman milel
kama1351	m6n uikil@ amno?la?p@?j@	m@n bit:il am@nola?p@?ju
kama1351	aji kambiam	aji kambam
kama1351	amorzit:@ da tu?sit:@	amorzIt@ da tu?Sit@
kama1351	dIg@t:@ dZ_jijen kuzan@ surard@	d@g@t@dZ_jijen kuzan@ surad@
kama1351	bu m_jaNna?p@	bumi alun@kp@
kama1351	m6na kazan turan@ nada kanzit:@ m6n tSaj i?pola?p@ bankan	m@na kazan turan@n ad@ kanzit@ m@nb@dZ_jaj?pol@?p@bankan
kama1351	dIg@t:@ Son@ga koN kuza	d@git@ ?Son@ga koN kuza
kama1351	tnan Son@biam Son@biam appi ej sa?m@lu?piam	tnan Son ubam Son ulbam appiej sa?mulu?kim
kama1351	m6n ige tuZoj?i ine?i	im@n@g@ tuso?iji in@??i
kama1351	a iam ej n_jilgoliem	ajam enilgolem
kama1351	ma:?nd@ Sobiam dI inem kolerbiem	ma?nd@ Sobam dinIm kuleirbem
kama1351	bar mbi tuj ige ugand@ jakSe amnola?p@?j@	bar@mbi tujigI uganda jakS@ amnol?p@k@j
kama1351	eju mobi	eju mobi
kama1351	pi?met bar n_je?tolu?pi	pi?med barsaje? ni?tol?pi
kama1351	kol_ja dun_jatsi	kole du?n_jatSi?
kama1351	on_ji? ine mIbiem tIbin kagat:@	oinI m@bem d@bIn kagat@
kama1351	m6n dIzeNzi amorzit:@ mmbi?i boSt@ m6n i?ko amniam	larnaSto m@nd@zaNzi amorIzit@nistala t@m@mbiib@Sto m@n i?koamnam
kama1351	sara? m6na	sar@? m@na
kama1351	dIg@t:@ m6n dIm bar@?lu?piam	d@g@t@ m@ndIm bar@?lupem
kama1351	dIg@t:@ il ild@ Sobi	d@g@tI Soil ild@ Sobi
kama1351	no it Side	nu it S@d@
kama1351	ert@ opt@biam da Su nend@biem	erte @ptubam d@ SunendIbem
kama1351	dIg@t:@ Sobi dIn Side kopto i buz_je amnola?p@	d@g@t@ Sobi dz@?dIn SId@ koptoj buzam nola?poz
kama1351	dIg@t:@ nudZ_jin tuZoj Sobi	d@g@t@n udZ_jin tuZoj Sobi
kama1351	tuZoj surd@s_jt@ togonorzit:@	tuzoj surdustu togunur@z it@
kama1351	dIzeNg@n@ es:eNd@ ej ibi?i	dIzeNg@n@ es@Nd@ ejibi?ji
kama1351	dI bar kunold@ sima kunold@ sima simat kunol:u?pi	dIbar konold@ simakonold@ simak simat kunolu?pi
kama1351	i ererbi holst@ abi	jererbi kolsta abi
kama1351	dIg@t:@ dI pi penz@ kambi noran@	d@g@t@ t@pi?penz@ kambi noran@
kama1351	b6t:@ tuZojd@	l@tt@ tudZ_jojdu
kama1351	dI mi? uju?i ej tImniem Sindin girgit	d@m@?ni?uju?ji ejt@mnem S@ndim girgi
kama1351	bar@?lu?pi tuZojd@	bar@?lu?pituZojdu
kama1351	i i kunol:a?p@	ikunolla?p@
kama1351	i bud@j aS ku?piba?	ibuda aSku?pib@?
kama1351	dIg@t:@ dI kula:mbi	d@g@t@ dikulambi
kama1351	dIzeN ambi?i	b@z@ Nambi??i
kama1351	t6n mog@j@?	uskaj tan nogu?j@
kama1351	Side p_je ibi	tuaS@S@de peibi
kama1351	SIket ej dZ_j6bakt@ria ej jakSe dZ_j6bakt@ria kuzaNd@ ej	iSek@t edZ_jIbakt@rja ej jakSudZ_ji bakt@rja kuzaNd@ ejnilg@j@
kama1351	uZub@ Serbi kambi	uZub@ Serbi kambi
kama1351	simab@ b6z@bi	Simab@ b@z@bi
kama1351	dI dI?n@ kalia a dI dI a menzeN kotend@ dZ_jab@la?p@?j@	didi?n@ kal damanz@N k@t@nd@dZ_jab@la?p@?ju
kama1351	i dIn kulambi	idin kulambi
kama1351	gijen dI tura?i Sobiam kuraZan@	gijen d@tura?i Sobam kurazan@
kama1351	dIm bar@?lu?pi	d@m bar@lu?pi
kama1351	aji karlu?pi dI Sobi m6nd@rla	aj@ karu?pi?d@ Sobim m@nd@rla
kama1351	dIg@t:@ Sobi kuza	d@g@t@ Sobi kuza
kama1351	no surard@ bun@ kuzam	nosurard@ bunu kuzam
kama1351	de? aktS_ja b6d@s_jt@ nada dIm	de?akdZ_ja @d@St@nadad@NNNNN
kama1351	Side kaga amnola?pi amnola?p@bi	S@d@ kaga amnola?pi amnola?p@bi?
kama1351	kambi turan@ a dIzeN dIzi kambi?i turan@	kambi turan@ d@z@N dodZ_j@ d@zi kambi?i turan@
kama1351	kazaN Son@ga Son@ga	gazaN Sonuga Sonugan
kama1351	Si? ial Sobi	S@?ial Sobi
kama1351	dib@r Sobiem dIn Sa:biam	dI bIr Subem d@n S@abam
kama1351	m6n n_jit tS_jerm@nd@ mmbi ipek	m@n sistran nit Sirm@nd@ m@mbi ip@k
kama1351	dI dIg@t:@ dIzi kambi dIb@r pan@	dI d@g@t@?d@ i kambi d@jb@rpaan@
kama1351	t6n norbit m6n norbit	t@n norbit m@n norbi
kama1351	m6n tnan amnam	m@ntnanamnam
kama1351	a ular naga	aular nagr
kama1351	s_jimat naga bar	Simat nagabar
kama1351	dI surarbi kodur@n ine?i	d kutsorarbi kodurun nina??i?
kama1351	a tuj ej moliam togonorzit:@	atuj ej molam togun ur@zikt@
kama1351	a dI hawroSetSka lezeNd@ optobi?i	ad@ gab@roS@dZ_jkelezaNd@ optubi?i
kama1351	dI armijan@ kambi	d@ armijan@ kambi
kama1351	amnobi?i nuke da buz_je	amnobi?i nukI da bozedd
kama1351	dIg@t:@ m6n m6l:iam tura nuld@b@j dIg@t:@ puSaj kal@j	d@g@t@ m@nm@ldam abam@nog@j toran oldubuj d@g@t@p uSaj kal@j
kama1351	dIg@t:@ no? ozerl@j	d@gitIno? @zerli
kama1351	kunola? sima kunola? baSka baSka sima simazaNd@ kunol:u?pi	konola?sima konola??baSka sima siz mazaNd@ konolu?pi
kama1351	a dI bar muzuruksi da iat munorzit:@	badI bar muzuruksida jatkatel munorzitt@
kama1351	sIjd@ p_jatk@nd@ kal:adZ_jurbi	s@jd@ piat kand@ kaladZ_jurbi
kama1351	m6n dIg@t:@ nend@biem moltS_ja	m@nd@g@t@ nend@bem b@ldZ_ja m@ldZ_ja
kama1351	il mInlia?i ugand@ jakSe	il m@mla?iugan da jakSI
kama1351	m6n Sobiam Sobiam nula?p@	m@n Sobam Sobam nula?p@ maS@jna
kama1351	girgit de?sit:@ sIre ali kom@	girgit md@?sit@ s@r@ alikom@@
kama1351	Son@ga kubi bar koSideNg@n s_jf_jetog@?i	Sonoga kubi bar koS@ d@Ng@n bitogu?i
kama1351	dIg@t:@ bazo? kambiam	d@g@tI bazukamba
kama1351	dIg@t:@ dI bItle?p@ bItle?p@ da kInzle?p@ bItle?p@ da kInzle?p@	d@g@d@jb@?b@tl@? p@b@tl@?podakInzl@?pob@tl@?odakInzl@?p@
kama1351	a dI dI dI?n@ naga Sind@ b6d@s_jt@	addI?n@j nagaS@nd@j b@d@st@
kama1351	dIg@t:@? bazo eju molambi	d@g@t@ bazu ieju m@lambi
kama1351	a dI toZe m6na kabarZ@bi	ad@ toZam@na kabar@z@bi
kama1351	kambi kambi kubi zajts@m	kambi kambi kubizajtsam
kama1351	dIg@t:@ dI ej ambi uja	d@g@t@d@ ejembi uja
kama1351	dom k6mnit	dom k@mnit
kama1351	m6n m6nd@m Sa?lambiam	m@n mundam Sa?lambam
kama1351	teinen suppota n6da moltS_ja nend@s_jt@ bu tazirzit:@	tejnen subotanada mulSan@ indiSt@ botazerzitt@
kama1351	i kudajd@ numanu uz@s_jt@	idalaj kudajd@ numanu uz@st@
kama1351	a dI bar@?lu?pi dI?n@	ad@j barulpi d@?nI
kama1351	da So? dober m6n m6nd@rlim tnan	da So?dob@r m@n m@nd@rlimtnam
kama1351	kana? te?me i? 6g6rot:@ kana? i dIn ed@?le?l@l	g@t@ kana?t@?m@?i? i agarodtukana? idIne edu?l@
kama1351	t6n m6na m_jeglu?piel	t@n m@na mieg@lu?pel
kama1351	m6n dIzem bar ozerbiem	m@nd@zem baroz@ erbem
kama1351	tibizeN ja?pi?i baltuzi a m6n kuba?i dI?n@ abiam	t@b@z@N ja?pii baltuzi aman kuba?id@?n@ abiam
kama1351	m6na ambi?i urga:ba?i menzeN	Stub@ m@na ambi? urgaba?i menzeN
kama1351	dIg@t:@ amnobi amnobi m6nd@ m6n kalam aban@	d@g@tamnobi amnobi m@nd@ m@n kala maban@
kama1351	dI kambi s_jestrat:@	d@kambi Sistrat@
kama1351	a zaj@s nere?lu?pi	azaesnerelu?pi
kama1351	bar il il@m ajirbi?i	baril@m ajirbi?ii
kama1351	kuliat bar Su i?pola?p@	kuladbar Sujp@l@p@
kama1351	amnobi?i buz_je nuketsi	amnob?i blodZ_jenuk@tsi
kama1351	dIg@t:@ kambi es:eNd@	eg@t@ pambi S@Nd@
kama1351	dIzeN kambi?i kambi?i bun@	d@zeN kambi?i kambi?i b@?u?bun
kama1351	dIg@t:@ dI penz@ de?pi di?n@ on_ji? aktS_ji	d@gt@ d@j penz@ de?pid@?n@ oni?aktSi
kama1351	nuke ej kambi	nukeej kambi
kama1351	dZ_j6bakt@rla?p@ba? i kaknarla?p@ba?	dZ_jebakt@rla? pob@? ikak naarla? pob@?
kama1351	kujnekt@ So?piem	kujnekt@jS@?pem
kama1351	no dI m6nd@ norb@lam	nod@mda norb@la
kama1351	no dIg@t:@ stold@ opt@bi dIg@t:@ Sobi dI kuza	no d@g@t@ stoldoptobi d@g@t@ Sobi d@kuza
kama1351	dIzeN mi? bosp@ s_jarla?p@?j@ ba:pka?izi?	d@z@N mi?b@spu? Sarl@?p@?ju bapkarize
kama1351	dIm Sobi nagur lId nudZ_ji dI bazo? i?p@bi kunolzit:@	d@m Sobi nag@rg@nudZ_jijd@a bazui?k@bi kunuzd@
kama1351	i eneid@ne Sobi	iinednoSobi
kama1351	i bost@ turan@ Sobiam	i borstu turan@ Solbam
komn1238	mane janra tS{ts@rm@nts	maj{ndatS{ts@rm@ndz
komn1238	waT j@rndZyrw{T	wap\j@rndzur@p\aD
komn1238	nemba Damb@r nima s@p\r{r@m naNgaj?@ndmben	nembaramb@rimbaswandZ{r@m n@Ngaj@nt@mber
komn1238	nap\ p\omba p\op\ sakarisa k_wan	snambap\sagarisap\an
komn1238	nd2kar{ p\op\	ndokar{p\o
komn1238	sap\@rndza p\ortu mb{ j@ mb@j@ tsane	sap\@rndza p\@rtumb{j@mb@j@ts{ne
komn1238	wati mb{ mijaDa ?mndzo nima k{kor nima mbone ?emoT	watimb{mj{Damdz@nm@k{k@rim@mboneem@r
komn1238	kar j@p\ p\{ ts@ ?er{	k_wargep\{dz@r{
komn1238	kamboT n{ p\op\ j@ ts@mb{rD@ j@rp\@rs@ j@	kambor@ n{p\uj@ts@mb{rD@ j@p\@rs{j@
komn1238	wanijak t@tp\2 kr{nr@s2p\D@ m{mbri t@tp\2	p\anjake t@tp\@kr{n@rdzord@ m{mbrit@tp\@
komn1238	nima s@p\ijak@m p\ir:ap\o	imasp\jak@mp\irrap\
komn1238	nap\ane Nare	nap\one Nare
komn1238	tS2p\{Dak roku	tS@p\{dzak rakurr
komn1238	wati Ng_wonjame k_wosi ?aneme k_watS{ndz@r@m	watsNg@n jakusijanemekwats@ndzr@m
komn1238	mb{?i?ane mitap\o mbe sambrim ndzun p\ep\e k_waNgaDip\	mb{jene mitap\ambetsambrimndzun p\ep\ekaNg@Di
komn1238	tSyr@mp p\{ ?ekoNg@r DarDaren	tsir@mp\e{jekoNg@rDarDaren
komn1238	jakako nima n@ sr{tSiNg@r kambe ts@ tS{msa	jakakonimanasr{dziNa kambets@ts{msa
komn1238	watik sap\ak p\ur jaj?amNg_wa	mbati sap\akwor{p\j{jamgawo
komn1238	saNgaraneme jara	saNkaranmejara
komn1238	k_wosip\@r kam	k@sib@rkam
komn1238	r{ ?e ?ane watik ts@mb{r tSitSi	r{Newatits@mb@rtsitSi
komn1238	?aki k_waj?anen	tsk_wakik_wajanen
komn1238	p\ombow{ p\op\	p\onDeap\@p\
komn1238	waDen p\@D@ j@Dama tsark@D@m	wadzendz@ jidz@mw@tsar@kD@m
komn1238	wati k_wras kam kr{k_w@Dep\ nima	watikuraskamkr{akuDep\nima
komn1238	kar mb{ r{ mb@r{	k_war mb{r{mbre
komn1238	wati ni tsanmbrimake ts@mbo kap\ar karp\o	m@tinitsan mbrim{kets@mb kap\@rkarp\
komn1238	n@Nge p\aDasi ts@np\o	n@Ngep\aDasits@np\o
komn1238	kramaT wiT taj?o janr@kundz@r	karamaDwir tajan@rkund@r
komn1238	wati kr{tSir@ nima syp\i p\@rp\o	wadi kr{tSirani ma sup\ip\@rp\o
komn1238	kris@p\tSents j@p\	kris{p\tsendz jep\
komn1238	wati kop\{ p\@D@ mbriNgsir n@ kr{r	wake kop\{k@ mb@riNgasina k@r{r
komn1238	nambip\o tSeDar@p\	nambip\otseDarop\
komn1238	ndZenme t@rDa m@rm@ren	ndzenmet@rdzam@rmren
komn1238	watik Nank_wira ndzumundzme	watiruNga Nankirantsomonts@me
komn1238	Nap\jenwaT lineme D@p\koNgr@m	Nap\en w{dzol{jnmedz@p\koNg@r@m
komn1238	Ngastol@r p\{ k@ma k_warendz@r@m jam we sramar@ ts@ swanijak tsane	gastol@r p\{kmakwarendz@ramestip\@nane jamwesramara tsansp\anjaktSane
komn1238	saNgarama mane jara	saNg@r@mamajara
komn1238	p\{m@s Narer	p\{mdz@NareD
komn1238	p\@D@ kr{rt@m	p\@D@ kr{rt@m
komn1238	?aneme s@Ngu Durm{nw@r@me	?arme s@Ngudp\@rm{np\@r@me
komn1238	?ane sreDk{p\	anesreDk{p\
komn1238	nap\anme ments m{ tS{msa	nap\nmemendzm{tS{msa
komn1238	w@p\ikn@w@r@m ?e ndon@t run ?awaj nima w@kondz@r@m	p\ip\ik@no?{j dontsranawej na nimap\ikondz@rawa
komn1238	srep\ap\@T Ngarnda sr{tSin@T	srep\ap\@t Ngar ntansr{tSinb@p\p\
komn1238	tsrarDakundz@r tsr{mb@T	tsrarDakundz@tsr{mb@D
komn1238	wati n{mbi kap\ar kar Dwap\ijok_w@r@me	wati n{mbi kap\arkarDwap\jogur@me
komn1238	p\i mb{ mb@sp\r{r@m	p\imb{mb@s@p\r{r@m
komn1238	keke ndzone Nare r{	kekendzone Narere
komn1238	tsane p\ap\ ts@nen ts@p\ tSer{	tsanep\ap\dz@nendz@p\dz@re
komn1238	watik p\ents ?ane k_wa Nankark_w@r nap\	watip\ents@ne kaNankark_w@rna
komn1238	?ane p\op\ katan p\{T mb@r{ tsr@mb@	anep\ k@tan p\{k mb@r{ts@r@mb@
komn1238	wati ?anendzo p\op\ Ngandm2w{	w{tijanendzow Ngand@
komn1238	p\am w@kurnakake p\{	p\ammb@kurnakakep\{
komn1238	DarDaren p\{ komndzo k_wambryts@r@m@T ?oroman p\orak	r{rr{remD{nt@kwambrit@r@mdziwormap\or@k
komn1238	mb{ mb@Da tsan srap\ndz@r mb@Danme srap\ndz@r	mb{p\mb@Dats{nsrap\ndz@r mb@Dan mesrap\@dz@r
komn1238	p\indzo ts@p\jak@m tsane p\ijap\@r	p\indzots@p\jak@mtsane p\ujap\@r
komn1238	ruNga D@rma	ruNgaDarma
komn1238	mb{ mane ?{mndz@r	mbamane ?amdz@r
komn1238	m@nime n@ tsr{p\2p\e	m@nimen@tsr{p\op\@
komn1238	m{ro n@m j@ ?o	m{ron@mjew@
komn1238	nima ts@ns{ p\op\ tswap\ijok_w@r@m mb@n@ monw{ w{p\ijok@rn@T	Nimap\ts@ndZ{rtsp\ap\jokor@m mb@nam@n mep\{p\jok@rn@p\
komn1238	wari wari ts@ j@kondz@r@m	wari warits@gekom@mb@n
komn1238	k_wamr{ndz@r@m@T ndZ{ m@ndZen k_wamndz@r@m	p\wamb{ndz@rw@ndzam@ndZ@n p\amdz@
komn1238	?etp\@T k_wosi kr{mndZer	metotsksi kr{mndZ@
komn1238	ndZe ?ama tsakora	intsej?amatsakora
komn1238	watik n{ kaj?@	wati n{kaja
komn1238	ndokre tsaT:ama tsutSi tS{tSira	ndogretsaDamatsudZitS{tSira
komn1238	?eDama mane j@	?edzamam@j@
komn1238	n{ p\{ w@r{tsaT n{ p\{ w@r{tsaT nima j@k@rwaT	n{p\{p\ir{tsa n{p\p\ir{tsat nimaj@k@rwar
komn1238	w@men p\{ p\op\ tsup\nak_w@r@m	p\@men p\{p\tsop\n{k@r@m
komn1238	Nap\n@naT Nap\n@naT	Nap\onats Nap\onats
komn1238	wati tS{ j@r@ndikn@waT	p\aritS{j@r ntik@nwaD
komn1238	trikasi k_wa w@Dk{rw@ masuma	trek@sikap\@tsk{rp\a masuma
komn1238	we ?ane r{	wp\anistorijanere
komn1238	?a srak n@Nge katanw{	srakneNke k@tanwe
komn1238	sap\ak ments kambe ?ane mane swar{r@m	sap\@kmentskamben@ m@sw@r{r@m
komn1238	k_wim Nant j@p\kaD@ p\@j@	k_wem Nandjep\kaDap\j@
komn1238	watik jem kr{r naNk Nap\irakn@T k_wras@r	watejemkr{r naNg Nap\irakn@tkras@r
komn1238	tsanp\@r kambe	tsanp\@rkambe
komn1238	wati NaNgaDik_w@r@m	wati NaNgarikr@m
komn1238	tsane ts@p\ kar t2na r{ no t@rk@r kap\ar p\@D@ rera	p\{nedZokarton{r{n ot@rk@rkap\@rD@rera
komn1238	n{ Name mane rera sotama rera	n{Namem@rera sotamarera
komn1238	?ane D@ swemare sup\ndz@r@me	aD@sp\emari{nes@p\ndzarame
komn1238	watik p\i nap\atsp\@Denw{	watSwinawat@p\p\en@n
komn1238	ndzone p\ryma p\i tsane swanjak	ndzonegrimap\itsanedz@wandjak
komn1238	t@mat@m ?ane p\op\ r{ mber{	t@ma t@manep\rembr{
komn1238	ndZyrna Nare mbombo tswamndz@r@m	ntsur naNaremb@t@p\amndzr@m
komn1238	kr{rit@ mbomba watSi	kr{ri t@mb@mbawatSi
komn1238	n{mbi karp\ondzo Namosindzrake	n{mbik@rp\@ndz@ Namasindz@re
komn1238	nap\andmben ke	nap\ant@benke mistek
komn1238	j@Dama p\@D@ tsak_w@r	jiDam@p\D@tSak@r
komn1238	mb{ ?ane	mb{ne
komn1238	ni n@Ng@T k_wark@r petrus	ninaNg@rkwark@rbitros
komn1238	Ngarajta mbombap\a	Ngar{t@mb@mbap\a
komn1238	krenap\D@T wati nap\an p\op\ s@p\r{ sykaj?en mbra p\op\ tS{mb@T	kr@nap\@ watnap\onims@p\r{swekajen wat b@rap\utS{mb@
komn1238	p\op\ we tsaDk{p\e we p\op\	p\tsp\owetsaDk{p\ewep\op\
komn1238	mb{iNap\e ts@mba	mb{jNap\ets@mba
komn1238	map\ swatrik_w@r@m nomaj	map\swatrikar@m n@majp\
komn1238	p\{j@ ?ane kap\ar r{ keke ts@mbo kr{D@mp	p\{jenekop\orrkeket@mbok_wr{r@m
komn1238	nap\ane Nare manets@p\r{r@m	nap\ane Narem@ts@p\r{r@mmm
komn1238	mindZy tsrin p\@D@ tsrar{ nima p\@D@ tamba k_wan r{ tsane	mintS@tsrindats@r{rimak@ t@p\ak_wan@rj{sanir
komn1238	p\{m@s Narane p\amilj ?{njaka Ngarajtap\a	p\{ms Nar{ne p\{milijnjakaNgarajtap\a
komn1238	n{ mb{ne mber{ n{ ndry ndzram mb{ne mber{	n{mb{nembere n{n t@rwindz@ramer{mb{nembere
komn1238	kap\arndzo ?ejaka	sop\orndzejaka
komn1238	ndzone tsok_wasi p\{T p\ombo p\op\ tswajDik	tsots@wasip\{D@mbop\ts@p\aDiki
komn1238	?ane tsok_wasi k_wa natrik_w@ mbun	anetsk@swanatrik_wombon
komn1238	karma kambe mane janaDa moNgarkam:a	p\d{karmakambem@ne janap\a m@Ngarkam
komn1238	?mndzo ?ep\oDndzo w{nijak wati tS{ w{mndz@r p\op\	mndz@ jep\@Dndz@ p\{nj{kp\atitS{ p\{mts@rop\
komn1238	wawa k_wambts@nme wawa ts@ns{ wawa Duworn@me	wawa p\?amts@name wawats@ntS{ wawaDuw@r name
komn1238	wati n{mbi k_wot NawaNg@rwake p\op\	p\ati n{mbikatNawaNg@rwakep\@p\
komn1238	nap\ sap\ak p\ur mbomba tsran DumNg@Dk_w@r@m	nap\sap\akp\ur mb@mbats@ranndumaNg@Dk_w@r@m
komn1238	ts@D{rkundz@ t2nap\o	Nos@r{rkond@ t@nap\o
komn1238	kanaDren mbombap\a	k@naDarenmb@mbap\a
komn1238	ndaNgon ?anem@r k_wa Nap\r@mndz@r@T jam katan ra r{	ntaNgorajm@rkap\Nap\r@mtsr@ jamk@t@nrare
komn1238	kam ?a p\ents	kamap\endzi
komn1238	p\@D@ jakako	p\oD@jakako
komn1238	ts@mbo jaka m@nts mb{ mb@w@nw{Ng@r me?a?ane	ts@mbojakaNom@ntsmb{mbirw{Ng@rmej{ne
komn1238	tS{ ts@p\ Nap\n@naT	ts{tsp\@ Nap\nats
komn1238	nima sakoraT ra r{ nap\anNg@T r{ ?o mon	nimasak@r irarja nap\on@Ng@dzraNom@n
komn1238	?awsi p\op\ r{	?awsip\@r{
komn1238	p\i srak_w{ p\@Dts@ k_wot kratrik_w@r@T	israkap\@D@ts@k_w@tkrantritri
komn1238	nima p\ep\e k_wap\ijok_w@r@m ?awsip\ p\op\	nimap\@k_wap\jokuramawsip\op\
komn1238	ts@mbo ndzwamndz@r@m	ts@mbondzwamt@m
komn1238	nimame tsok_wasi trikasi tswajD@k watik p\op\ tS{mb@T	mam@p\ts@kasitrik{tsw{jd@gatiwts{mb@
komn1238	nap\ kambe DumNg@Dk_w@r@m	nap\kambeDumaNg@Do
komn1238	w@m mb{ mane kanaDren j@D@n	p\{mb{m@ knaDaren jiD@n
komn1238	mane ts@p\r{r@m	manetsp\r{r@N
komn1238	p\ombo nijaka p\ombo Naritak_wake p\{ n@ruNgra	p\ombon@ jaka mboNaritakakep\{n@ruNgra
komn1238	p\un:j we r{ p\omba	p\anistoriwer{p\mbap\
komn1238	ma?e ts@j@ Nap\e k_war@k	tisamajtSe nap\ap\ek_war@k
komn1238	watik kr{nm{t@r	tikr{nm{t@r
komn1238	?ane Ngamo nima D{wokp\a o s@tp\i	hamneNgamonmar{wak@p\aNaw@s@d@wi
komn1238	w@m mane s@p\r{r@m mbomba watSi nemba k_waritak_w@r@m	p\emmas@p\r{r@mbombawatSi nembakaritap\@ra
komn1238	katanane j@p\	k@tan@nejep\
komn1238	tsutSi Narts@r@m	tsutsi Narts@r@m
komn1238	D@ DrambD@T	dz@r{mbD@dz
komn1238	ndZ{ tsw{tp\a	ndzatsw{wp\a
komn1238	?etp\@Dmew{ kop\{r	ketrne kop\{r
komn1238	krap\are watik k@ma jistsa jistsa keke	krap\ar@ watk@maj@sts{ j@sts{keke
komn1238	kap\m@nt k_wot kap\m@nt keke ts@p\r{r@m	gap\mank@t gap\mandakijets@p\r{r@m
komn1238	keke mb{ kanaDren mane j@	teke mb{k@naD@renmaneje
komn1238	Ngarnda sr{nrip\D@	Ngarnd@ sr{nrip\D@
komn1238	k_wot kr{D@mp mbap\en j@p\2n p\op\	wetkr{lambap\@n j@p\@np\@
komn1238	ndZ{ tswejap\yraT n@Ngekar{	ndz{tsp\ej{p\iradzn@Ngekare
komn1238	ndzone mane ts@p\r{r@m tsutSir ts@p\jak@m	ndzon{mamanets@p\r{rmtsutsirts@p\j{k@m
komn1238	nd2 ts@j@ nd2 ts@ sak_wr@ ndZep\@	nd@ts@j nd@t@sakurandzep\@
komn1238	karp\o s@mbriNg_wroT	karp\os@mbriNgarott
komn1238	sukup\andzo ?ekn@w@	ts@kantsojakanwa
komn1238	ts@mba watSi	ts@mbawatsi
komn1238	wati ?ane k_wik k_wa r{ p\op\	watene kikwar{p\@p\p\p\
komn1238	mbr@mb@rndzo p\op\ n@ tS{Damba mbap\en	mb@rmborndzop\natS{Dambamb@p\@
komn1238	kambe t@nts j@p\ s@p\r{r@m kukup\ia	kambet t@nsjip\sp\r{r@m kukup\ja
komn1238	ra k_wa Danp\ijok_w@	rakaDan@p\joko
komn1238	ndZ{ nima k_war{r watik j@naNgundzake	ndzaD@r mak_w@r{p\@rwatijinaNgondzake
komn1238	?e mbombo p\op\ ruNga ts@np\o	emb@mbap\ruNgatsanp\o
komn1238	k_wot mbombow{ mb{ne tSep\ap\aT	k_wote momb@p\amb{netsep\ap\aD
komn1238	?ane ndZyrna Nare ?ane	p\anendzrna Narane
komn1238	ndao Nare p\i	ndaoNare p\i
komn1238	k_wa p\@D@ p\op\ j@p\aDw@r	kap\Dap\ j@p\{Dw@r
komn1238	s@koro k@p\{mb@T	ts@korokp\{mb@k
komn1238	jem mb{ tsanmaDa tsane tsw{naNgup\a	jemb{tsan maDatsanetswana Ngop\a
komn1238	n{ ndZyrna Nare tsok_wasi trikasi mb{ r{ro p\i ?ane	n{ndzur naNaretkosi trik{simber{rop\ij{ne
komn1238	ndzone n@Nge moses mbomba mane jamndz@r	ndzwajn@Ngemoses mb@p\am@jamndz@r
komn1238	mb{ne mber{ s@samb2m	mb{nember{s s@samb@m
komn1238	kam@p\ p\i ?ane k_wa j@tS{ndz@r mbombo nima tsa	k_wam@p\jene kaj@tsndz@rmb@mbonim@tsa
komn1238	t@tp\2p\o n{ t@tp\2p\o	t@tp\{p\ap\n{t@tp\{p\o
komn1238	ts@ we mbram2w{ ndz@NambriNg_w@r@T ?ane	tsamwembramendz@Nambrimp\oraDae
komn1238	tsran ?ane ?ep\ndza sap\ak p\ur	tsrananep\ndzasap\akwor
komn1238	nap\ane j@p\tsunmbr{kn@w@r@m	nap\ne jep\tsunbr{k@nw@rm
komn1238	p\@D@ sr{mb@T kambe mb@Dan tsan sreDk{p\ watik p\{ mane k_wik ?er{ p\op\	b@Da sr{mb@ kambe mb@DatsansreD@k{p\a tip\{m@ne p\iker{p\@
komn1238	mbara k_warap\indz@r@m@T nymNgarma	barakp\arap\indzar@m@r n@mNgarma
komn1238	p\omba we	@mbawe
komn1238	sap\ak ments mane jara	sap\akmentsmajara
komn1238	sap\ak p\ur sratSiro	p\sap\akp\urs@ratsiro
komn1238	n@Nge ts@ sanp\ap\@	n@Ngets@sanp\ap\p\
komn1238	ndZ{ ke k_wa mbone m@ndZen k_wramndz@r	ndzakekambone m@ndz@rk_wramndz@r
komn1238	ts@ sunp\@ndz@ tsw{naNgup\ m@ramp mb{nep\o n@ tsarndz@msa	tsasunap\ndzatsweana Ngo mramb{nep\ontsarndz@mdza
komn1238	nap\a watikD@mendzo	nap\awatikn@m@ndz@
komn1238	?a@ n@NgD@ ?a@ we ndZ{ nane masen NatSip\a ts@ tS{rkup\a	k_wann@Ng@Dawajantsanane masen matSip\ats@tS{rakup\a
komn1238	nap\ keke	nap\keke
komn1238	keke ?awsip\ nap\a?enat Narep\	p\e awsip\nap\ajeNat@Nar@r
komn1238	komndzo m@ndZendzo ndzwamr@n@m	k@mndzomendz{ndzondz@p\am@rn@m
komn1238	nima katan mbone mon r{ katan p\{T	Nima katan mbonem@nrakatanp\{p\
komn1238	p\{ kramse sukup\a ?ekne ?{nane	p\{k@r@mse? s@kajek@ne {nane?
komn1238	ndZ{ w@D@p\ mb{ warp\o	ndzap\@D@ mb{warp\o
komn1238	ra ndaNgon D@ts@ Drar{ jase	rantaNkonD@ts@Drr{jase
komn1238	k@ma n@ si tS{tSira map\ n{ keke jakasi ndzun	k@manasits{tsira map\n{kejakasindzon
komn1238	wati ?ep\oT	wadi ep\@ro
komn1238	ts@ k@p\aNgarw@r mb@janor ?awe mb{ nenmijandz@ rouku kar tsrin@r	tsekw@Ng@rw@r mbjanorkawe mb{nen mijants@r@kukatsrin@r
komn1238	tsremar@T keke tS{ j@ mb{ j@ tSymp D@nden	tsremar gekets{j@ mb{joNo wtS@mbr@nden
komn1238	k_wrerap\ints p\i NasoNk krerap\ints	kurerap\indz p\iNasonkrerap\its
komn1238	k_wa ?{nrokon@T k_wot mbombom@r	k{nrokonotskt mb@mbom@r
komn1238	ts@rkuku p\{ w{mndz@r p\op\	ts@rkukup\{p\amts@rp\@p\
komn1238	p\ajkore mane janra ments	p\ajkorem@janda mendz
komn1238	p\i wawa ndao Nare ts@p\r{r@m	tsiwawandawNarets@p\r{r@m
komn1238	p\i p\@D@ sraj?ak ?e p\okam	p\iD@sra ?{kep\okam
komn1238	?op\e NareraT	op\i Narera
komn1238	mb2m{t p\@r nima mbomba watSi NambriNg_wro	mb@m{tp\@rnimambmbawatSi Namb@ri Ngoro
komn1238	typ\@r jam n{ p\@p\@ Dwap\ijok_w@r@m	tsup\@r jamn{p\@Dp\ap\jokr@mp\m
komn1238	monw{ k_wanap\@ nima	monwekanap\a nima
komn1238	mbe ndzun p\op\ k_waDuNg_w@r	mbendzunp\tp\ak@Ng@rm
komn1238	n{ karndzo	neakarndzo
komn1238	niw{ komndzo Narake mb{p\ijok_wre we	nip\ek@mdzatS Narakemb{p\jokurewe
komn1238	markaj D@ janijaka p\op\	markajDa j{nij{kap\@p\
komn1238	ndZ{ mane Natrik_w@	ndzem@ne Natriw@
komn1238	watik nd2 p\{ samara	p\ati nd@p\{samara
komn1238	nap\ane kap\ar ndao tswar{r@m	nap\re kap\@r ndawontsp\ar{r@p\
komn1238	nanijak satS{Di	nanjak satS{ri
komn1238	nap\ane naNgaj?@ tS{ ?er{	sap\@n@NgajtS{rep\
komn1238	wati p\{ p\op\	p\atip\{p\@p\
komn1238	p\ir:an mb{ j@koNg@r	mir{np\{jikog
komn1238	tsr{mb@T we n{ NatSip\o kres2mb{T	ts@r{mb@dz wen{Nan{NatSip\okres@mb{ts
komn1238	watik trikasi masu?anema nima ts@p\ r{ mb@r{	batrik@si maswone manimap\ts@p\r{mb@r{
komn1238	mb{nema kop\{ karo ?ane p\op\ jaj?amNg_wa p\op\	mb{nma kop\{karanep\j{jamNgap\@p\
komn1238	krara D@rma sanDora p\ap\en	k@raraD@rm@santorap\ap\en
komn1238	p\omba k_wa ?{nrokon@T	p\omb{k{ndokon@ts
komn1238	kar woNga mane ?er{ p\i mijaDa ?er{	karwoNgam@nere p\imijaDere
komn1238	p\ombo p\op\ kraj?aNgundz@r k@tSip\o	mbap\ krajank_wonts@r k@tsip\or
komn1238	nap\ keke ruNga?ane si ts@p\amar@m jemane ?o rusa?ane	nap\keruNkaNanesits@p\amar@m jemaneN@rusaN@ne
komn1238	Nanrap\indz@ kr{nrit@ ts@mba watSi	Nanrap\indz@Ne kr{nbets@ts@mbawatSi
komn1238	p\i mb{ne mbeD@n DwajDwaj ?ane p\op\ ?er{ro p\op\	p\imbanembeDandzwjd@janep\er{rop\op\
komn1238	nap\ane p\okam m@nts	nap\one p\okamen
komn1238	n{mbun:tso NanmbriNg_waT n{ mb{ p\@p\@ komndzo k_wa	n{mbundzoNan mbriNwas njmb{mndzoko
komn1238	ts@mbo j@r@ndikn@waT m@nts mbap\en	ts@mbo j@rntik@n war@m@ndz@mbap\en
komn1238	ni mbana nap\{ ndzwamndz@r@m	mmbanap\{nsp\amD@rra
komn1238	kar mb{ r{	kar@mb{r{r
komn1238	?ane tsw{nmesa katan ndrisndriskap\	anetsweamesa katan ntris ntriskap\
komn1238	wotsp\o ?ane p\op\ D@p\DorD@r@me	wats@p\arep\dzop\dzworDarame
komn1238	we n{ kaj?@ tSep\ara	p\en{kaj@tsep\ara
komn1238	sr{m@s mbant mb{nep\o	sr{m@s mbandb{nep\o
komn1238	nap\ ni ndzr{kor n@NgD@	nap\nints@p\{kor n@Ng@Da
komn1238	p\arem kar	p\aremg@r
komn1238	wati p\omba p\op\ n@ tS{mbrim@	wate p\@mbap\nats{nmbrima
komn1238	nap\ane m@nts j@rsi ?ane	nap\@ne mensij@rsij{ne
komn1238	nimandzo p\@p\@ s@p\r{ro	imants@p\e s@p\@r{ro
komn1238	k_wa j@p\r{ndzre p\ap\{ kr{mbrime mbombo m@ndzp\o	kwajep\@r{ndz@re p\ap\{kr{mbri membom@ndz@p\o
komn1238	keke Dup\ndz@r@m ?ane karma kambe nap\	keketswup\ndz@ramanekarmaw kambenap\
komn1238	tsok_wasi p\ep\emendzo k_wa Nanap\@rne	ts@kasip\ep\emendzok_waNanap\@rne
komn1238	karesa ts@p\@Tp\omba	kares@tSip\@dzp\amba
komn1238	jem kr{n@m mbep\@ rarndzo naNk k_warNg_w@r	jemkr{n mbmbep\arar ndzoe naNp\arNg@r
komn1238	saNgara sap\ak mendzma	saNkara sap\akmentsma
komn1238	?a kris	kris
komn1238	wati ?anema trikasi	watenmatrik@si
komn1238	k_wot ?ap\a mbomba janra	p\@te ap\ombajanra
komn1238	?a ?emoT p\op\ r{	Na ?em@D@p\ap\r{
komn1238	nap\ane p\ajkore p\{ p\op\ DumNg@Dk_w@r@m	nap\one p\ajkorep\{p\tsommaNg@tsk_war@m
komn1238	kar j@p\ r{	karijep\re
komn1238	w@p\aDw@r ?ane p\op\	p\aDwaranep\@
komn1238	nima tsr{mDer@T	omatr{mrer@t
komn1238	tsane ts@p\ w@kondz@r@T tsane ndZ2j{rane Ng_w@T	ts{tSp\ikonts@ts@ndzoj?{r@ne Ng@t
komn1238	sr{s@T ts@ sap\ap\ ts@j@	sr{s@p\ts@sap\ap\tsij@
komn1238	p\@D@ Ng@nijako	p\op\ekmben ndZako
komn1238	mbombo Nar@srokurokup\o	mbmbo Nars rp\urukop\o
komn1238	kambe wokuD@ tS{kora nima kambe	kambewukuDatS{koran makambem
komn1238	p\i mb{ k_wamb@tsn@w@r@m ki?unNgan	p\imbakwamtsenp\ramki?oNgan
komn1238	rip\Daksi waT	rip\DakasiwaD
komn1238	komndzo mb{nem@r ?ep\oT mb{nemr@ndzo w@r{r p\op\	mdz@mb{nem@r ep\@t mb{nem@rndz@p\ir{rop\
komn1238	ndZ{ monme mijaDa wor{	ndzamonmemijaraw@r{
komn1238	k@ma n@ samaraT	k@man{ samar{r
komn1238	tS{mbi jamit non j@	tsambi jamitnonj@
komn1238	wati k_wras tsreDp\{r	p\atikrastreDp\{r
komn1238	p\i p\ry karen tS{tra kambem{r matak	tSidzurukarentS{rt@rari kamsenmar motak
komn1238	ts@ tswemar@T	t@tswe mar@Naaap\aaa
komn1238	ndaor tsup\arw@r@m@T tsane mb@r{	ndaw@rtsup\arworam@dz@ne mb@r{
komn1238	?ane m@r@n p\{mndz@r	ane m@r@n p\{mdz@r
komn1238	p\{ Naritak_w@r nima	p\a Nari takornma
komn1238	kar nima r{	katni mare
komn1238	tsok_wasi w@tS{ndz@r	ts@p\asip\@tsandzatdareD
komn1238	j@p\ k_wa we w@ritak_w@r@T kar j@p\ n{ k_wa w{riD@r@T p\op\	jep\kawep\ri t{kr@D karjep\n{kap\{riDr@Dw@p\
komn1238	ndzone s@srak p\{Dan@m	ndzones@sr{kp\adzan@m
komn1238	mbombo mane mb{ne j@koNg@r	mbombomanemb{nejekoNg@r
komn1238	p\indaT p\@r t@tp\2	p\intatsp\@ t@tp\@
komn1238	tS{ j@	tSr{j@
komn1238	ts@ n@ndZ{ nar{	tsarp\anare
komn1238	k@ris@p\ nap\andZ{De	kris@p\ nap\a?tS{De
komn1238	?embar p\ep\en ruNga t@k_windzo kr{r	embarp\@p\{n ruNga t@kindzokr{n
komn1238	keke k_wot ndZ{ mijaDa wor{ ?ane kar j@p\ r{ mombo ?ejaka	k_wjokondz@ mj{rwane karj@p\ure mumbejaka
komn1238	nap\aName r{ tsa ne nap\ane n@Nge	nap\Namer{senap\ene nNge
komn1238	nap\ane m@ndZen	nap\nem@ndzen
komn1238	nop\o saDp\{r	np\op\osaD@p\{r
komn1238	ts@mbo warp\o	ts@mbo warp\o
komn1238	nima ?ane sremare	niman@ s@remare
komn1238	wati tS{ sap\ap\a ts@j@	p\atSasalop\atsi
komn1238	wati tSenp\arake	watitSenp\arake
komn1238	n{ trikasi we ndzaDk{p\@	Nokej n{trikasiwantsark{p\@n
komn1238	ni masu kar ts@p\ n@r{ ts@p\	ni masokarts@p\n@r{ts@
komn1238	ts@p\ wijak@m	ndz@p\@jak@m
komn1238	ndZenme mane jara tsop\ok	ndzerme majaratsop\@k
komn1238	watik ndaNgon DreDk{p\@ mbiskar	p\ati ndaNgonndreDk{p\a biskar
komn1238	mitSindmbo ?ejaka mbone n@Nge mane s@koro n@Nge s@p\r{ tSena non j@	mitSend@mboejakambonen@Ngem@sk_woron@ Nges@r{tSena noNge
komn1238	nd2 we	nd@p\e
komn1238	nima w@war@k	nimawowar@k
komn1238	okaj mb{nema mane jara	okej mb{remamaj@ra
komn1238	ts@tsarp\ame mb{nema NgaDa mijos@ r{	ts@tsarp\ame mb{ma NgaDannijos@re
komn1238	nima nijak Nars@p\o	simanjak Nardzp\oo
komn1238	w{mne j@p\arwa p\ij@ jaka jap\ijok_w@r	p\am@nej@p\arwap\jejakajap\jokwa
komn1238	rar karo tsane ?er{	ra?akarotsaner{
komn1238	n{ kaj?@	n{kaja
komn1238	p\i p\ijap\@r p\@D@ ts@p\jak@m tsane ?awsi ts@p\	p\ip\r@ jap\@rD@ts@p\jak@m nap\jnatsan{wsits@p\
komn1238	ni tS{ komndzo	nitS{mndzo
komn1238	nima ts@ns{ tswap\ijok_w@r@m	nimats@ndz{p\tswap\jok_wora mari
komn1238	p\omba ?ane p\op\ ?enr@NgeNg_w@r	p\@mbanep\end@rNgeNg@r
komn1238	watik trikasi ts@mbo ts@p\ tswajD@k	wati trikasitSmb@dz@tsw{jD@k
komn1238	mitSi j@p\ s@p\r{r@m mea t@nts p\{T s@p\r{r@m ndZenme mitSi	mitsijp\swr{r@mnej@t@ndz@p\{sp\@r{r@mndZ@rmen mitSi
komn1238	wati D{nmbrim m@ndzp\o	batiDD{n@mbri m{nts@p\on
komn1238	jat@r w@r{ra	j{t@rp\@r{r{
komn1238	ndaNgon ts@np\o k_wa Naritak_wre ndaNgon k_wa ?{naDre	ndaNgonts@np\okoNaritak@re ntaNonka?enadz@re
komn1238	naNgaj?@maneme D@jD@j D@p\@rn@m p\ombo samNga	n@Ngajmanime DajDe iD@p\ra nambop\samNgap\
komn1238	mb{?i?ane mbundZ{De mb{?i?ane n@Nge	mbajene mbundzaDe mbajene n@gee
komn1238	masu kar ni ts@p\ n@r{	masokar nits@p\n@re
komn1238	ndzone Nap\e mb{i	ndzone Nap\e mb{j
komn1238	NgaDa kar p\@D@ Dumarw@r@m	NgaDk@rD@ Dumarw@r@Ng
komn1238	?endaw{ Ngastor t2nap\o	ent{p\{ gaston t@nap\o
komn1238	kanaDren m@nts ?erwaT	konaD@ren m@ndzerwaD
komn1238	kamben ra p\rasi jariD@	kamben@ rap\rasej{rip\@
komn1238	kr{m{trak_w@r@T wati	korama trak_wor@rwatsr
komn1238	k@ris@p\ jaDuNg_w@r keke k_wa srep\ap\ jakme	kris@p\jaDoNg@r kekwa srep\ap\ijakme
komn1238	w@T p\ombo p\op\ D{mira	NeD@mbop\Damir{
komn1238	wati nanjak kanaD@r tS{ritake mbomba	p\ati najengak k@naD@rts{ri takemb@mba
komn1238	Nap\e ni n@r{ mon	Nap\e nin@re m@n
komn1238	karesa ts@p\@T	kares@tS@p\@D
komn1238	p\omba Nak_wira Nak_wira nimandzo ?ane p\@p\@ jem	p\omba Nakira Nak_wira ni mandzone p\{jem
komn1238	nap\ane Nare	nap\@ne Nare
komn1238	ts@mbo ts@p\	ts@mbotse
komn1238	mbandambanda j@p\	p\and@p\an{j@p\k{Dp\ur{r@p\@n
komn1238	masun ts@mbo kap\ar ruNga j@p\ndza	masunts@mbokap\aruNgajep\ndza
komn1238	wati ndZ{ nima p\ep\e tS{nmbrima	watindzanimap\atS{n mbrima
komn1238	markaj nambi	warkainambi
komn1238	n{ kris p\i j@ nap\andZ{De	n{krisbj@ nap\@nts{De
komn1238	kukup\ia manes@p\r{r@m	kokup\ijames@p\r{r@m
komn1238	Ngaso we D@p\aDuNg@rn@m	Ngap\soDp\ap\@Ng@n@m
komn1238	Nar@s p\{ r{	Nar@s@p\{rj{
komn1238	nd2 p\@j@	nd@p\ija
komn1238	jat@r kr{rNg@	j{t@rkr{rNg@
komn1238	Ngarnda m@rm@r	Ngarntam@rm@r
komn1238	n{ karp\o	n{karp\o
komn1238	kambe p\@D@ k_warp\akundz@r@m@T p\@D@ D@p\ijak@m	kambenakwarp\akunr@m@Dp\r@D@p\jakawn
komn1238	p\@D@ Nak_wir@m NaD{rkundz@r@m	l@Nakir@w NaD{rkondzrawnimaw
komn1238	p\@D@ k_wot n{mbima p\op\	p\odzakotn{mbimap\op\
komn1238	n{mbindzo sr{nDor	ne{mp\indzosr{nndor
komn1238	ndaNgon k_wa ?enmosindzre n{mbi karp\ondzo	ndaNkonkoenmosindz@re n{mbik@rp\ondzo
komn1238	tS{ p\ortu ts@p\ar{r@m k_waj?anD@ mbana	ts{p\@rtwots@p\ar{r@mp\ajanDamba
komn1238	market@r ts@p\jak@m	maket@rts@p\j{k@m
komn1238	k_wop\ijak k_wop\ijak k_wop\ijak	kop\jakop\ijakop\jake
komn1238	tsane tSima ts@p\ tS{ kam tS{NgarndzaT	ntsanetsimats@p\tsekamtSaNg@rndzar@r
komn1238	wijak m{mbri p\{ k_wr{tSik	wujakemambri p\{kr{tSi
komn1238	sysymb{Den k_wa jak	s@s@mb{Denk_wajaka
komn1238	ndZ{ w@wtri k_war{r@m	ndzap\ep\@trikp\ar{r@m
komn1238	?aki nima ts@ tS{kora	martSinmadz@tS{kora
komn1238	?aki k_waj?an tsutSi	k_wagik_w{ntsutSi
komn1238	ts@ tS{mbDa	tsatS{mb@Da
komn1238	N{wi n@Nge ts@ mbambaj n@Nge ts@ saDp\{r	Nawin@Nget@ babajn@Nget@ sar@p\{r
komn1238	wati p\omba tS{nmbrim@	watiwombatse ?anbima
komn1238	jem keke	jemkeke
komn1238	mb@Dan kambej@	mbep\an k{mbe
komn1238	tS{ts@rm@nts mb{ r{	tS{ts@rm@ntsmb{re
komn1238	masen p\op\	masenp\o
komn1238	mare komndzo mbiD@n mb{	marek@mdz@mbiD@nmb{
komn1238	mane ?ejaka	majejaka
komn1238	mb{rmb{r mane k_w{NgaDints	mb{rmb@rm@ k@p\{Ngarints
komn1238	w{mne tsr{p\op\@T	p\{m@netsr{p\op\@r
komn1238	?a m@ramp	?amaramb@
komn1238	kar t2na r{ mb{ mb@r{	kartona r{mb{mbre
komn1238	wati w@m p\{ s@p\r{r@m	wati p\@mp\{s@p\r{r@m
komn1238	mane nima Nak_wir	mareni maNag@r
komn1238	katan nima ts@mbo ts@p\ tswajD@k p\op\	k@tan nimap\tsmbaotsw{jD@kp\@p\
komn1238	kar j@p\ tsane ts@p\ r{ masu	k_warjep\tsanendz@p\r{ madzu
komn1238	w{ksi n{ kambe nama ts@ k_wosi s@p\r{	w{k@s n{kambe namotsakosis@p\re
komn1238	p\aT w{p\ijok_waT nemba watSi nemba watSi	p\arp\{p\jokar nembawotSenembawotSe
komn1238	Ngastol@ ?ane ?ew{Dw@ p\er{ ndrint ?ep\kaDa	Nkastola nep\{dp\@p\@r{ntrintep\kal@
komn1238	nam{ turama	Nameetsoram
komn1238	nap\anem{w{ m@ndzp\o	nawanm{mm@nts@p\o
komn1238	n{ ?endaw{ n{ ?endaw{ n{ ?endaw{	n{j@nt@w@ n{jent@we n{jent@p\e
komn1238	nima ?er{ Nars@p\o	mawer{ Narsp\o
komn1238	wati Dumtrikn@w@r@me Damb@rme	mbatsets@mntrik@nwarme Damb@rme
komn1238	ndZ{De k_war@k maru?a p\indzo sap\ap\aT ts@mba	ntS{rekarkmarwap\indzap\sap\ap\arts@mba
komn1238	?ane p\op\ tSep\ap\a	k_wanep\tsep\ap\ar
komn1238	ndZ{ wamndz@r netS{ mbomba keke ndzone p\{m@s Nare r{	ts{w{mndz@rnj@ts@mb@mbakikendzonep\{msNarere
komn1238	wijak kr{rs2p\Do	wj{kikr{rs@p\@Dor
komn1238	k_wot nam{me D@p\anak_w@r@m	k@tnamemetsp\anakr@
komn1238	nd2 ?ane ndZep\@ mb{ne sreDk{p\@ mbi	ntw{n@ndZep\@mb{nesretsk{p\ambij@
komn1238	t@tp\2ndzo w{mbraNg_wa mbombom@r ?e kar k_war@k	t@tp\@ndzop\amb@raNwambom@re e karkar@k
komn1238	kowi p\op\ war{	kowip\war{
komn1238	?ap\a tsane NgaDaNgaDa ?embar sep\r{r@m	ap\ots@ne NgaDaNgaD@jembars@p\r{r@m
komn1238	keke k_wa kar j@p\ n{	keka karjip\n{
komn1238	n@Nge p\op\ r{ warte	n@Ngep\@r{warte
komn1238	j@p\ p\op\ jara mbu?ak	jep\{jp\ejara mbowak
komn1238	p\r@kD@ mb{ne ndzap\ar ?er{	p\@rk@r@mb{jntsap\arerer
komn1238	n{mbi ts@mb{r	n{mbits@mb@r
komn1238	mbomba sanDora	mb@mbasantora
komn1238	kap\ar no k_w{ryT mbombom@r	kap\ar rok@p\{rip\ mbomom@rs@marw@rameNe
komn1238	komndzo tSena mbombo r{ ?ane kar we n{ p\op\ r{ trikasi kar p\op\	p\onotSenamb@mbore{ne karwene?ap\op\rene trik@sikarp\o
komn1238	ndZ{ moDendzo	ndzam@Denndzo
komn1238	j@p\ sambr{k@n	ndZ@p\sambr{k@n
komn1238	tsane D@rma Nank_wira	tsaneD@rma Nank_wira
komn1238	watik wijak ndZ{ D@nd2sndzo ?enwakundz@ p\er{ ?enp\@kaD@	watiw@jakndzarD@nt@sndza enwakwndzap\er@ en@p\karD@
komn1238	mb{ne mb@w{r{ nembama ?ane w{r{ p\op\ w@msima p\@D@ r{	mb{remb{r{ nembamane p\{r{ p\@msimadz@r{
komn1238	ra keke mbasi?ome s@p\yse wawandzo	ratsibasop\itsep\isp\awsts@
komn1238	kajDamane karo r{	kajD@mane karore
komn1238	rouku kar p\arem kambnatsroT	rokukarap\aremkamb@n{tsoroD
komn1238	ndZenme m@saksi p\{ p\@D@ ndzwamndz@r@m	ndZ@nm{ m@sak@sip\{ @ndzw{mndz@r@m
komn1238	wati p\omba we p\op\	p\atip\mbawep\s
komn1238	watik tS2mbD@ p\ep\e	waditS@mbr@p\ep\e
komn1238	tambetap\o ?erap\iNg_wa	tabetap\erap\iNga
komn1238	ts@mbo ts@p\ k_wa NartsaD@r@T	ts@mbatsoka Nartsal@r@
komn1238	p\@D@ krant@p\@T	p\@dzakrant@p\@ts
komn1238	tsaNg@r sime k_wamarw@r@me	tsang@rsimekamarwr@m
komn1238	p\{ NonaD@r	s{ Non{dz@r
komn1238	Dwamndz@r@m tsane kap\ar mbanden D@ts@ kambe ?enrera	nD@p\amt@r@mts@ne kap\@r mbandend@stkambenner@
komn1238	miT tsane mane rera j@p\@r j@p\@r j@p\@r Nakondza Ng_warNg_warma	mip\ts{mar@r{jep\@r jep\@r jep\@r Nakonta Np\arNgarma
komn1238	tS2mbD@ p\ep\e	tS@nD{p\ir
komn1238	kambe kam	kambe kamb
komn1238	mbomba m@nts nap\anme ts@p\r{r@m m{ Dwamr@n@m	m@p\amm@ntsnap\on metp\r{ra m{k@p\aam@rno
komn1238	kop\{ rusima	kop\{rusima
komn1238	k_waj?anD@ n@Nge jara	k{jndan@ Ngijara
komn1238	k_wras kr{r	kuraskr{r
komn1238	kar j@p\ n{ katan kar ts@mba r{	karjep\mn{k@tankarts@mbar{
komn1238	ra p\@Dts@ srar{ j@m@nt	raDats@srap\e jemm@nt
komn1238	?emoT p\{D{ ?{mndz@r	em@lwelajamnD@rk
komn1238	masun maj?awanme	masommajwanm{
komn1238	keke m@ndZen ndzwamndz@r@m	keke m@ndzendz@p\amdz@r@m
komn1238	?oroman majti nap\aNare	p\onomajki nap\aNare
komn1238	nap\a?enat ?oroman ?awsi p\i mb{ p\op\ Narsen	nap\ajin{torm@n aw@sip\imb{p\Nars@n
komn1238	ndaNgon r@D@ DrarakD@k_w@r@T Dr{mbD@T	ndaNkonDdzrar@k@tskor@dzr{mb@D@s
komn1238	nimame tsreDk{p\@ tsane ?etSi m@rm@ren	nimametSreDk{p\atsanetSim@rmren
komn1238	p\ajkore DumNg@Dk_w@r@m nap\	p\ajkore DumaNk@tkor@mnap\
komn1238	k_wosip\@r kambe?ane t@m{p\ p\op\ ?etS{ndz@r	p\@sip\@rkambene t@m{p\endz@ndz@n
komn1238	moses@p\ p\omba ?ap\a ts@ ruNga ninp\@rD@r tsane	mosomba ap\ats@roNganinp\@rD@rtsane
komn1238	Namj@ we nim{w{ k_wa ?{nm@ndzok@rn@T	Namjawenim{kajanmndzok@n@ts
komn1238	wati ndzun nima kamboT k@ma tsamaT	watindzonima kamboDkmbatsamaD
komn1238	ts@mbo ts@p\ saDora roukup\o	ts@moD saDora rakup\o
komn1238	p\i p\op\ ?er{ ?eDaw{	p\ip\@p\er ?edz{p\@
komn1238	tS{ ?ekondzako nima p\@D@ srep\ap\@ nambi nima p\@D@ w@nD{kn@w@ nima p\@D@ p\op\	ts{jekondzakon madz@p\ srep\ap\o nambinmadz@ p\@nd{k@nonmadzow
komn1238	sap\ak ments ?e p\ajkore ments	sap\@kmendz p\ajkoremendz
komn1238	watik p\ombo m{	watip\u mbomea
ligh1234	iJa cul`pu im r\`an r\`aIt ap is maTaku4a im paInd is maTa na im kr\`aI fo im is maTa	ijaculpim wan Notap is macawat im cwandas bacana im g4abimmis muca
ligh1234	na can`t`u ku:kukucaku	na ucandu jiukcap
ligh1234	kur`uca4a Jampuca4a paciNil`kul`	kudwucata Jam bicata paciN in kul
ligh1234	go gedim im	ka ki4im im
ligh1234	im go li:bim watijaNa JanuNu dat paciNil`ikil`i is br\`aTa im li:bim wen i was pEIniN	im golipim watijaNa JanuN andat paciN iliS p4aca im lipim wanaspeniN
ligh1234	iJacuk waca am li:vim dat wi4ija waca	inwacukacam lipim dat widijawaca
ligh1234	im getim fo im evr\`iTiN dem mEIkim lil konset	imt kitim pum na eppiciN dem mekim dil kolsik
ligh1234	wi4a Su:tim tar\`ki waca jumob kwaIet	wita ta cudim dan kiwacima kajk
ligh1234	wel dat faTawaniN im cEINim taja	wulaa pakac waniN im cancim taja
ligh1234	cuNa dem go	cuNatam ku
ligh1234	dem Sutim kutuJajin`iN watijacuNa dem r\`aIt	dem sutum kutwim inim watjacaNatamt
ligh1234	wita watijaN waca watijacaNa im poldan im tr\`ipim watijaNu baIkcaNa	atwatiwatacaN wacim puldan im tipim watijaN pakcaNwa
ligh1234	dem go luk im na watijawat sitiN	dem kalukkim na watijamwak sitiN
ligh1234	waLaku4a im kr\`aI waLaNa	walcakataN im k4awallama
ligh1234	wan lil bOI im swiNswiNl`a	wan lil poaim swiN swiNla
ligh1234	im poldan	im pukdan
ligh1234	dem na	dem gidai a
ligh1234	ku:kuN im tEIkim can`t`u	guk uNim ta ikim candu
ligh1234	wel dis man im tok for\` im is waIf wajilk cinta kar\`i mankul` wen im tok	wal dis man im tupam is wapwalk cindakam mEIn gudwan im tuk
ligh1234	fensiN im wanim wil`ijalk na dat or\`s	afansiN im wan am walelt na datus
ligh1234	im dr\`inkim Napa	nim dr\`iNkim wapam
ligh1234	an im go bak is maTaku4a na is maTa was wo4i:N fo im	annim gobak is macakatan is macawas wa4imbim
ligh1234	cintakul`Nu: de getiN it u:cu	cin dakuluN cakkitiN it wicu
ligh1234	dem elpim iJacu asbin an waIf an saniN tu muv dat watija	dam alpim minaco aspitan wapan sanniN dimuptat wata
ligh1234	sanwaniN im dr\`aIvim iJa dat bluwan dat mankaN i was stil edEIk	san wan iNim d4ap minata bluwan dat man kaNN iwas tili dak
ligh1234	luk in im luk kankal` watijaNa kantak	lukun im luk kangal watjaNa kandak
ligh1234	wel im plEI can`t`ukul`u	wal im bla candukul
ligh1234	ju neba mEIkim nOIs wi4a Sutim waca ta4ki ju sidan JampuNa	iJap mekim nua gutacutuk maca tatkiwussitan jam la
ligh1234	opon watijaNa kankal`ilk na	kapan watijaNa kangalisna
ligh1234	Jampu kur`u im r\`aniN pulukku4a	imJampa kulduk ilm maniN kuluk ku4a
ligh1234	dem go dem casim dem Su:tim	dim kdem cacim dam cutum
ligh1234	bat snEIkiN im baItim wil`ija	bat snekiN im badam wilaN
ligh1234	buSwana im go	puSi wanim ka
ligh1234	is maTa was kr\`aIiN	isin matawas k4aiN
ligh1234	im blok dat ka:	im flokdat ka
ligh1234	dem tEIkim bak Nu4aku4a	dem teiN im bakwutawta
ligh1234	dis Tr\`i lil bOIs dem go wil`iJciku4a	disscr\`ilitul bos dem gawilincikuta
ligh1234	r\`edi to kukim	4ediitu kukim a
ligh1234	Nana motobaIkkul`uc bat walku i won faIndim	Nan am mutupakuluc bat wan gin wan fandim
ligh1234	dem go r\`aUn na dat tu u:sl`a	cem ka4ana cat tuusla
ligh1234	i gotim an im pEIniN an im kr\`aIiN	igatim inim peniN an da klwim
ligh1234	don r\`aIdim na waca baIk ju go aloN puLa waca	don 4adim noca paki kalam piJawaca
ligh1234	dat maniN im gibim bak Nana dat kan`t`apawuk	dat man im gipim bakanutat kandapok
ligh1234	iJa puluk dem getim dem putim fr\`ontl`a	iJa puluk tam kitim tam butim f4antla
ligh1234	dem go bak paciNil` na dem go bak an Nanaji get dat paciNil`i	dam kopik baciNillanadam kopik an Nina kittat baciNila
ligh1234	dem tEIkim	tam tekim
ligh1234	paciNil`kil`i im go	padiNkulim ko
ligh1234	dem liptimap dat watija	cam liptuNalcat watia
ligh1234	i was iJa dat kur`upawu	ji was atiN awan in a dat kulupepwi
ligh1234	dEI sitiN dEI	desitiN dek
ligh1234	wel cuNacuk iJa kan`t`a im go im li:vim iJa bOIwan i was hut`iN wil`ija	wal tuNduk iJa kandaim kuNa im lipim iJap poiwan iwaswaatiN wilja
ligh1234	dat man waniN im Su:tim kakar`aNa puluk	det man wan iNim cutam gakadaNa puluk
ligh1234	Tank ju waca tu gib mi dis dr\`am	jesiN cudilukkimitist4am
ligh1234	wen dem ave aksident	wan dami waksitan
ligh1234	dem tok fo im tada	dam duk im dota
ligh1234	baI aksiden im poldan kanuJcu waLaku4a	ma jaksidin impuldan kanuNcu walakata
ligh1234	im putim cintakar\`i taja na an dem sli:p	impatim cindaka dajalk an dam slip
ligh1234	is br\`aTa bin plEI gita	is placap in plakita
ligh1234	eniwEI dEI was al api ana ful na	Juicawasul ipian fulna
ligh1234	wel cuNa im tok fo im gimmi bak waca	watcuNa im topim kim ibakwacaam
ligh1234	dem luk ar\`aUnd fo kanta dem luk	dam lukan bu kandacam luk
ligh1234	dat kur`upawu im poldan	dat kudu pam pulam
ligh1234	im bampim watija	im pambum watija
ligh1234	im wo4i lot	im wailotk
ligh1234	ol de femili bin go wil`iJci	mja ulda famlipin kawilince
ligh1234	im baItim jaLuku4a wil`ija	im patim cajukuta wilja
ligh1234	Ja4par\`a dem go Sapku4a miatbi getim kuju	akatkaatam kuwuSap kutim apikitim kuju
ligh1234	an i was kr\`aIin nana mEIbi i was gona mEIkim mu: soN pulap	ins g4ajiNanamebiiks kan mekimusoN bulap
ligh1234	an iJa can`t`u ledaN Ja4pa im Nanaji:m kilim im wa4pa	an jinaccandwau letaN watpaim Nanim kilimum watpa
ligh1234	Jampu dem Nanaji paIndim cinta cinta Nanaji aksident kata im itim	Jam butam Nana pandim cinda indak wana eksidi Jam Nana kattaim mitim
ligh1234	i was kr\`aIiN na tan`NaJajin`i	iwac kulaaknatan Nan ani
ligh1234	dem plEI swiNswiNNa can`t`u iJa i was bar\`kiN tan`NaJajin`	dim ples wiNs piN candu iJam bias pakiN kanwa
ligh1234	watijakul` i tr\`aIina itim	watijakul ipan a itim
ligh1234	leda im katin`im can`t`u jaLuku4a	leta im gadad im camdu jajukuta
ligh1234	Jampu cintakar\`i an iJa ci4amakar\`i dem stil wok aloN	Jam bicindakaNin iJacitapan katam tit wukulaN
ligh1234	iJa palka	iJa palka
ligh1234	im tr\`aIin to opon	citwandwapat
ligh1234	kan`t`apawulku na im tr\`aIinaopon an i got sEI watijaNa	kanda palkunadwanaapan an isat sematjaNa
ligh1234	im dr\`inkimbat Napa	im dr\`iNkim bat Nappa
ligh1234	cinta kar\`i noTer\` lil	cimbakanatalil kwa
ligh1234	im paJcim im im hitim	im pancim mitim
ligh1234	cuNa kr\`akadaIlkil` tu dat Napa was	cuNa klukutaalkul dutat napawas
ligh1234	botuliN im pantin`im taja tumac flat taja Ju4u iJacu	patuluN im panadim taaja stem git flattain iJitali
ligh1234	den i was dr\`inkiN pama Jampu4akul`ulku	dani was tiNkim pam aJam batakululkal l
ligh1234	an dat Nanaji faTa an san dem pulum Nana Nulac ka:kul`	andat Nani fodan sandom pulam anuN ulac kakul
ligh1234	cintakar\`iNilki na big br\`aTawaniN im cEIsim dat cul`pu	cindakaaN iltna bik p4acawaniN i kim cacim dat colpo
ligh1234	luk noTa wEI	luknadawi
ligh1234	aIl luk dem watijaca4a waca Juntuk	ak dim watjacatawaca Jundu
ligh1234	buSku4a dem go	pus katadam o
ligh1234	wel dat iJ motobaIkkul` im luk dat Nanaji kr\`akadaIl na i was	andu dinam utupaakulukim lus lukdat Nanikkwakatana  wanas
ligh1234	dat kur`upawu im aId oTea saId dat pil`i	cet kuduwaim matacisata pila
ligh1234	cintakar\`ilk na Jampu kan`a r\`i:timani	imim bn atawal iaka cindakatk naJam bukanam r\`itiman
ligh1234	wel dem stil faIndim dat can`t`uk dem getim	wal dam til pandim da cand dam kitim
ligh1234	watija im avim r`akaNka kantakpur\`a	watiim am 4akaNa kandapkua
ligh1234	sli:p in wana	slipan Nado
ligh1234	mu4umu4u im kr\`aI	mutim utim kwaa
ligh1234	kli:nimbat peTawati kli:nimbat	klin im bast bacawatik klin im bad
ligh1234	Nu4cu ji4an`u	NuculiN ana
ligh1234	wel cuNa is kasin im luk r\`aUn fo im motobaIkkul`uN	walcuNais kasin im lukan bakmutipajakuluN
ligh1234	i was plEIiN	is plaiN
ligh1234	na wana dEI was lafiN	nawanacaas lafiN
ligh1234	tumac im bi jaLuku4a	dumacim bi jaluwataam
ligh1234	cintakar\`i kur`upawu im sidan im sidan	cindaka kulupim sit an car\`incim sita
ligh1234	dat u:cu was kr\`aIiN an sli:piN	das wuca was k4aiN an slip
ligh1234	dem get api Jampu can`t`u im getim bak im br\`iNim bak dis can`t`u palka	dim gita panJam pacacandum ketim bakum piN im bak ciccandu palku
ligh1234	wel Napa wir\`ical`uilk im poldan	an Napap ticalalkim puldan
ligh1234	dem getim bat dat cul`pu im camp aUt wen dem getim im camp aUt	cam ki4im bataculp imcambat wan dam kitim imcambat
ligh1234	bi kwaIet waca	pik waat waca
ligh1234	de gon luk ar\`aUn ta4kik Jampu na alda femili	cakun luka4an datkik Jam binoda femli
ligh1234	anoTer\` tu: was r\`aniN	anacat tu was waniN
ligh1234	dem kip gon im bust taja	cem kip kuan im bastajam
ligh1234	cuNacuk i was plEIiN dis kan`t`apawuN wel i was taIr\`id na i tr\`aIin to go slip	duNadikias plaNdis ganda bowalas tatdipankam sdi
ligh1234	jaLukul` snEIkiN wen im baItim	jajukul nekiN wanim batim
ligh1234	an dem r\`an bak r\`a4aLkaciki4a can`t`u an japawat Napakucaku	an dem 4an bak watakac gitak canduk an japawat Napakica Napackak
ligh1234	i was TinkiN Ja4paN dem tr\`i:tim NanajiN polismaniN cEIll`acuk	iwat diNkiN atpandam dr\`itim NanaN plicmaniNcajul lacwa
ligh1234	faTa an san an faTa an san	pacan sanan pacansan
ligh1234	kan`t`alk na i tr\`aIina opon	kandalk net wan apan
ligh1234	an kan`t`a iJa im plEI gital`a	an ganda iJaimple kitalu
ligh1234	dem kan`t`apawu an watiN dem pul dat watija	dem kandapa am watiN dem puldat watijan
ligh1234	an kan`t`apawu im go watijaku4a kantak	am kandapol im ko watijakuta kandak
ligh1234	im r\`an dat cul`pu im cEIsim iJa tumac	im Nandatculgut im cecim iJaluwic
ligh1234	an ol is femili dem r\`an fo im	an ulis pan wicam 4anban
ligh1234	no r`aka	naw r\`aka
ligh1234	an im poldan dem u:cul`aN Nulacu poldan mEIbi dem Sutim Nampu4pa mar`a dat asbinwaniN anu waIfwaniN	indim pulan dam du kuculaN wulacim puldan maipidam cu4im lambatpaN madaNn dataspinwaniN an wafwaniN
ligh1234	dem bi api	dim piepi
ligh1234	dem getap	dim gitap
ligh1234	iJaku4a im poldan	ijakut im pul dan
ligh1234	im poldan	il puldan
ligh1234	i was kr\`aIiN ol naItJajin`	ikos k4aN un not Jun
ligh1234	wen i was cEIl i was TinkiN abaUt JanuNuJaN femiliku4a	jiwaniiscewliwas diNana batjn na fem cikul
ligh1234	Jampuc hasbin wan im dr\`ink	Jambac aspin wan im dr\`iNk
ligh1234	an NapaN im wetim dem	an Napakim watim caan
ligh1234	edEIk an sta:watkul` i was lukiN it	idek Nistawwat kul iwas lukiNit
ligh1234	an im pudim NanajiNalk na	an imbutum NanaaNaltna
ligh1234	im getim r\`aIful an im Sutim dat kr\`akadaIl	im gitim 4apullan im cutum dat kokatal
ligh1234	wel ci4amakar\`iNilk na dem cEIsim dat cul`pu dat cul`pu kiLciJajin` i was r\`aniN	wil citam akaciN il knatamcacim dat cotputatcolpukilciJan iwas waniNi
ligh1234	baIkkul`u Nana dem faIndim u:cu cuNa dem tacimbatim dat u:cu	dakulNtadim batam fandim wicuN acuNatam tacim batat kuco
ligh1234	dem luk dem	del lukdam
ligh1234	dem getimat na watijawat	dem gitim batna watija wat
ligh1234	an dem towim dat japa	andaim domcat japa
ligh1234	iJa na im tEIkim	aJanam tekim
ligh1234	ku:kuN im tEIkim can`t`u blak an waItkul`u	kukuNim tekimcondu NucJan pa plak an watpulu
ligh1234	cintakar\`ilk maji tr\`aIn to opon	cindakalknatwandwapan
ligh1234	kan`t`apawu Nana spijakul` calpi an asbin Nana kankul` Nana	kandapaNana spijakulcalp an naspinanNana kankulNana
ligh1234	an dem cEIsim na dat cul`pu im r\`an kiLci	an daim cecim nataculpim wan kilci
ligh1234	im Nanaji watijawat im poldan	ip Nanawatija watpu puldanbuk
ligh1234	an dem faIndim cul`pu	an dem fandim culpu
ligh1234	to getim kuca	dukkitim pulo
ligh1234	dEI was al r\`aIt Nu4cu no so	dewasuluat Nuccunosu
ligh1234	al da bOIkul`	ul dap Naikul
ligh1234	an im pol dan dat lil can`t`u	en im puldaan datliscandu
ligh1234	wen dem sidan jamaNa	wundam sitan jamaNa
ligh1234	wija4pa wi wEItiN wi jan`uJcuk na Jampucu	wa4apu wetiN wi janin cukknan im bucuN
ligh1234	bat ku:ku wir\`ical`uJajin` im kamat fo dem tal wan	abat guku 4iciJinimb kamat patam culwan
ligh1234	gib mi bak waca maI gita	dim i pakkwadim ba ki4a
ligh1234	cuNa SaNajikil` dem go dem faIndim cul`pu	ciwaNaSaNawul dam guwilin jitam paNadim culapu
ligh1234	dem tEIkim bak Nu4aku4a	dem daim bak Nutakuta
ligh1234	im get disi an Jampu4a dem getap kar\`caNa war\`a ju r\`aIt JijacaNa	im git tisian jampat im kitap kacaN a wala ju4at jcaNa
ligh1234	Jampu4a al da femili al gen Jampucu	Jamputaulda fem liwul kin ampacu
ligh1234	ku:kuN im getim can`t`u	guwon im gitim cando
ligh1234	war\`a im pantin`im botuluN waca im getap	mwunm pandin im patulluN wacamwikitap
ligh1234	watijaNa kanuJcu	watiaka kanimcum
ligh1234	im paJcimwat iJa kan`t`apawu bEIbic im poldan	im pansim watpinakandapa bepicim puldan
ligh1234	hasbin an waIfiN iJaca4aN cintakar\`iN dem getim dat watija	aspanan wap iN iJacataN cindakacataN tam gitim bat wattia
ligh1234	sr\`eepala Jampucu	s4ipana Jambidua
ligh1234	laItniN im str\`aIkim r`aka	latniN im st4akim 4aka
ligh1234	bat dat kan`t`apawuN im putim on u:sl`a dem go ci4amacuk r\`aIdik	pattat kandapaN im putuman wusla dam gacinam acuku4atik
ligh1234	ju ga4a ask mi waca	sata as miwada
ligh1234	dem tEIkim wel dat	dum tiikim walac
ligh1234	wel is br\`aTa im go	wal is p4acaNim gaN
ligh1234	i neban r\`an iJac cintakar\`ilk cintaN im cEIsimbat iJa cul`pu	anapin waniNat cindakaltwan cindaN nan kecim batiNaculpo
ligh1234	im tEIkim wEI	im takimwe
ligh1234	an im stil got lot of pemili	olim cim galatis pamli
ligh1234	an wi4ijapar`ucu apiJajin`i pan`kaca pulukku4a	an witia kaacu apiinan panbida bulukkla
ligh1234	im tEIkim	im tegan
ligh1234	dem SaUt fo im alda femili wel i neban lisen dem r\`an im stil r\`an aUt	damsjad mudafaim liwal wenipan lisin dam r\`an im stil wanat
ligh1234	dEI was til de wil`iJaNa	dawas cil dawulinci
ligh1234	cintakar\`il`i i tr\`aIina opon	cundakail itwanaapuan
ligh1234	an SaNhaI	an SaNa
ligh1234	dem Su:tim u:cu an	dem cutim wucilan puluk
ligh1234	kan`t`apawu an wati gEIt dem pulim u:cuwana u:cukucak	kaldampon n wati kat dem pulim ucuk wan ucukcak
ligh1234	NanajiNa u:sl`a im go r\`aUn	NaniN uslim go4an
ligh1234	dem putim saIdl`a	dam putim satla
ligh1234	an dem sidan ala femili	an dew sitanala famli
ligh1234	Jampu al da lil femilikul`	je Jam butalil famlikul
ligh1234	sanplaUa dEI maIt bi kuca na si:	fanplawacim at pikwucanasdiN
ligh1234	dem go bak Nu4aku4a na naIttaImilk	dem kuapak mutakataNana na4amil
ligh1234	na im im kukim dat Nanaji	nm im gukim datikkana
ligh1234	til cEIsiN dat cul`pu	dilcacin daculpa
ligh1234	wel dat kan`t`apawu getapilk	ul dat kandap im kitapilk
ligh1234	im getap na dat lil bOI	im kitap nacatil pa
ligh1234	cinta kar\`i i tr\`aIina opon	cin takaitwan apan
ligh1234	cintakar\`iN i had r\`aIful	cindakaNiat r\`aful
ligh1234	itim is waIf	idim is wap
ligh1234	wel dat bOI im poldan watijaN im tr\`ipim	waldat pajim puldaan watjN im timpiN
ligh1234	puluk an u:cu	uluk an wucun
ligh1234	dEI bin stil plEIiN	depin scil plaN
ligh1234	dem get flat taja	dam kit slap daja
ngal1292	keniJ?pi mejNoN	kenikpimiNoN
ngal1292	kan? tit`	kantik
ngal1292	pan`a JiN mak piji	ponaJiN nak pita?wa?cak
ngal1292	nunta pa?	nontapa?
ngal1292	jiniJ kan? nako?paJ	jeniJkannakopaJ
ngal1292	kat`u nara?joNiJ	katonara?jowaNiJ
ngal1292	kan? keniJ?pi ceno	kankeniJpice?noimin
ngal1292	ka?man`ucit` wa	ka?manicun wapura
ngal1292	Nanaparu ke kujin nula?naN	Nana?parkekujuknulanaNwarpulan
ngal1292	culuno ke kenpi wan`wan` ken	Jcutunokekenwi walnuanken
ngal1292	kat`u cirpijuk	kat`u cirpijuk
ngal1292	kuNajem aNka?ji nnunta	kuNaje maNka?inuntare
ngal1292	coNokNan na?Nan para?tul?tut`ukaN	coNoNa?na?Nan paratul turukaN
ngal1292	ka?manponijan muNuj?	kamanponiJan muNuj
ngal1292	ma ma ma ma ma	mamamamama
ngal1292	nun? puka?jakakuno	nun puka?jakakuno
ngal1292	keniJpi poluN	an kenikpi poluN
ngal1292	nun? pa?	nunpap
ngal1292	pulu ka?calNmumumonmonwoN kan?	puluka?calNmumumonwonoNkan
ngal1292	ka?calNwotnaN kanun? taJ	kacaruN watnaN kanumtaJ
ngal1292	kat`u piji ta?jicJaJ	kalupitajicJan
ngal1292	maJ? waJki?	maJwaJki?
ngal1292	mak napikeniJ Naman`upul`?mijan	maknapkenjanmanapulpmijan
ngal1292	pim ka?	pim ka?
ngal1292	pan`a ka?nan	ponaka?nan
ngal1292	pala?poniJ mimi?	palo?poniJ mimii
ngal1292	kanica? puka?lNjicnaN	kane?capukaljicJaN
ngal1292	man? pulu Nura?peNkan	maJ pulu Nara?peNkan
ngal1292	punu ka?r\`oj?miJ	punu karoj?miJ
ngal1292	ka?lN kajkajmiJ	kjkajmi
ngal1292	keniJpike wal`aN	keniJpikewolaN
ngal1292	pula?lNwiJ?miJ kan?	pulalNwint miJ kanan
ngal1292	ka?calNr\`ak:aJ kanun?	ka?calrakkaJkann
ngal1292	kenpo keniJ?pi	kenpukenikpika?
ngal1292	Nej ma?ki? Na?piji puka?man`ujiniJ	Najima?kii Na?pipaka?poniJ
ngal1292	Nalmamuna ken? war\`ica	Narmamona?kn wanicaJju?
ngal1292	wal`aN ka?tutucmiJ	walaNka?rutucmiJ
ngal1292	armoJ elNka? jala?t ucmi J jow wat: aJelN ka?	armuJelka?jala?tucJin jo wataJalka?
ngal1292	elepiennuntanura?n an_0annara?Nut`kar	lapikinuntanu?a?nann?Nutkal
ngal1292	pulu ka?jinmiwoj	pulukainmowej
ngal1292	ka?jiniJ na?no	kajniJ na?no
ngal1292	kenpo ter?no keniJ?pi kul`?kerinijan ken?	kenpoter?nuNajakeni?i kul?kirinij?n
ngal1292	papalokuncam para?wat:iJ	papulukuncjan pawatiJ
ngal1292	nun? pa? kenpo tupmi Na?man`ujinmijan	nunpa?ken potupmi Na?manajinmijan
ngal1292	ar\`eciNjipuNk an`ma?ka?ce pr\`uhkat` unara?turuniJ	arejciNipuN kanma?ka?cep katunan?tukruniJ
ngal1292	Nale ca?tul?tuluka	kanecauturuka
ngal1292	Jel ka?kaj?mijan	Jan ka?kajpijan
ngal1292	maJ?Jel ka?kol? Nap:unka?n	maJJelka? kolNapun ka?m
ngal1292	keniJ?pi pula?tactackaJ	kenipipula?kactackaJ
ngal1292	kanica? ka? r\`ak:ijan	kaniJceka?rakijen
ngal1292	na?no puluno kanica? paralNni na	na?no?pulunokanicapalalniJJa
ngal1292	na?no japokno wulkuncanno	na?nojapokNo wulkuncanno
ngal1292	pijikinikun ta?pal	pikinikin tapatapal
ngal1292	rpunjipuNca?ma rpuJJiNta?marpun	pun jipuNca?marpun JiNta?marp
ngal1292	tul?waniN? para?kalm_0iJ	tulwaJiN purakalmiJ
ngal1292	pala?cani kanica? keniJ?pika?	pala?canika?ni?cap keni?pika?
ngal1292	poletmiJ punu Na?naN kan?	kolet piJpuru Na?naNkan
ngal1292	kanica? puka?jicJajicJaniJ	kani?capukajicJajicJaniJ
ngal1292	ce?neN mak Nej	ce?nemaki
ngal1292	kit`ir\`k it`purNtor uN?punupura? cakani J	kirikitpuru toruN punupana?cakaniJ
ngal1292	ka?ke nunta kanun? pijiNan ka?man`upuniJ	kakenuntakanun pijiNan kamanapuniJ
ngal1292	maJkel`kti? ka?jiniJ	maJkupti?kajniN
ngal1292	kapalwut`iwut`i?miJ na?ta tulumnoka?	kapalwutiwuti miJna?tap turuNnuka?
ngal1292	woj wut`ut` maluN Narajawajawan kanun? Nalcirpijuk	wajwututmalu Narajawaawan kanun Nalcirpjok
ngal1292	kenpo kanica? ka?cut`pumiJ	kenpakani?ceka?curpumiJ
ngal1292	walaNkat	la
ngal1292	o ka?nica	kanc
ngal1292	paka kit`ikit`NoN	paka kirikicNoN
ngal1292	kanica? ka?r\`ak:ijan	kanicaka?rakken
ngal1292	na?no puluno	na?nopolono
ngal1292	Na?keniJ?pikalm_0ijan kanun?	Na?kenipi kalmijan kanu?
ngal1292	nka? cutkul`k:ul`k an	a?cuklkulkan
ngal1292	ka?jop:uniJ ka?poponiJ Nej waNiripe? Na?poponiJ	ka?jopuniJ ka?pupuniJNejwaNiri?pe Na?pupuniJ
ngal1292	puluno ka?jiniJ	pulunoka?jiniJ
ngal1292	kalwan Na?jiniJ pojeJpojeJtuniJ	kalwan Na?jiriJ poJpoJ tuniJ
ngal1292	jawokNoN kat`u kenpo pula?kiJijan	jawokNoN kaluken popula? kiJijan
ngal1292	ca?tucmu na	catucmun?a
ngal1292	maJ? keniJ ma?	maJkeniNma
ngal1292	kan? Nurut`u	kanNurutu
ngal1292	Jel para?lNkal`kal`kej?woN	Jalpra?nkalkalkejwoN
ngal1292	tiannaka	maratupa ticannaka
ngal1292	pulu Nura?	puluNaran
ngal1292	kan? lawk	kanlaw
nisv1234	m@tSiN na pnEvur Nakal naNOt nawul GaiNg mbum Ngartamsi aGnaO	mtSap@n GEvr nakalawambul naNOt naul GaiNg mb@mNgartamusaGna
nisv1234	ndr@ saG Ngur n@n	ndrsandrNgOr n@n
nisv1234	Nambavi van	Nmbavivan
nisv1234	navlamb ili aravuli van vi av@ni	navnambiliaravulivanviavni
nisv1234	Natuv van van van aliGari NalaG	arakur Natuvan vn van liGari alaG
nisv1234	Nai avan mtSukan OlmbaOt Gusur naur arsaO ari vani smbava ndru Gan mal van ni ndr@ svOG mai	NaavantSivur kan GulupatEndOGsur naur arsawarivanis mbavanduG ani malvan nindr@tSvOG mai
nisv1234	mbaNOn aN sandr Ngur naur piskOr naur am@G	mstirat mbaNOnaNg Nasandr NgOr navurndp@s NgOr naur amiG
nisv1234	Navan NaGusuGi	Navan anaGusuri
nisv1234	naGrE av@n Na	naGari navnav
nisv1234	mbul iaN urun mbus Ga GaiNg mONg Ngatraim narOG sEG Nga sEvEm GanaO l@n	b@laaNgurmbus GaGaiNmNgatnamnarOG ndusEr NgasEvim@GanaulOn
nisv1234	p@l navutS mam	p@l navutSmam
nisv1234	NasOmb rOG Nai ndru vE nmban	NasOmburOG NandruvEn mbGan
nisv1234	nisvai Nukai Ngan@n	nisivirkaNgan@n
nisv1234	mndratamsi mbE Nalulu mi	NOndratamsimbENallumi
nisv1234	asumb kili	asumb@kili
nisv1234	tataN saru Navan vatSav navismbus	tataNsaru avand patSavnav@s mbus
nisv1234	Navanvan ndr@mb Nakai ndr@ vEraG	Navand vandr@m Nakandrvira
nisv1234	alE aru aravan	ali arvar avan
nisv1234	kur Nganili ara	Ngul Nganiliara
nisv1234	natON nakal nambOl av@ni visN@n ndari	natON nakal nambOl avnivis Nndari
nisv1234	kur Nganili arapraN van mbarvE arv@s ari arakaikai mitas aramai	kur NganiliarapraNvanmbarvEavsararkakaarimitasaramai
nisv1234	nONg sndaru NasmbandraN naur Ngan Gan ari ili	nONgus ndar vas mbandraN nauru NaNarNarili
nisv1234	arami mi mi mi Nganili nakEnmbi NandrON aru	aramimmEm NganilE kinmbiandrONaru
nisv1234	naGEmatS ili NatONi	narmatSinatOni
nisv1234	wE nakalik mbum ndarakan	Onakalikumb@l mandarakan
nisv1234	Navan ndr@ vandrONndrON Gni	Navan NanvandON ndONGani
nisv1234	NataGtaG l@n napEnGEvuG ili ndr@ sai ndruan GEtalEmb s@n va liNni sG@r	NataGtaGd@navap@n Gaivurinin sanrvan Gitan@mb@s@ nvad@NisGr
nisv1234	naGs@n Nai ninE	naGsinaNaniNE
nisv1234	mbul nGasu akal kO Gana rOG naiEvni	mbul nGasuakalakO GanarGnaOv ni
nisv1234	navrEn Natua l@n	navr@natvalOn
nisv1234	tSartSar ni mi tvuk	tSaGtSGaninnitvuk
nisv1234	van m@tSiN	van m@tS@Ng
nisv1234	ari aratuv NgamOtS	ariaratuv NgamOtS
nisv1234	Navi narmatS	Navi nar matS
nisv1234	m@tSiN tamata Nakal mbEnitams GaiNg	m@tSatamatakalawa mbini tamus GaiN
nisv1234	ndr@suN napnEvur sa tSiv vOk mandratams mbuni mbul nrEn NaNgam smbanOtSO naur av@n Navi l@n	ndsuN napnEvrsatSivaNg mandrtambusmbinimbula nrEn naNgamands mOnvutSuG narav n NavilOn
nisv1234	aravan Nganili aliGari Nalsi ki ka	alavan NganilialiGarialsikika
nisv1234	svOG mai ndr@ sOmb NasOmb mbul ndr@ l@s naur av@n GaGEG NasmbaNgan naur av@n NurtambwE mi	spOG maindr sOmb NasOmbmb@ nd@l@s naurap naGaG@r atSmbaNganaur av n Nur tambimi
nisv1234	ndr@ Ngam GusuG nsal ndr@ mai	r@NamGusursal nrmE
nisv1234	arasmbakandr naGrE ndr@s	aras mbakandr naGrindr@s
nisv1234	kai mitas van van mbulaGE NganaN	kamitasvan vavambrulaGi NganaN
nisv1234	navlamb s@n mini	apnamb@s@n mini
nisv1234	arataG ndraO nivu ndri pis n@n nGambEn Naru	arataG ndaunEvu ndr@p@s nnGambnaru
nisv1234	mbul a naGEmatS tSkai NarOG Ngan naur l@mas	mb@lnarmatSkENarOG Nganaur l@mas
nisv1234	nambul Gni	nambOlGni
nisv1234	mandri NamEG mandri ismburpur Ngan	manriNnamrn mandriNatSmburpuG Nga
nisv1234	kava NgusmbatON naur nakal mbE mndrakaikai naGs@Ng saGtSumraG ndr@ patS nmbari mataO ili Ngam van vatSav mbun napnEvuG ili s@n napnEvuG s@n NavaGav vaGuri	kavagus mbatOnOr nGkal mbi mndrukaikEnGsa Ng@sGtSumraG ndpatSnnmbari mataulin NgavandvatSambnapnvrinlsnpnavrsn aGavaGOri
nisv1234	akEnmbi Nai Nur patS navismbus Nai ndru nGOi ili ndru p@n	ak@n mbi@Naur@ patSnavis mbusaNandruluGluG nGOuli nrup@n
nisv1234	nivu ili akal sipa	nEvuliakalOsipa
nisv1234	Nakandr nap@nEvuG av@n ndruan nrEn s@n aratuv	NakanrpnEvravndr an rEns@n aratuv
nisv1234	ndr@kalki kam nrEmbuNg ari mru kamb@n Ga ndr@ tSav nrEmbu	ndrkalikEO kamGi mbuNg ari mndrukamban Gam ndtSavrambui
nisv1234	kal Navu mbumi NamatS valiNi mON NapatS naGEmatS Navambuli vi likanim s@ naGEmatS ili	Nal Navumbimi NamatS vali Nam NapatSnarmatSili vambul nivili kan msnarmatSili
nisv1234	m@tSiN arami mi mbulaG naurim	n@tS@Ngaramimn mb@laGanawraim
nisv1234	mal@n lOvni aGav tamata ili aGusuG nsal s@n mi ndr@ l@lu	nmalnlOvni GavtamataliaGusursal s@nmindr lulu
nisv1234	atamata ili Nakal kun GanaO mbun	atamatGil@gal kOmbulaGanawaN mb@m
nisv1234	Nganili Navan va	NganiliNavanva
nisv1234	Nganili nakEnmbi ili Navan Nganili Navasuswar rOG l@n rOGEr ntSENg ili	kaniliNanakanmbiliaNavan kanilNEn vas@swaG rOlunOrOGr ntSiNgili
nisv1234	arataGtaG NgOr naur pal	arataGtaG Ngur naurpal
nisv1234	alE tamata ili Namakuv l@n mbak tlaN aGan alE nap@nGEvuG ili Navan va	NalEtamataliamakuvndr@n mbak ntlaNgaran OlEnap@n GEvr ili avandrva
nisv1234	av@ni ursaO laslurur	avniursalalas lurur
nisv1234	NutON Ngan naur arumai aravi likanim mON	mOtONganawuraru maialuvilikanimu
nisv1234	aravan aralavlavis Navu van van van van van van van NasOr nambON naur av@n	avanaralavlavis Navu van a avan van NaOG vansOG nambON naOr avn
nisv1234	aratSON nGOimb	aratSON nGOim
nisv1234	alE NaGav	alE NaGav
nisv1234	Navi l@n rOkai ili NasNavwi	avilundrOkal NasNavui
nisv1234	saGtSumraG k@krav k@krav k@krav	saGsumraG GamnvatlaNgansavnd k@krav k@krav k@krav
nisv1234	tamata Nakal mndru m@n Ngani mbul mbEm mraluktSaN vi tSam	tamatakal mndru m@n Ngani vul mbimral@NtSOmbntraktSam
nisv1234	nGasu ili amai ndr@ katS kutSkutS ndraO ili ari mONgi	nGasuili amEnd katSgukutSr Gawili arivu Ngi d
nisv1234	aratuv Nganili van l@s naur av@n arlE arupanun	arat@v Nganilivan aNNarulis naur avnalGElalupan
nisv1234	navlamb isaNg mbum navuli van smbavansur ndr@mb ndr@ lsi	navunamb@saNmb@r navul ivansumbavansur nrOmb@r ndr l@si
nisv1234	mbai NatSav nmataO Nakal mGEmbONg NgatSulumunai	aravnatSavi mbaNatSavin mata knGambuN nGatSulumuna
nisv1234	pEn lGOi praGOr pal ni Nuvi lGOi in@n	p@n ndOGOpraGOr palni NavandvilGuin
nisv1234	alE a	ali
nisv1234	tSavkutS maru ili Nandr@mb ndruan asumb ili vi l@n navOlvOl naur av@n Naialial	tSavkutSn maruiliNandmndranasumbilivilnavOlvOl navravnaalial
nisv1234	arakali arava kalki kal	arakali aravamkalikikallavil
nisv1234	arapraN Ngan van n@n m@tSiN	arapraNganvanmatS@Ng
nisv1234	GaiN NgapraNi aNgam Gana nasmbanOtSO ura ni Nai avan tSumbOn Gan	maGaNambraN ni NaNgamnGavaGananasmvanavtSuGGaniNaavantSmbOn ndGan
nisv1234	Gusur sal van van van van van van vavi im	Osur sal vanvanvanvanvaviim
nisv1234	tGElaraNgam mi ndr@ tSNav mbaNim	t@GilaraNgamind@tS@ Nav@n mbaNim
nisv1234	Nakal visN@n nrEn s@n Nakal NgaNgam van vatSav rOkai mai ndaraG@l nambur urGa ni	NakalsrEnsn kali NgaNgavandr vatSavrOkamai ndaraGl namburur ani
nisv1234	Nganili van ambat aravan van mbulaGE	vaNgalEvan ambGataravan vambulaGE
nisv1234	tSEGmranOv Nganili vani Nai ndr@ patS	tS@GmranOv Ngan ilivani Nand@patS
nisv1234	mbul alirOG ili NaGurGur naur Napalpal ndru pE mban	mbalalirOG ilaiG ur Gur naur Napalpal nruvpEmban
nisv1234	taGni Ngan saO alE ndr@ van aravasOmb rOG	taGani Nansalnrvan arasOmburOG
nisv1234	ara kan mONgi aratSar kanin ndr@ kan ndruan naGEmatS ili mONgi	giarakanm NgiaratS@G kanindr kandran ar matSilim Ngi
nisv1234	m@tSiN n@n naGEmatS ili Nakal mri vamrawuli tSamb Gana ni rOG nawuli	mtSnarmatSili akalE mrimbE mrawulitSambGanani rOG nawuli
nisv1234	nrEn av@n Nurkai nmaG amin viElaGlaG mbun Ga	niraindav@ndOkammalamiv@laGlaGmNGmbu ndOGa
nisv1234	Navu s@G mbE nap@nGEvuG NaNavNav sur Nai mbaNg ni rOG Ngur pal	navsr mbinap@n Givur naNav Navsur Nain mbakni arOG NgOrpal
nisv1234	ndr@ taN	ndr@taN
nisv1234	nambiaN aramtSukur kan kanin napnEvuG urun	nambiaNg@n mitSaramtSukkur kan karin Nnap@nEvr@n
nisv1234	tamata ili praN pal nambuNgaO NaGav	tamatailipraN palambuNga NaGavaa
nisv1234	av@n NgaGumbiE mbul navr@Ng NatSkai ndruan nalENg aru NarOG ndr@mb nanOvtSuG nasaG	mn NgaGmbuimbul navraNtSka NaruG van alE Ngaru NarOG ndrOm nanduGtSunasaG
nisv1234	pan nGOi NalOs	pandGOi NallOs
nisv1234	aratONi akal awa ndaravan mitas	vatSOGni kawandaravan mitas
nisv1234	m@tSiN ambat tSEtSON GanaO kik namEG nalipaG	m@tS@NgambatambutSutSON NGanakikinamiG nalipaG
nisv1234	van panmaru Nakambkamb Namun ndr@ lu navEul NaGav	papan maru Nakamkamb Namndulun aviul NaGav
nisv1234	m@tSiN a	m@tSiNa
nisv1234	Nandr@lmi ni NasmbaGani ni Nandr@lmi ni	ndrlOmini NasmbaGniNandrlOmin
nisv1234	tamata ataGndraO napnEvuG s@n mON suNni l@n mbaNg NatarOG	tamatataGndrvOn apnEvrsn muNndsuNniNln mbak NataG rOG
nisv1234	alE aGumbE	alENaGOmbi
nisv1234	nGamb mburani mbar nial aralav ndrani	GambuGani mbarnalaravlmandani
nisv1234	arasaG tSumraG ndr@	arasaGtSumraG ndr
nisv1234	tSaGni Na ndr@ kai ndr@ mai	tSarGniNandru kaind@rmai
nisv1234	smburpatS Ngan GaiNg NgurpatS urGa namai m@tSiN ndr@ patS	smbur patSNgan ana Ngur patSuranmaimtSi ndr@patS
nisv1234	Ngan rEndNun naur av@n Ngan mbislama Nakal Na	NanGin unaravn NganpislamakalNaa
nisv1234	Nai ndr@ rOG van ndr@ mEG	Nanr@rOG vandr m@r
nisv1234	nalENg NatSkai NarOG ndruan navrENg NatSkai rOG nanOvtSuG nasaG l@n mEni	nalENgatSki NrOGn avraNgatSkrOGnaGutSunasGlun mni
nisv1234	nman tSkai mbun nami nandr@ vni	nmantSkamb@naminr@vni
nisv1234	naGrE ili NutalEN ni aran mONgi Nai NaGan naGEmatS pal ndr@ van	naGrEliur tal Ngniar anmNgi NaaGan ar matSpGal ndr@van
nisv1234	k@lk@l ni Ngan av@n NatSumb ursaO k@lk@l nisG@G av@n NatSumb ursaO	k@lkal niNgan avan NatSumbur san k@lk@l nisGar avan NatSumbur sa
nisv1234	arapatS mbul naGEmatS ili Nami G@n aru i	arapatSmb@l nnarmatSilE amiGni arui
nisv1234	ndaravan viim mbai ndaravakan mbai	nalavanviimbansarvakan mba
nisv1234	NatON matSin Nai ndr@ vamatS mi ndr@ tEG vi l@n mandru ili	naNatONmatSin Naind@rva matSmindrt@GvilOn manruili
nisv1234	GurEtS nambwE ili	GurtSunambali
nisv1234	ka avandrONndrON l@n nandr ili aviElaGlaG amatSiNg	kaavan vandrOG ndrGn lOn NandilEnaapudaGdGamatS@Ng
nisv1234	arapraN nisvai arasaNsaN arukOs ndr@ praN ni	aravpraNgnisva arasaNsaNarukOs ndrpraNgni
nisv1234	atGElari aratONi	atGalaratONni
nisv1234	ur anarEn NuraN ni NatON nravu NawutS m@tSiN	avnanarnvraNi NatONnaravvautSm@tSiN
nisv1234	NavE NandrmbOr av@n Nai ndr@ van ndr@ va suN nvar vi l@n nvarkambur	Navindr NandrmbOr av@n NEndrvan vapsuN nvarvil@n nvarkambur
nisv1234	nONg sndaru amEndr mONgi	nONgus ndaramandnrumNgi
nisv1234	wai navan ndrOv mandri mai ni nundrON naGEGlipaG tSkai sambat NatSON GnaO namai	En avan nr mandrimEninundrON arGlipaGtSkasambaataNatSONGnusnmai
nisv1234	patS mbatuv ili s@n vantramb l@n	patSmbatuvilis@n vantramblOna
nisv1234	tSEkai ndruani	tSuka nduGanin
nisv1234	mON narOG sEl ili av@n Na	mNgnarGsilininiavn@
nisv1234	Navan valav maNgEl av@n mi ndr@ tSari	Navan val av man Ng@lavan mindrtSari
nisv1234	ia ndarapatS k@namb@n	Endar@patSk@n amban
nisv1234	naGEmatS maGlamb ili Nawuli	narmatSmbaG lambili avulir
nisv1234	van ndr@ lsi napnEvuG s@n nrEn ili	avand@l s@nnapnEvrs@n@rEnili
nisv1234	naGEmatS ili arasaG van kat narOG avOv a pur	naramatSil arsaGvan katnaOravOvapur
nisv1234	GaiN ni tSumbOm NgarOGrOG mbEn Ngakai naGs@Ng mi amndri mndrusmburNgas	GaiNtintSmbum karOGrOG GambEkaka naGsaN miamnrim drsmbur Ngas
nisv1234	alE naGrE ili a praGOrNgOvNgOv mbun NasaG van vimEG nail Nurtun mai Nursun naGEmatS ili narav@n tur rOiar	alEnaGrila praGur NuNgOmbimNasaGnvan vmGtamnalur tunmai Nursu narmatSili navr avn Nur turiar
nisv1234	Nai aGani praN Gusuri ni Nasmbakal naGani Ga	NaaGann@praGusrinalis mbakEnaGaniGa
nisv1234	mbak ili	nmbakili
nisv1234	aravan van van mbulaGE	aravan vamblaGi
nisv1234	G@l nalmbaN av@n mai arakuk ni	Gal nalimbaNgavn mairakukni
nisv1234	naviurOGrOG m@tSiN Nawinim Namai aim	navur OGrGnmtSawOnim Namaam
nisv1234	alE aratSumbul mai arakal kik nrEmbu aGav mON kalkE awa avu mndratSumbul mai	lE aratSmbul mE arakalikikOn rambuGap kalikiaNavum ndaratSmbul mai
nisv1234	m@tSiN alE tamata Navan m@tSiN NaGusuGi van van van van ndr@ lsi nambulvar atSkai Napalpal av@n ndr@ palpal mbavu rEG nmbaNg ili mONgi	m@tSaliatamatavan m@tS NaGusurivavvan van vand@lsnambul vartSkaapalpal avndrpalpal pavG@rn mbaNgili mNgind
nisv1234	avavu sam NarOGrOG Gmal	aavsamar OGrOG mal
nisv1234	narp@np@n vi mEG saO mbai	Narp@n pn vimiGsambaN
nisv1234	alE ndari	alEndari
nisv1234	natON nakal nstOri av@ni visN@n naGrE ari	OkEnatONnakal stOri avEni vis NnaGriari
nisv1234	arasOmbrOG aratuvrOG aratuvrOG Nganili van mbul Nakal Ngan n@n	rasOmburOGaratuvur tuvurOG Ngan ilivan mb@l NakanNgan
nisv1234	mbulmbul GatS a	mbOl mbOl GatSa
nisv1234	varus n@n nasOG akan	varus n nasuGakan
nisv1234	nGai ili NgarmaO Na	On Gaili NganmONa
nisv1234	aratuvrOG van alE napnEvuG tSkai NatalEmb	ratuvrOG van alEnapnEvrskE Natal@mN
nisv1234	NasaG saG saG van van van van van van van van van va ndramndramuG l@n nasmbOn kal NartNgaO naGrE ili Ngan naGrE ili Na	asaGsasaGvavanvnavanvavnvavandramndrambuGl@nasmbOn kal NartNganaGrili NgananaGrilaG
nisv1234	Nurvan ndr@ sOmbsOmb ndr@mb tur rOiar naGrE ili Nakaikai mitas	Nuruvvan vussOmbusOmbGnrOmndruturEr naGrlakakaimitas
nisv1234	narEmatS NapatS rOG tambtamb rOG mONgi NapatS rOG mONgi aran	narmatSil apGartSrGtand tandrOG mNg NapGatSrOG mNgarani
nisv1234	mndruGu mbwE navan vataN	mundrGumbin avanr vataN nrn
nisv1234	NarOG mONg ndr@ krav titur ni Nalsi a tataN s@n arapan Nandr ndr@ van vi liur	NarOG mbundukravtutur ni Nals navuratadaNg@snarapan Nandndru vanvilur
nisv1234	aralum navutS Nganili	aralumnavtS Nganili
nisv1234	arasaG nrEmbu ili Nganili	arasaGnarambuili Nganili
nisv1234	ar ndr@ GEvur ili NaNgam van vi im ni Nai vakali mi	arnrnrGEvrilaNgavan viEmmi Nandvakalimi
nisv1234	nOv tSO kal nGasu tambs mandr@n	nOvtSuGkal nGasu tamb@s nmandr@nrr
nisv1234	ar ndr@	arndrm
nisv1234	rOG ndaravan vaG@l nambwaN ili ndarunOv narOG av@n ndaraGani ndruani mbul narOG aN mbum ndaraGan nambwaN ili	rOG ndaravandrvaGli nambiv aNgili ndaru nOv narOGav ndaraGani nrwanimbul naruGambmndaraGani wan ambivi aNgili
nisv1234	arakal NgarmaO ndaravi l@n nambul@n nambwE isaO	aNarkarmandaravi ndO nambulOnambisa
nisv1234	nambwE ili	namb@ili
nisv1234	aratuv van Nganili	aratuv van Nganilu
nisv1234	alimbEmatS ili NarOGrOG	alimbEmatSili arOGOrOG
nisv1234	ndr@ varus van vi livuG Gas mONgi nasOG akal alE Gasu GaiNg mbENgakan Gana varus	tvars vanvilivuG rasmNgE nnasOGakalali Gasu GaiN mbE Ngakan Ganavarvs
nisv1234	mbON av@n	mbONav@n
nisv1234	aratONi van ndr@ ili arakal	artON nivandtaitilarakal
nisv1234	Gumb n@n nambun naGOn n@n n@n naGEmatS ili NamatS nmbar@n NamandrElndrEl	kumGumbnnamb@naGun wantaimnarmatSilE matSan taim nmbGarna mandundrul wan taim
nisv1234	NasaG NasaG NasaG NasaG van van van p@rtSaN Nava	NasaG Nasa NasaG NasaG vanvan vanvanvanmbrtSaNaa
nisv1234	namElGas NatSuli	malGas atSuli a
nisv1234	Nganili Na	NganiliNa
nisv1234	patSi nman av@n Namai ndr@ liNi	patS@nman av@n mai NavaNd ndulNi
nisv1234	arm@n aravuli vi av@ni	arm@naravuliviavnE
nisv1234	livEnmbumbraO andr@lmi	livan mbOmbGaandrrlOmi
nisv1234	aramai ar ndr@ ndrON aru l@n malivOl ili NamaG mbul arasuswaG rOG l@n n@n	anamaar ndrndrON arnn malivOlili NaNmNar ambl arasuswaG luGOl@nan
nisv1234	NaNgan naur l@mas ursaO	NNganaru l@masur sa r
nisv1234	kik Ngakin naGrEaN ari mravan varOtS mbuluk	kik NgakinnaGri ar GaNgari mravandrvaGOs mbuluk
nisv1234	Nai alaG mai urGa mON Gana mtSurOG	NaalaG mauram NgGalntSurOG
nisv1234	van Nganili	van Nganili
nisv1234	Nai ndr@ patSi	NanpatSi
nisv1234	nrEn av@n	narEnav@n
nisv1234	Nai ndr@ l@s ari ndr@ raN	mand@lsal ind@aN
nisv1234	arakur naOtSin Navan aviElaGlaG arakal iaN aviElaGlaG Nakal kik	arakur nautSin avan aviraGraGaaNgaaviraGraGakalikikO
nisv1234	aravan Nganili	aravankan ili
nisv1234	ari aramai smbavan ndr@lsi mi	NarramEnsmbavand@lsimi
nisv1234	navan atavin ili ndruan aliGari arasmbanOvtSuG GnaO aratams GnaO	Onavanatavinilindran ali Gari ars mbanuvtSuGalnawaratamusGna
nisv1234	tNgaO patSG@r niar ili av@n Ngan n@n Nakal NarGatS naGrE ili Ngan n@n naGrE ili NapatSkuv nvar ili av@n	ratNgOGpatSGr niaravn Nganakar Nar GatS naGiriili Ngan naGirli apatSkuv nvaril avn
nisv1234	nrEn navlamb	narin na navdamt
nisv1234	nasOG akal GaiNg mi Ngamai ndr@ kan Gasu	nasOG akalO GaNmi NgamEndrkan Gasu
nisv1234	saNg navutS Namam mi	saNganavutSamami
nisv1234	av@n Navarus van naur Nataind av@n mONg a varus av@n Nakan	av@n avarus van aur Natait av@n mNgavarus avnakan
nisv1234	GanaO mini natON naGan nrEmbu ndr@s nrEmbu ndr@s saGimai	Ganaminin atON nGan rambundrs mndrambul ndrsarimai
nisv1234	taG van NatON Ngan Narmun	taGvan NatONgan Narmun
nisv1234	narOG Ngamlulumai mi ndr@ mri mratuv urGa	narv Ngam luli mami ndrl@Namnrim nratuvrOGura
nisv1234	klaG ndaravan vi Gmal mbai	klaGndar avan viaG mal mba
nisv1234	kava i kambEn NurNgan n@n	kavaikamban Nuru NganaN
nisv1234	Ngan av@n	un Nganav@n
nisv1234	tuNlaGEr tuNglaGEr tuNglaGEr Nakaikai Ngan van s@G naur av@n naGEmatS ili nal@n NarpaN m@tSiN Nartams napnEvur s@n ari	taNglarG taNglarG taNglaG r Nakakai Nganvansar nOr avnarmatSili Nganalun arpaNtSiNartams napni vrsnari
nisv1234	Navan saN putSputS Gni mwE putSputS Gni van naGrE ili Nurkur Ngan Gani Nakal NataGndraO naviurOGrOG ili NaGutS	NavandrsNputSputSGnimputputSGni vannanaGrilO kur NganGani Nakal NataG ndrar avir OGrOG ili arutS
nisv1234	ambat ari arasOmb rOG urun ninE ili van m@tSiN vEraG	GanambGatariErtSsOmburOGavurnrtSuGumbl lNinniNElivan btS@ndvEraG
nisv1234	Nakik klaG NgasOmbrOG natraim mbwE ndr@ van	NalEkalakasOmurOGnatrambindval
nisv1234	alivwumE Nakal NganaN	alivu mEakal Ngana
nisv1234	vi im ndrOv aliGari ari ndrONndrON Namar vi mrisal van Gusur sal av@n araGusuri van tSav maru ili ari	vimndrOvaliGari ari ndrOnrONamNar vimrisalvanrGsund salavnaraGusul ivantSavn maruiliari
nisv1234	Nalavi m@tSiN Nai ndr@ vi im s@n m@tSiN	Nalavi mtS@Na NanrvE@musnm@tS@Ng@@
nisv1234	kal namsal tSkai Ganndaru aN Nalamb m@ndraO	galOO nambsaltSkEG ndarwaNalamb mndrav
nisv1234	ruNruN mbi	lOlumbi
nisv1234	kumb mbur nalEn ili av@n	kumbur nalinilavn
nisv1234	ndr@m m@tSiN alE	ndr@m m@tS@NaalE
nisv1234	aratSav livEnmbumbraO NamatS	aratSavanapvnliv@n mbGavuli NamatS
nisv1234	Nakal visN@n a	Nakaliv@s N@na
nisv1234	arapatS naiG av@n suNi l@n Nandr p@platS ndr@ tarni rOG	arapatSnaGalvan suNn ulOn NandrpplatSilin taGni rOG
nisv1234	ailand av@n ailand av@n NarOG tSumbOn viGas	alanavn alanavn arOGtSmbOn viras
nisv1234	awa napatSlu naGrE mONg Ngalulu mai ndaru	aanapatSuluanarmNkalumandaru
nisv1234	Nai ndr@ l@s Nambatmbat rOG nGamb ambas Gni NakatS kutS nGENun	Nandrl@sNmbatmbatrOnGambambasGniNakatSkutSGinO
nisv1234	Gan narlun naur NamEG ili Gani ndr@lmi sOmbsOmb tSumbOl tEGprai	Gan aGulun ar amOrilindGani ndrlaminsOsOmbtSmbul t@Gpra
nisv1234	ndarapatS mbai	ndarapatSmba p
nisv1234	Nakik NatSaG navrEn l@n aviEraGraG mbENga NganavEn naGaO mONg mandraGav	Nakik NattSaln avrn lOn avirGaravirGarkikvimbE NgNalavnrGnO mandraGav
nisv1234	GaiN Nga NgatSiN av@n n@n narOG av@n tSkE uraN aNgam	GaNgmNgatSNavnanarOG avntSiki uraNaNgam
nisv1234	nGai av@n Namkan n@n	Gaavnambkanan
nisv1234	Nakal Ngan	akal Ngan a
nisv1234	tSavi Nganili kik Nandr@mb NasvOG saG l@n av@n mitas	savi NganilikiNandr@m mNasvOG saGlOn av@n mitas
nisv1234	mbatmalundr Namai ili Nakal	mbat malnd NaNamaili Nakali
nisv1234	ari pal av@n aramai nin av@n arakur GEtSal malmbin nambiaN	aripal avn ara mann avn arakur GtSal man mb NnambaN
nisv1234	naGrE ili Na	naGrElia
nisv1234	asumb ili Nai amai arami mrisal kik klaG mara Gusur aGnaO	sumbilaNaama aramimrisan NgEkalaGmaraGsurGna
nisv1234	mbulni NganaN naGEmatS ili NasvOG lkaO nGai ili av@n Namkan ili	mbil niNgananarmatSil asvuGl kan Gaili avnamkanili
nisv1234	NasaG NasaG NasaG Na saG	NasaG NasaG NasaG NasaGvanvvan
nisv1234	viElaGlaG livEnmbumbraO aplaG ni uraN aGani mON Ga ndaratONi mbai	wEraraGaliv@nmbaGOpraG niNur NaGanim NGan ndaratSOG nimbai
nisv1234	Nakal Navu G@mbat s@G naur namEndrur mbul Ngam wElar namai namun	nakal NavuG ambatSnaur namanruG mbul Ngam wilaGanamE namun
nisv1234	naGrE ili Nakaikai	naGarili akaka
nisv1234	ili nanaN s@n Nakal alE Navu ni NaputS ananaN s@n ari ni aranOvkal Nup@np@n tvuk	linaNsrkalaliNavuni mbl NaputSannaNsnarinisiraaran vkalNmbOn mb@nt@vukk
nisv1234	arava tuv tus naur av@n atGaNg aru van ndr@ GOtS mbuluk van isaO	aravatuv tusaravnatGaNgaruvan nruGOtSmbulukvanisa
nisv1234	NgasmbatON naura nakalik NgarOGrOG mbwE	anakaNgusmbatOanarnakaliki Ngarramb@
nisv1234	arakini mONgi	arakinimNgi
nisv1234	navlamb ili NarOG tSumbOn Nganili	navlambil@arOGtSumbOn Nganili
nisv1234	Gusur lGOi van Nai ndr@ putS	sur Guvivan NainpOtS
nisv1234	naGrE tSkai NuraN l@n kittSEn ndrOv ndaru ursaO	aGritSkirvvaN lOn kitSi ndrOv ndarursO
nisv1234	ili aralulu	iliarallu
nisv1234	Nakai ndr@ svOG	Nakand@svO
nisv1234	m@tSiN alE nin	mutS@NgalEn@n
nisv1234	GaiNg mbun naur nanaNg saNg aravi liur Ngamai ndr@ Gan	GaNmbum nOr nambnaNsaNgaravilur kamaindG
nisv1234	nmbaNgul urialial	n@mbaNgul urialall
nisv1234	arasOmbrOG van m@tSiN Nal@s naur av@n napnEvur s@n Nul@s naur pOnpOn mai nrEn naur av@n aratuv rOG ndruan ari	NarasOmburuG van m@tSNlsnranapnavrsunulsnaur apOn pOn mainarEnaur avnaratuvur nrwanari
nisv1234	svOG van vasaG l@n nGai amEG mONgi ili rumEn	svuG vanrvasaGlOn GaamiGmuNgilindrum m@n
nisv1234	a naus NaGan GnaO ni	vanausaGanrGnani
nisv1234	aliGari Nai avan vi likanim s@n suswaG	aliGariaNaavanbilikanims@ndsus waG
nisv1234	kal pO nasumbaN amai ndr@ andras ndari ndr@ kur ndaratams	kalpOn asmbONgamEndrm@nras ndarinrkur ndaratams
nisv1234	Nganili aviElaGlaG Nakik kaluai	paniliavEraGaraGaGalwai
nisv1234	mbul ari aratuv av@ni	mbalarEravatuvav@ni
nisv1234	m@tSiN navlamb s@n NasOmb av@ni liGOr	m@tS@Ngal navlamb@s@n avsO mbavniliGur
nisv1234	tSav rOkai s@G aramai ili ndr@ Gani ndruan n@n naiG naiG n@n mONgi	savrOka sarara mElindGanianE naGnEn mNgi
nisv1234	sEG ambrOta samri Nami likanim	sirapratasam nriar milikanim v
nisv1234	andr@ varOGrOG	Nanvar OrO
nisv1234	Namai naur Ngawinim Namai sOG nauraN	Namainaur Ngaunim NamaindrusOGnara
nisv1234	ili nammbu mi ntmbani liNNOri	lilapatSavnambumind@ t@mbaniNgOri
nisv1234	araNgam livuG ndr@mbi	araNam Ngamul@vuG ndrOmbi
nisv1234	tlas nalON Nakan pal	tlas nalONaGkanpal
nisv1234	Gana mbutSE mi ndr@ sOmb rOG a	GanambutSimindisOmburOGa
nisv1234	Nakai ndr@ van	Nakaindr@va
nisv1234	Nandr@ Ngavan	and@n kava
nisv1234	k@krav Nasmbalsi	kakrav Nasmpasi
nisv1234	nambOl NatSumb urun	ambOl natSumbur
nisv1234	NgarOG urun mbai	karOGurnmpa
nisv1234	tamata Nakal mbEmndrasuswOr tSamb	tamatakalEmbEm ndras saGtSam
nisv1234	aru palaN Gni ndru Gani	arupalNgni nduG ani
nisv1234	naGEmatS naGrE ili Nakaikai mi	armatS nGrilakakami
nisv1234	ndr@ tONi	nd@tOGni
nisv1234	Nganili alivEnmbumbGaO aratSutuvrOG ndru arukai ambatmalNundr NatONi kaluai	anNganlialivan mbGawartuvurGntSONnaur Nukkambat manGundratSOdikalwa
nisv1234	ari aravan	Okiariaravan
nisv1234	kal pO napnEvur saNg mbum ndaratamsmbun iaN tamata mbut ili Navan mON	nkalpn apinEvrsaNmgndarEtamusmbniaNg@tamatambutili avan mu
nisv1234	aramin ndr@ punaG av@ni liGGOr	arami ndrpu naGavniliGOr
nisv1234	nivu aklaG van aGas ndr@ van nGasu arOGrOG urun mbus	niv aklaGvan aras ndrvan On nandGasu arOGrOGur mburs
nisv1234	NatSON n@n naslON ari nman ari	NatSONnasunNgari n@manari
nisv1234	naviurOGrOG ili Navan van l@s naGrE ili NatlaN	navurGurOG li avan andrsnaur naGarili atlaN
nisv1234	i k@namb@n Nami NgambimbON Gni	ikiknamban NamiN kapi mb@N NGni
nisv1234	m@tSiNg a	m@tSiNga
nisv1234	tataN s@n Nakal Ngan van naGrE ili aratONi van ndr@ ara	tataNs nakal Nanvan aGrili aratON ivanrtatarav
nisv1234	mba NgaGan mba nOvtSuGO maOwi	baNganGan mban OvtSGumawi
nisv1234	ili aNgammai aratON mbum naur nandrl@n ili mbulaGE ari	trakilaNgamEaratON mburEn aOr nandrlOn trakiliupur aGg@lari
nisv1234	arakalkali van van van NamaG	arakalkalivan van van Namar
nisv1234	Gana msaG mbus ni	nanamsaG mbus ni
nisv1234	ari pal ni namr ari anOv ar ndr@ vi malivOl	aripal ninamrarEanOvrandrvi malipOl
nisv1234	mbE nal@m Nasamb mi tSamb	bEnalOmasamb mitSamrbb
nisv1234	alE aravan m@tSiN ar ndr@ vi l@n	alEGaravan m@tSNgar nd@vil@n
nisv1234	naGEmatS ili akikai pal naGEmatS naur nari aravan vaG nambiaN	narmatSiliakikapal narmatSnaur nari aravand vaGl nambiaN
nisv1234	klaG NgapatSimai ndaratSaltSal Gni natar rOG urGaN ndaru ndaravaG G@l nambiaN mi tOkar ndr@ palaN Gni	NglaGNabatSimEndaratSatSalGaniNataGrOGuraNg ndaru ndaravaGl nambi NmEtOkar ndrpalNgGni
nisv1234	ka laNndravuG Nukai l@n napsu rEmbu	kanlaN ndravuGuk kalu napsir ambu
nisv1234	lipar s@n taika s@n ndr@ van	lipaGns takasindrvan
nisv1234	Nalsi Ngan p@rtSaN nEmbON Nais ni Namai ni aratlas nalON Nakan pal ndr@ van	Nalis NabtSanambu Naisni Namaniar atlas nalO Nakanpal rva
nisv1234	mbul naGE amndri amEG ursaO mndrasuNni l@n mbaNg	mbOnaGNnamndriamiGursamndrasuN ni ilOn mbak
nisv1234	aravan Nganili ndr@ kali mbarvE ili aramin arakali kali van Namar aralulu	aravan Nkanilin kalinbarvEli aramEn arakali kalivan Namar arallu
nisv1234	Nakur trak ais mONgi	Nakur ntrakaismuNkiN
nisv1234	NatSumbul vasOG nran ap@n	NatSmbul van vasuG ndran ap@n
nisv1234	naGrE ili mONg Nambav@n naGEmatS i van av@n Namkan ndr@ mkan nGai ili Namkan ndr@ mkan Nambulni l@n NganaN nGai ili NambalkaO l@n naGEmatS ili	naGarilim Ngambavn armatSli van avnamkan av ndrOmbkan Gaili avnamkan avndrOmbkanmbulnilvan Nganan Gailiambal Ngauln armatSili
nisv1234	nvarkambur Nal@m	varkamb@r al@m
nisv1234	NatONtON mbOn	NatONtON mbOn
nisv1234	kanin ari nambwaN navutS	kaninari nambiaNg nav@t
nisv1234	narEmatS ili amEG ndr@ ndr@mb tSumbul van van van vamamburmbur aran	narmatSiliamaulamEGndr ndr@mtSmbul mabupwaran
nisv1234	NandrONndrON van ndr@ l@s aratSaNi l@n araliN mbONus	NanrON ndrON bandrs aratSaNnilOn kartON NraliNilOn mbunNus
nisv1234	ararOG Namblav	arrOG Namblav
nisv1234	mbul amratSuvan k@nambEn	mbalam@ratSuvan k@n amban
nisv1234	aravarus van van van van	aravarus vavvan vanvan
nisv1234	NaNgamai NaNgam van van van van van mbaG@r niar ili ndr@ krav tvuk vals naGrE ili NasaG rOG	NaNgamNaNgamNgavvvvan mbGarGr ni ariliNEndkravtuk vas naGrili asaGrOG
nisv1234	alE ndr@ van talENg van ndr@ l@s mbaG@G GavuG tSkai mini NarOG	alEndrus vandrtal@N vandrl mbGarGrGavGtSkamiNarOG
nisv1234	van Nganili	van Nganili
nisv1234	Nakumb mbur navr@n NaNgav@n NaGumb navr@n	Nakumbur n av@rn aNgav@nGumb@n av@rn
nisv1234	ili aratSNav Nganili	ili aratS Navu NganEli
nisv1234	praN Gni van NaGav	praNGanivan NaGavs
nisv1234	alE mbEmatS alivumE Navan kik NavapatSkOv is@n ambEmatS alimbEmatS NaNOt NaNurvaGutS pErtSaN ndr@ patSi	alimbEmavimi avankik NavapatSkuvisnambEmalimbimatSamNOtNar NarvarutSuprtSaG ndpatSi
nisv1234	mbE klaG NgatSumbul min ndaru	akalaNGatSmbul mEndalO
nisv1234	mbEmatS ndruan navwumE	mbEmatS nruanav@mE
nisv1234	NatSkai m@tSiN rOG Nakumb mbur navrEn ili NandraG aNai van van vandr@mb tSumbul van ndr@mb mbaG@r niar ap@n	NatSkan@mtSrOG NaGumb@n av@rnili NanraraNavNandrvtSmbul vvandr@m mbarGrn arap@n
nisv1234	Nakur Ngan sai almaGn@n ili aru ndr@ aGan nGOi valiNni sG@r	akur NgansaalmaGnilarun rnGOvan l@NarusG@r
nisv1234	kur Nganili Na	kul NganiliNa
nisv1234	ia Nai mbuni laNgi NandrON maru mbum	aNamp@minaNgi NanrON marumb@m
nisv1234	van mbul kOG	van mbulkO
nisv1234	tSavkutS maru ili kik aratSavmburi s@G Nandr@mb vE ran	ratSav kutSun marulim gikaratSap mburinsi NandrvErran
nisv1234	alE tamata ili avan ndr@ vasOmb	lEtamataili avandvasOmb
nisv1234	aravan tlaN rOG rOG ndr@ tSaGni mitas	avantlaN nrunsalGnimitas
nisv1234	ndarapatS mONgi NgatSuvan lOvuk	tSarapatSmNgi NgatSvan lOvuk
nisv1234	wE viElaGlaG mONg	Oav@lalaGmNg
nisv1234	av@n aviElaGlaG vasaG lEn niar vasaG mON rOG lEn nsEv	amNgaalGalaGavasavilOnial vasaG muNgrOGrmsav
nisv1234	aratlaN rOG mON likanim l@n nambultin nalikanim wulin ndr@ suN navis rOG l@n windO ari	aratlaNgrOG mNgilikanimlun ambult nalikanimuli nrs@N navsrOG lun win tOari
nisv1234	suNi l@n nambu aGav ndr@ pani	suN nElOn ambru NaGav ndrpani
nisv1234	arakan van Nganili	Narakan van Nganili
nisv1234	alE n@n	alEnan
nisv1234	Nakal nanaN saNg awa kal Ngan av@n	NagaluEnEnaNsaNgE awakan Ngalav@n
nisv1234	tamata aNgam Nganili	tamataNNgam Nganili
nisv1234	aratSON viEraGraG kik ka viEraGraG	ratSONavir aGraG kikavEraGraG
nisv1234	van van van van van mbulaG a	vandvanvanvanvampulaGa
nisv1234	mndrumatmatu s@G mndratNgaO	mnrOmatmatusir mandrat@Ngau
nisv1234	Naia akEskisvas asumbiarvlu	NaamakEtSkEsvasasumbiarvulu
nisv1234	arapatS m@tSiN	arapatSm@tS@Ng
nisv1234	prai kutS@v kutSini NatSumb urun	pura kukutSini NatSumburn
nisv1234	aGumbE aviElaGlaG urkai	anaGmbE mav@laramburOka
nisv1234	alav navimbOl mONg	alavnavEmbOl m
nisv1234	krav van vi l@n Nandr ili aralsi naiG ili NamatSiN	kravanvln Nanrilirals naGiliamatS@N
nisv1234	vni namr@n NasvOG van ndr@ ndr@m	v@ninamrn NasvOG vand@nr@m
nisv1234	GaiN NgamtSumai ndr@ tSalmbOraN	Gai NgambtSmandr@tSalbOGaN
nisv1234	alE Nakur Nganili nlari van van van van nrEmbu ili NaGav napsun NaGav	Nali Nakur Nganindilnarivan van van van rambulEaGav napsunaGav
nisv1234	ili Navan ndr@ va Gusur lGOi	lENavan rvaGsur GO
nngg1234	a N =\a_?\e a N !\a~	aN|\ae aNka
nngg1234	ko4o ke a~i~ a !\qX_>abesi	ku4okee a|\|\_>isi
nngg1234	!\_vau |\|\_ho h\a h\a kama so h\a =\a_?\e	|\|\_>akubasiakaasuae
nngg1234	ku |\|\_>ae ku	u|\|\_>au
nngg1234	N !\k_ha	Xa
nngg1234	|\aba a ka!\qX_>o4a N ki a |\aba ka!\qX_>o4a	|\abak|\|\_>aaNkia|\abaka4a
nngg1234	!\Xaeka |\|\_>u~i~ |\|\_>N	|\aka|\|\_>ui|\|\_>in
nngg1234	so ?N |\|\_>a	soN|\|\_>a
nngg1234	|\~_hu~si ka|\e~	ke|\|\_>as|\|\_>
nngg1234	|\oeke si~N J\a~_?\n !\a4e	|\uekisunkenkae
nngg1234	a h\N kx_>u coa h\N kx_>u ga4e h\N =\a_?\e	aXaNkucoaNkukaua
nngg1234	so ku !\u4i ku c_hi~	sok|\|\_>uikuki
nngg1234	a bau sa u	aupah\usa u
nngg1234	|\|\_va~i~ se N |\|\ubuka h\a se h\a ku |\|\~a	|\asN|\bukanseakuNXa
nngg1234	!\Xau ci~	N|\|\_>uke
nngg1234	h\a !\~_hu~ |\|\~a~N	a|\|\_>uNu
nngg1234	a |\|\abe !\_>a u J\a~_?\n |\|\_>a	a|\|\_>be|\|\_>akaaaa
nngg1234	ou noi si !\Xae |\_>e ki a si |\ai O\u~	anasa|\aee|\|\_>eeusipuk
nngg1234	|\|\~ae sa ku !\k_ha ke h\e a	|\|\~asakusXakiiXakease?a
nngg1234	a mos |\|\Xaea	auXaa
nngg1234	N ke N |\|\abe	uke|\|\_>abe
nngg1234	h\a si !\o~ |\|\_>a h\a |\|\_hoa h\a	a|\|\_>uN|\|\_>aX a|\|\_>aa
nngg1234	h\a ku N =\o	aku|\o
nngg1234	N !\a~n	kan
nngg1234	ni |\|\u |\|\Xaea ts_>i~n ki	ikaN|\|\_>uasenki
nngg1234	e |\|\_>oe a kx_>a~i~ |\~_hu~ !\qX_>abesi	ane|\|\_> a|\|\_>eNue|\|\_>isi
nngg1234	N |\|\u si |\|\_hu ?u	|\|\_>osik
nngg1234	!\q_haike !\q_haike |\|\_va~i~a !\q_hai |\|\_va~i~a !\q_hai |\|\_va~i~a !\q_hai	|\|\_>aki|\aki|\|\_>aaa|\|\aaakaaka
nngg1234	!\u a si Xa ?a~ si !\qa~i~ si Xa ?a~ tSu~n sia |\qo~_?\	kuaseXaasisu|\|\_>asiaXciNisiJ\anXo
nngg1234	na |\|\~a	na|\|\_>a
nngg1234	h\e !\Xoa	e|\oa
nngg1234	|\~a h\a tsa	|\|\_>aasa
nngg1234	|\~a pi4i	Napi4i
nngg1234	?a |\|\qu~|\|\~k_ha |\ai	a|\|\_>uN|\|\_>aike
nngg1234	sa?a |\i N	kosaa|\|\_>i
nngg1234	e a si |\|\_>ae |\oaXu	easaa|\e|\aXu
nngg1234	cu~i~ Xae O\u~ a |\|\a~?i	piXeecikoaka?i
nngg1234	|\|\qa~n |\_>e kua N =\q_hi	kneo?aNXa
nngg1234	J\a |\qo~_?\	ka|\u
nngg1234	se kx_>ua h\a	se|\|\_>
nngg1234	a N si !\o~ |\i ?a	as|\|\_>usea
nngg1234	N si ku N |\|\u |\|\Xaea ku |\e~	asiaikukiaku|\|\_>aku|\|\_>e
nngg1234	h\a |\_voe |\|\a~i~ h\a ?au |\|\_hu	a|\|\_>o|\aauku
nngg1234	a so a~ tSu~n cu~i~ Xae u =\ao u =\Xa_?\ke	asaasaciNceXau|\|\_>eu|\ake
nngg1234	a Xu N gao	aXoNka
nngg1234	|\_vu J\e ka	|\aka
nngg1234	|\|\_va~i~ ke a~i~ a !\qX_>abesi |\|\_va~i~ |\|\ae	|\|\_>ace a|\|\_>siakae
nngg1234	J\isi a |\a_?\4a si |\qo~_?\ h\a ku |\|\~a si !\Xae |\qo~_?\	kisia|\e4asi|\oNakuh\asiao
nngg1234	|\|\_va~i~ ku o N |\_>e N |\_>i h\a ku N a	kakuNou|\|\_>eakuJ\aN|\|\_>?a
nngg1234	|\~N si J\e kx_>u	|\~sike|\|\_>u
nngg1234	J\a |\|\Xae	cau|\|\_>a
nngg1234	J\aba ki~n |\_>e |\_he	cabaki|\eka
nngg1234	h\N !\u~ ki~n !\u~ ku |\|\a~u~ sa h\a	|\|\_>ukinkiukiu|\|\aNsa
nngg1234	ki |\~a	kia
nngg1234	au sa	usa
nngg1234	a si !\Xae |\qo~_?\	asi|\|\_>aXa
nngg1234	si~si~n si~si~n	sesensesen
nngg1234	a h\a =\qu !\_vai ci~a	aX|\|\_>ukakea
nngg1234	a |\_vu	au
nngg1234	h\a |\_>e N	aN|\|\_>eeaNkisi
nngg1234	a N !\Xae ?a |\|\~N=\e Nkea a~ki	aN|\|\_>asa|\|\~eekeaaki
nngg1234	ki~n ke |\|\_>a	kince|\|\_>aebeai
nngg1234	ki~n |\|\~aka ki~n |\|\_>a	ki|\|\~akakin|\|\_>akap
nngg1234	sa |\i u sa h\ui ku ku	Xe|\aXauiku kuku|\|\_>Nouku
nngg1234	h\e ka|\e~ N	eke|\eaeakao
nngg1234	N |\~_hu~si |\|\~N ke a h\a !\~a?a	usNkeaa?
nngg1234	J\a si |\~au	kaseau
nngg1234	ki~n !\u~ a~i~	kin|\|\_>ue
nngg1234	|\_ho_?\ ke	|\|\_>oke
nngg1234	a ka!\qX_>o4a ?a h\a ka!\qX_>o4a ?a h\a ka!\qX_>o4a	aXaka|\|\_>o4a aXka|\|\_>o4aaka|\|\_>o4a
nngg1234	h\a |\|\~aka h\a ou |\|\_ho h\a |\qX_>a	aakaaukuXa|\a
nngg1234	|\_vi si J\e kx_>u N |\oaXu Nke h\e N	|\asikeXoN|\aXuukeN
nngg1234	h\a |\qX_>ui |\_hai |\|\_va~i~ N |\~_hu~si	a|\|\_>i|\|\_>aisusi
nngg1234	h\a ku N |\|\~a J\isi |\|\u !\_>ao N N |\|\ala k_hu|\|\_>a~N h\a ku N !\~o?e |\|\u |\ai N |\_va	aku|\~akisi|\|\_>aku|\a|\|\_>aNikalakukuN|\|\_>uba NakuNueN|\|\_>uoieNsika
nngg1234	|\|\_>a ki~ h\a |\_>a	|\|\_>akia|\a
nngg1234	a |\_vu J\a ko4o ke a~i~ a !\qX_>abesi	akkeku4okeea|\|\_>ui
nngg1234	na |\|\u !\auka !\ui	naku|\auka|\|\_>u
nngg1234	N si tsa a |\|\~N h\a sa h\a |\_>e h\a N |\|\~a |\|\~N	a?aNsea4asa?aubaaNasa|\|\_>ea|\~a
nngg1234	a h\a sumu Xa kx_>a~ h\a si N !\_ho u |\|\_va~i~ |\|\_va~i~a O\u~n	asoXa|\|\_>aase|\|\_>o?u|\|\_>a|\|\_>aa|\|\e
nngg1234	|\_va J\e a	|\|\_>aeksiJ\e
nngg1234	J\a =\au	ka|\|\_>o
nngg1234	a ku a~i~ki	aku oeNki
nngg1234	a sa h\a !\o	asaXa|\|\_>u
nngg1234	u !\_>a~u~ !\_>u	u|\|\_>akeukaiN
nngg1234	|\|\_va~i~ ku N |\|\u Xa |\|\_>ae h\a ku a ke	|\|\_>akuNaNkoXa|\|\_>aako ake
nngg1234	Xua N gao ke	buiXaNake
nngg1234	|\|\_va~i~ ka =\_va4usa N Ja	|\ekaaka|\|\_>ausaNNa
nngg1234	|\~_hu~ |\|\_>o4ake ka |\aia !\q_ha h\a a N !\~_hoe?a	|\uakaka|\|\|\_>aa
nngg1234	ki =\_>u~n	ki|\|\_>un
nngg1234	h\a se	ase
nngg1234	|\_vu |\|\Xaea	|\|\Xaa
nngg1234	|\|\_>a h\a O\u~n	|\ah\a|\|\_>o
nngg1234	kia coa	kanauoa
nngg1234	=\_ha~u~ |\_>e kike ?N	|\uN|\|\_>ekike
nngg1234	cu~i~ Xae noXoba sa h\a =\Xoa	kXauasnaXoasa|\a
nngg1234	?a ke a !\u~ a |\|\_>ae |\~a a |\|\_>a |\~a N cu~i~ Xae ku si ?a a	noakia|\|\_>ua|\|\_>aa|\|\_>aakikuse aa
nngg1234	J\a~_?\n |\_voe J\a_?\n J\a_?\n J\a_?\n J\a_?\n J\a_?\n |\_voe |\~a	kaNocacacnsancn|\|\_>i|\~a
nngg1234	N |\~_hu~si ke Xa |\aea N	a|\|\_>aNosikX|\|\_>e
nngg1234	ku N kx_>u N |\|\~Nke	kuN|\|\_>ue
nngg1234	ku |\_voe J\a~_?\n ku sa ku |\~ai	kuguakaankosaku|\|\~e
nngg1234	|\_>ea |\_he	|\ea|\a
nngg1234	ki J\a Xae |\|\_>a	nokikaX|\|\_>a
nngg1234	|\_va kx_>ua na ka!\u	|\a|\|\_>uanaka|\|\_>u
nngg1234	|\|\_>N kaJ\ama N Xa~i~kia~	|\|\_>keeaXankia
nngg1234	|\aeki a |\|\_>ae =\o	|\eki|\|\_>ae|\|\_>o
nngg1234	?a ka~|\|\ai ka|\|\u4uke	an akaa ika|\|\_>uuke
nngg1234	na si |\|\_>a	nasi|\a
nngg1234	!\q_ha h\e ku =\u~n =\Xoa |\|\~a	|\|\_>aokuk|\ua
nngg1234	h\a ke kama ga4eki h\a !\~a4i !\~a4i !\~a4i |\|\a =\Xai J\a |\|\_>oa~	akkakikiaea|\|\_>ai|\aXaea|\a
nngg1234	h\a |\|\_>ae	a|\|\_>e
nngg1234	|\|\_>u~i~ |\|\~aka h\a !\a4e	|\|\_>u|\~akah\a|\a4e
nngg1234	|\_va |\|\_>a~N tsa?a !\qoeki a |\|\_>ae N |\ai N !\qoeki a h\a tsa?a !\qoeki	oka|\|\_>ansaaa|\|\_>a|\ikacasakak
nngg1234	|\~a |\qX_>aea ?ia	NauN|\XaaJ\a
nngg1234	h\a !\~a na h\a ka_?\leke	asauNanaakaake
nngg1234	lasi a ko h\a kx_>ua h\a	aXiaasako|\|\_>aa4oksi
nngg1234	si ki gu~n Nke |\|\_ha~i~	enokikke|\|\_>an
nngg1234	gao k_hu|\|\_>N	kokN|\|\_>a
nngg1234	|\|\_va~i~ ke |\|\ae	kaici|\|\_>ae
nngg1234	|\~_hu~si ke Xa kua |\~_hu~si |\|\am Xa kua a |\|\_>a O\u~n	suskiesakaNsabkaNXe|\|\un
nngg1234	a ku	aku
nngg1234	su4ike kike a ki~n k_ha?u ki~n !\u~	asukikike akinkauNkokih\u
nngg1234	N =\Xa~i~ su~i~ Ja kx_>u~i~ so	NJ\i|\|\_>asoNa|\|\_>oso
nngg1234	|\oba O\oa N tsipi |\|\o_?\4a	a|\|\aNsipiko4a
nngg1234	!\_vae |\aeki	a|\eki
nngg1234	ku |\|\_>ae ku |\|\_>a ku N	kuN|\|\_>aekuku|\|\_>akubudiku|\|\_>okuNganiJ\ane
nngg1234	h\a |\|\~a~N=\e h\e h\a si~si~n |\~a	anie easis|\|\_>a
nngg1234	N |\ai N 4omsi N |\|\_>a?a	|\|\_>iosi|\|\_>a
nngg1234	a N |\~N |\aeki na !\~_hoe?a ?a	asekinaaa
nngg1234	|\_va |\|\u |\~ai	|\a|\|\_>oNa
nngg1234	!\ae |\|\_>ae =\o	Xa|\eko
nngg1234	ku =\_>u~n	ku|\|\_>unibse
nngg1234	a sa ?a~ki ?a sa ?a~ki	asaakiasaaki
nngg1234	|\~a =\au|\|\a	saa|\|\_>a
nngg1234	cu~i~ Xae |\_vu~uka	kiXeXa akosi
nngg1234	a h\au sa =\_ha~u~ |\_>e N ca |\|\_haike	aus|\|\_>o|\|\_>ake|\|\_>aki
nngg1234	=\_vi N kua	ka|\|\_>e Nka
nngg1234	u si J\aba ki ah\a	osikabakea
nngg1234	|\_va J\e si~si~n	|\ake sesa
nngg1234	a |\|\_>ae N tsa?a sa O\oe |\~a si ?a~ |\~a si !\qa~i~	a|\|\_>aNsasa|\|\_>a|\~asi aNasika
nngg1234	?a~i~ki !\q_ha	|\|\_>aNki|\|\_>a
nngg1234	ki~n !\~a4i	kinNa4i
nngg1234	|\_va ka~|\|\ai	|\|\_>aka|\aebek
nngg1234	ku |\|\~ae =\a_?\e !\_>oake4a O\u~ ku |\|\~ae =\_>aba |\|\_hoe ku ci~	akaeNakeakuka|\|\_>aba|\|\_>oekuki
nngg1234	|\|\_va~i~a |\|\~ae |\|\_>ae |\|\_va~i~ |\|\~a~N |\_>e	aaa|\|\_>aa|\|\_>e
nngg1234	J\a si !\~u	kasinau
nngg1234	sia si si ki ?a	ssisike?a
nngg1234	ki |\|\~aka ki !\ae ki so ki !\ae ki	ki|\~akaki|\|\_>akasoki|\aki
nngg1234	a~ki h\a a~	akiaa
nngg1234	ku !\_hui	kukae
nngg1234	h\N !\~_ha~u~va =\Xoa h\N |\|\_>u~i |\~ai na ca	co|\|\_>|\|\_>au|\|\_>une|\|\_>inaka
nngg1234	N ke N |\|\abe	ke|\|\_>aba
nngg1234	sa N ki a	k|\seNJ\e
nngg1234	na |\|\au ?a	na|\|\_>aua
nngg1234	a h\au |\_>e h\Nke N Xabasi a h\au |\ai !\ao	au|\|\_>akXabasiau|\i|\|\_>o
nngg1234	h\a =\_ha~u~ |\|\_hoe si	aN|\|\_>a|\|\_>onsi
nngg1234	N k_hi~J |\|\qa~n	ki|\|\_>an
nngg1234	h\a ku N |\aeki ko |\ai au kx_>a~i~	akuN|\aekikeu|\uau|\|\_>e
nngg1234	h\a ca	a|\|\_>uicabose
nngg1234	=\o O\u~	|\|\_>aku
nngg1234	ke na si Xu ?a	kasiXua
nngg1234	|\_va =\_>a~i~ka N si ka!\qX_>o4a |\~a ?a	|\a|\|\_>ikaNsikaXu4aNa
nngg1234	a |\|\u si =\Xoa |\|\a |\~_hu~si	a|\usik|\|\asausi
nngg1234	a si =\Xoa |\~a ?i	aseosXaai
nngg1234	na |\|\Xaea N	na|\|\_>aa
nngg1234	|\_va |\|\u |\~ai |\|\_va~i~	kaNea
nngg1234	a kacu?i~ N	akacu
nngg1234	cu~i~ Xae	ieXe
nngg1234	h\N |\|\~auka	uakae
nngg1234	a ki~n	akin
nngg1234	|\|\abe =\_vi N kua	ni|\|\_>beXiuka
nngg1234	|\~a |\aba	a|\|\_>aa
nngg1234	|\_vu =\Xa_?\ke cu~i~	|\|\_>u|\akake
nngg1234	|\~_hu~si ku !\~o?e N |\|\ala tsa?a |\qX_>aba=\_>ao a =\au a	|\|\_>osekuoen|\|\_>aasaa|\|\_>a a|\aa
nngg1234	a |\~ai ki?a !\u a Xa |\_>a	asekekuaXa|\a
nngg1234	|\_va si |\~a~u~ ku	|\asiauku
nngg1234	!\_vae O\u~	a|\o
nngg1234	|\|\_>a~n?a ku	|\|\_>aoko
nngg1234	a h\a ?a na ?a h\au |\_voe ?a N |\|\aXea h\e !\~a|\|\_>a ?N ts_>i~ sau ?a~i~	aanau|\|\_>a|\|\_>aae|\|\_>a|\|\_>asisu|\|\_>se
nngg1234	ca |\oaXu h\e ku XN |\a |\|\_haua h\N ka !\~u~i~	ke|\oXoikseXuakokaue
nngg1234	kx_>u coa	|\ucua
nngg1234	a i sa i |\|\Xoe N	aisai|\|\_>ui ubaa
nngg1234	!\o_?\e |\_va J\e	aesaJ\a
nngg1234	h\a |\|\_>a h\a ku N |\qX_>aba=\_>aosi	a|\aakuo|\aba|\|\_>asi
nngg1234	sa !\~a4i !\a4e	saakoe
nngg1234	|\~a a |\~a	NaaNa
nngg1234	h\a sa !\~_h au	kasa|\|\_>u
nngg1234	au |\|\_hu	a|\
nngg1234	N cu~i~ Xae cu Xae ki !\_>ai	kkuXekih\e
nngg1234	kx_>u O\_>ui?i	|\|\_>u|\i
nngg1234	h\N =\a_?\e h\N =\a_?\e h\N !\a4e N !\~a~i~	sNsN|\a|\|\_>ae
nngg1234	ki~n ke si !\Xaeki~n |\Xo	cinss|\|\_>aki|\o
nngg1234	a !\Xoa	aa|\|\_>oa
nngg1234	|\_he |\_>i	sai
nngg1234	=\_vi ?a |\|\u si =\a_?\ma |\|\_>a |\aeki O\u~ ?a	|\eea|\|\_>usaa|\|\_>aeeki|\uNa
nngg1234	kika J\oke ke |\_>i ca h\a Xu	akikaJ\uke ke|\ikeaXu
nngg1234	ai N k_hi~n |\|\_>u~i~ N =\aoa N |\|\_>N !\~_hoe?a !\k_ha N coXoe	a Nkineskin|\|\_>ioXsao|\|\_>aankaXe
nngg1234	ku J\a_?\n ku J\a_?\n ku J\a_?\n ku J\a_?\n	kkan kukan kukankukan
nngg1234	a h\N kx_>u Xaoke sa kx_>u Xaoke sa kx_>u Xaoke sa h\N |\|\~aka h\N kebe	a|\|\_>uXaksa|\|\_>uXaksa|\|\_>uXakasaNakaNkibe
nngg1234	ku k_hi~n |\|\_>u~i~	skiakunki|\|\_>aku
nngg1234	a ko4o Xa kx_>a~i~ !\qX_>abesi h\a !\_vai	aku4oXe|\|\_>i|\|\_>si a|\|\_>ai
nngg1234	h\N |\~i	ao
nngg1234	a =\a~n Nke	a|\en ke
nngg1234	ku ka~=\o_?\no ca |\_vo_?\e |\|\~a ku ka!\qX_>u	ku|\|\_>u|\|\_>nkaau|\|\_>ee |\|\~akukukkukukuku
nngg1234	|\|\_ha ts_>i~n	aa|\iusikio|\aXa|\i
nngg1234	|\_ho_?\ coa~?a	|\eka
nngg1234	ku |\|\_>N kx_>a~ a !\qX_>abesi	ku|\|\_>N|\|\_>a a|\|\_>esi
nngg1234	|\oba ke |\a_?\4a h\a k_ha?u	kobakikaaakau
nngg1234	|\ai N ca |\ake h\e h\a XN =\qaua	|\ke|\akaeXNaa
nngg1234	ai na =\aoa !\q_ha O\u~i	aunona|\|\_>a|\|\_>akune
nngg1234	a |\|\u si	a|\|\_>usi
nngg1234	si i |\|\_>ae	si|\|\_>euno
nngg1234	na si !\o~ !\_>au ki a ke N si =\am?i~ ?a	nas|\|\_>uN|\|\_>aukia ke|\|\_>eaa
nngg1234	ki~n |\_voe	kiN|\|\_>a
nngg1234	N |\|\~a	u|\|\_>a
nngg1234	|\|\~N=\e |\Xo ?a h\N |\qo~_?\ ?a h\N |\qo~_?\ ?a h\N |\qo~_?\ ?a h\N |\qo~_?\	akaaa|\uaX|\u|\|\
nngg1234	sa sa |\|\_>au	saasaso
nngg1234	gu~n Nke	kunka
nngg1234	a h\a |\ai	aXa|\e
nngg1234	|\|\~a~N h\a |\|\_>a~	a|\a
nngg1234	J\a si |\|\Xaea N |\e~	kes|\|\_>Xa N|\|\_>e
nngg1234	u |\|\u ga4eki J\a~_?\n ke N |\|\_va |\|\a?e~	pan u|\|\_>uka4ekeka?NkeN|\|\_>a|\|\_>ae
nngg1234	h\a ku h\a tsa h\a |\|\~N h\a si N |\_>e	akuasaaNasiN|\|\_>e
nngg1234	|\i h\a |\qX_>a	|\e a|\a
nngg1234	a h\au |\ai	a|\ssi
nngg1234	=\k_hake |\|\_>a	|\aka|\o
nngg1234	h\N |\~a	a
nngg1234	!\qui O\u~i ku kx_>u |\|\a !\_vai ci~ h\Nke kx_>u |\|\a h\Nke kx_>u |\|\a h\Nke	|\|\_>uankukukuukku|\|\_>a|\|\_>ekiNkikaku|\|\_>akukuake
nngg1234	J\a~_?\n J\a~_?\n J\a~_?\n J\a~_?\n	kankankankan
nngg1234	a ke N kx_>ua	aokanke|\|\_>u
nngg1234	ca Xabasi	kaXabase
nngg1234	|\|\~N=\e coa~?a N ki ?a	Nkecaance
nngg1234	ku |\|\a~u~ si |\qae ke c_ha?i	ku|\|\_>oNs|\ekakai
nngg1234	|\|\abe a |\_vu	a|\|\_>abe a|\|\_>u
nngg1234	ka!\_vaeke ke ki |\ake h\e kebeke	ka|\|\_>akakeki|\akakeNekebeke
nngg1234	|\|\u |\|\Xaea |\|\qX_>o4eXa	uXae|\|\_>ueXa
nngg1234	ki~n ke |\~a ku se |\~a N cu	kekekiXsakusaku
nngg1234	J\isi =\Xoa ?a cu ?a kx_>u~i~ so	isi|\|\_>aao a|\|\_>eso
nngg1234	|\~a N ki~ |\~a N ?a~	|\keNa
nngg1234	a si kx_>a4ao O\oe N |\~a |\oeke	aseN|\|\_>aa|\|\_>aieN|\|\e|\~as
nngg1234	|\|\_>N |\_ho !\u~ki	a |\|\_>ih\okuki
nngg1234	gao !\aea gao !\aea	ka|\|\_>eaka|\|\_>aa
nngg1234	N si |\|\_>N |\_hu	as|\|\_>an|\u
nngg1234	h\a kx_>a~i~?i~ |\|\_va~i~	a|\|\_>ei|\ai
nngg1234	h\a ku N !\qoeki |\~aa naa =\o ?a	h\akuN|\|\_>ai|\~asNa|\o?a
nngg1234	coXoe ke si XN |\|\_>a si ka !\Xo |\|\_>a si |\|\_>a !\Xo |\|\~a si !\Xo si !\Xo si !\Xo a	uukXkenseXe|\|\_>ak|\|\_>ask|\|\_>oosi|\|\_>os|\|\_>o?e
nngg1234	a si |\|\_>ae a si |\|\_>ae	as|\|\_>eas|\|\_>e
nngg1234	sa |\|\_hu ki~n	lo4ikesaau|\|\_>uki
nngg1234	ki~n |\|\_>a ki~n	|\|\_>akine
nngg1234	=\_vi |\_vua	Xe|\
nngg1234	na N	nai
nngg1234	a h\a =\_ha~u~ h\a N	aaaN
nngg1234	so ?N |\|\_>a4ua	soaia
nngg1234	h\a ku N |\|\~a |\aeki O\oe ke tsa	aku|\~a|\ekee|\|\_>akisa
nngg1234	ca |\ake ke seke4i c_ha?i ca gao ke ki~n	ka|\|\_>askaeka ikakakekin
nngg1234	h\a =\Xai mi4i	aa4i
nngg1234	h\a |\|\Xo	a|\o
nngg1234	|\|\qu~|\|\~k_ha h\a so	|\uNkaso
nngg1234	|\_vu |\|\_>a u |\|\qX_>o4e |\~_hu~ guke	X|\eakke
nngg1234	|\|\ae !\au !\au !\au !\au	|\eaaa
nngg1234	kua so ku c_hi~	kasokuki
nngg1234	ke e a N =\o	keaa|\u
nngg1234	h\N si N !\~_ha~u~	s|\|\_>kk
nngg1234	h\e XN |\|\_ha |\|\_haua	h\edokanXaa|\|\_>aa
nngg1234	si |\qo~_?\	sisi|\|\_>o
nngg1234	|\_va =\Xoa kx_>amki	cauNsa|\a|\|\_>ke
nngg1234	|\~a si |\qo~_?\	asi|\ka
nngg1234	|\_va J\um	|\a|\aakiku
nngg1234	ku !\Xau h\a ku !\Xau h\a !\Xau h\a ku !\Xau h\a ku !\Xau h\a ki~n |\|\_>ae ki~n	k|\|\_>aaku|\|\_>ak|\|\_>aa kuabak|\|\_>akin
nngg1234	|\|\_>a ku =\a_?\e	o|\ae
nngg1234	h\a ku	aku
nngg1234	i |\~_hu~ke ?i |\~_hu~ke ?i |\~_hu~ke	iNke ike ika
nngg1234	ku |\|\a~u~ ku kx_>a |\~a ku kx_>a |\~a	kakXaNakuXaNakuXaNa
nngg1234	|\_>ea |\_>ea	ea|\a
nngg1234	|\_va |\~ai gao ?a	esaka?a
nngg1234	ku !\_>ao |\aba	ku|\|\_>asaba
nngg1234	4omsi a h\a kx_>a~	4osiah\a|\|\_>a
nngg1234	a !\u a h\a |\i ki a !\u a h\a |\a h\a a ko	a|\|\_>uapa|\iaN|\|\_>uaa|\apiaku
nngg1234	i !\ae ke ?i |\|\_>a ?i |\i u gu~n ?i |\|\_>a i N kx_>u	i|\|\_>kei|\|\_>ai|\euunu iN|\|\_>aiuu
nngg1234	ke i |\qo~_?\	onanke|\a
nngg1234	N |\|\_>a~N |\a a !\k_ha |\|\~a h\a |\|\~ae =\Xoa |\_>i	auki|\|\_>usaa|\|\_>aNaaNaa|\i
nngg1234	ki~n |\|\_>a ki~n |\|\~a	ki|\|\_>aki
nngg1234	ni c_ha?i	neekai
nngg1234	|\|\_>a~n?a N !\aea	|\|\_>aka
nngg1234	|\|\abe ku	|\|\_>abeku
nngg1234	=\u ?a sa	|\|\_>nasaau
nngg1234	ku |\|\_>a coXoe	kuas|\|\_>akoXoe
nngg1234	a i XN kakea ki	aXnkaaeki
nngg1234	!\~o?e a ku ke Xa kx_>a~ si ko4o	|\|\_>kukeXakaseku4o
nngg1234	na si~si~n	nasiis
nngg1234	N ke si =\qa~	NkesiusnaN|\|\_>a
nngg1234	!\Xa~a |\~a ku !\Xa~a |\~a ku |\|\_>u~i~ |\|\_>N	|\XanaNaku|\XanNaku|\|\_>iu
nngg1234	|\~_hu~si ku ku	|\osikuu|\a|\|\_>ekuk
nngg1234	|\~a si se si |\qo~_?\	assasen|\o
nngg1234	h\a !\_vai ka !\~o~	a|\|\_>ecao
nngg1234	h\a tse N |\qX_>ui |\_hai |\|\_va~i~ N |\~_hu~si	acauaa|\|\_>|\|\_>aiusi
nngg1234	ki~n !\ae	kin|\ai
nngg1234	|\|\a4u !\q_ha	|\|\_>au|\|\_>a
nngg1234	si |\_>i so ko_?\na	siN|\|\_>isakonaN
nngg1234	J\isi Xa a |\|\u |\~ai ?i ka!\qX_>o4a |\|\a ?i ?N =\aoa	kisauNeika|\uXua|\|\_>aia?ua
nngg1234	h\n?N |\|\u |\|\Xaea N |\|\u |\|\Xaea	|\o|\|\_>aku|\|\_>ae
nngg1234	ca |\|\_haike se	ke|\|\_>akese
nngg1234	h\a |\|\~ae |\ai ?a	h\a|\|\~a|\|\_>iNu|\|\_>sia
nngg1234	ki~n cxa ?N	kincau
nngg1234	a =\q_hi	aXe
nngg1234	=\k_hai sia a |\_ho_?\ h\e	Xiseaaa|\o a|\uase
nngg1234	=\_ha~u~ |\_>e kike N	Xa|\|\_>aikaaNkisi
nngg1234	sa a kua =\q_hi	saaNkoXi
nngg1234	|\oeke Nke	e|\okeNk
nngg1234	|\|\_va~i~a kx_>a |\|\_va~i~a ku a Xua kx_>a	a|\|\_>a|\|\_>aakuXoaXua|\|\_>a
nngg1234	|\~a si ?a~ |\~a si kx_>u~i~	asi aai|\|\_>o
nngg1234	na si =\am?i~ ?a	nasikaaaaXaXu
nort2641	t{r1n p1r t{r1n h1nd1k t{r1n	t{r1 p1rt{r1 h1nd1kt{r1
nort2641	Z1 bo:nA: vi:jA: g{r{kA: m{r1ve: {vli: {vA: Si:r{tA: m1n l1 s{r t{mA:me: me:r u: Z1ne: {vl1 b1n tUdZA:r d1 mA:lA: xw{ dA: S{r n{k1n	Z1bo:nA:vi:jA:g{r{kA:m{r1fe:{vli: {vA:Si:r{tA:m1n l1 s{rth{mA:m1nme:ri:u:Z1ne:{v1li:b1n t1dZA:rd1mA:lA:xw{dA:S{rn{k1n
nort2641	t{r{ wi: dZi:je: ku: m1 h{m{de: hA:rUne:r{Si:t sA:ndu:qA: qi:z1ke: A:ve:ti:j{ d{n1ze:	t{r{wi:dZe:k1m1h{m{de:hA:ru:rne:r{Si:sA:md1qA:qi:z1ke: A:vi:ti:{d{n1ze:
nort2641	s{re: wi: tSu:j{ b{r A:ri:kA: xw{di: k1ri:j{ qi:zke: s{r tSA:ve: xw{ d1 b{r dA: SUSti:j{	s{r{tSe:b{rwA:ri:kA:b1xw{li:k1re:qi:sk{s{{rtS{be:xwA:d1b{rnA:Su:Ste:
nort2641	e: d1be: Z1n1k m1n m{hi:n Zi: dA: b1 b1z1n{ki:	e:d1be:zZ1ne:m1nmA:i:Zi:dA:b1b1z1n{ki:
nort2641	b{le: {vA: tSi:ro:kA: m{ Zi: l1 we:de:rA: x{lA:s bu: di:sA: {m be:Z1n	b{de:{vA:tSi:ro:kA:m{Zi: l1be:d{rA:x1lA:zbu: di:sA:{nbe:Z1n
nort2641	w{j m{ri:k d1be: {w d1hA: b1 xe:r{	w{ri:me:d{jd1be:{u:d1hA:b1xe:r{
nort2641	zA:f gUne: xw{ m1n A:ni: go: m1n d1nl{m1S n{k1r	zA:gu:ne:nxw{mA:ni:n go:m1 di:n{mi:St{k1r
nort2641	tSA:wA: nA: d1be: w{l{ l1 m1 nA:x{	tS1wA:nA:d1be:w{l{n1m1nA:x{n
nort2641	{m b1z1nA: xw{ d1do:S1n d1k1n qA:t1x d1k1n ru:n d1k1n d{w	{mb1z1nA:xw{d1do:S1n d1k1n qA:t1x d1k1nru:n d1k1n d{w
nort2641	m1h{m{d {mre: wi: te: p{ndZi: sA:li:	m{h{m{di:{m1re:wi:te:pe:ndZi:sA:li:
nort2641	rA:d1b{ qi:zA: d1gr{ t{r{ t{r{ mA:lA: pi:rA: de:w	rA:d1b1qi:zA:d1g1r1t{r1tr1 mA:lA:pi:rA:dde:jo:
nort2641	{z d1r{v1m d1r{v1m t{r1m we: d{re: u: {z bA:lA: xw{ d1d1me: le: b{r tSA:ve: m1n k{w f1rd1d{ t{r{ d{ste: m1n nA:g1he:Z{	{zd1{b1n d1r{b1n t{r{mwe:d{re:o:{zbA:lA:xw{z1de:me:l1b{rtSA:ve:m1k{u:f1rdd{t{r{d{se:m1nA:vgi:Ze:
nort2641	dA:jkA: pi:r{ d1be:Z1n q{t m{rA:k n{k{ {m Z1 t{ rA: nA:b1n bA:rg1rA:ni:	dA:rkA:pi:re:d1be:z{q{m{rA:x1n{k{{mSt{rA:nA:b1mbA:r1g1rA:ne:n
nort2641	{wi: d1gr1n ti:n1n	{we:d1gr1nti:r1n
nort2641	d{Ne: wi: p1r xw{S{ p1r xo:rt{ki: b{d{w{ ke:fA: xw{ Ze: rA: ti:n{ {wA: xw{ d1k{ S1kle: k{vo:k{ki: {w w{xtA: {zA:n d1d{ l1 di:hA:re: m1nA:re: {wA: t{r{ l1 b{r dA:ti:n{	d{Ngi:wi:p1rxw{S{ p1rxo:rt{ki:b{d{w{ke:vA:xw{Ze:rA:ti:n{{vA:xw{d1k{ Se:kre:k{bo:k{ki: {w{tA: A:zA:nd1d{l1di:hA:re:m1nA:re:{vA:t{r{l1 b{rdA:ti:n{
nort2641	h{r k{s mA:le: xw{ ti:n{ d1fro:S{	h{rk{n mA:le:xw{ti:n{d1pro:S{
nort2641	rA:d1b1n d{w{tA: we: d1gr1n b1re: d1k1n d{w{t t{r{	rA:d1b1n d{w{tA:we:d1g1r1mb1re:dk1nu:d{h{th{re:
nort2641	zA:vA: m{re: we: lA:we: pA:Se: w{r d1le: d1k{v{ h{rdU gUlA:	zA:bA:me:re:we:plA:e:pA:Se:w{rd1le:k{wA:h{wrd1g1rA:
nort2641	d1be: w{l{ m1 Zi: pi:re: kUSt	d1be:wA:l{m1Z1pi:re:kA:St1
nort2641	go: m1n xw{ dA:j{ s{re: re: tSi:jA: j{ sUwA:r e: te: rA: t{r{	go:m1xw{d{{s{re:re:1tSi:jA:j{rre:S1vA:re:te:rA:t{r{
nort2641	xw{de: t{A:lA: {w Zi: k1r q{zA: u: b{lA:je: t{ u: mA:lA: t{	x{d{re:tA:A:lA:{w1Zi:k1r b{rq{zA:w b{rA:je:t{wu:mA:rA:t{
nort2641	tU s1lA:m{t Z1 m1 rA: hA:ti: mA:le: b{s{	t1 s1lA:m{Z1m1rA:hA:ti:n mA:re:b{s{
nort2641	go:t xo:rte: d{lA:l tU m1n n{kUZ{ {ze: h{di:j{ki: b1d1m t{ d1 d1njA:je: dA: tU k{si: Z1 k{si: rA: n{k1ri:b{	go:xo:rt{d{rA:d1to:m1n{ku:Z{{ze:h{di:{ki:b1d1m t{ d1d1njA:je:dA: tu:k{si:Z1k{si:rA:n{k1r1b{
nort2641	kA:re: wi: {w{ t{r{ mA:si:jA:n Z1 d{n1ze: d1g1r{ ti:n{ te: d1fro:S{ i:dA:rA: xw{ b1 wi: d1k{	kA:re:vi:{w{t{r{ mA:si:jA:Z1 d{n1ze: d1gi:r{ti:n{te:d1fro:S{i:dA:rA:xwA:gwi:d1k{
nort2641	d1k{ wA:n xA:ni:jA:	d1k1wA:xA:A:njA:
nort2641	qA:zki: we: ko:rbu:j1 qA:zA: we: j{k tSA:ve: we: sA:x bu:j1	qA:Sti:be:ku:bu:rbi: xA:zA:we:j{ktS{ve:sA:xbi:1
nort2641	b1h{r1m l1 mA:lA: wi: dA:jn1m	be:h{r1l1mA:lA:i:d1wA:jn1
nort2641	jA:ln1z d1be: S{rt{ki: m1n h{j{ j{k S{rt{k1 m1n h{j{	jA:d1b1 S{rs{ki:m1n h{j{ j{kS{rs{ki:m1nh{j{
nort2641	e: d1be: qi:zA: m1n h{r{ gA:zi: k{ b1lA: w{r{	e:d1b{qi:zA:mh{rA:gA:zi:ke:brA:w{r{r
nort2641	bA:S{ dU se: ro:Z d1k{v{ A:re: j{ke: wi: te: d1be:Z{ m1h{m{d w{l{ Z1nA: f1lA:n dZ1nA:re: m{ w{le:di:j{ d{rgu:S{ki: qi:z1n Ze: rA: bu:j{	bA:S{rdu:t{ro:d1k{b{qA:r{j{ki:wi:te:d1be:Z1m1h{m{d w{l{ Z1nA:f1nA:ndZi:nA:re:m{w{l{di:j{d{rgu:S{ki:xi:zi:nZ{rA:bi:j{n
nort2641	{w bA:z1rgA:nbA:Si: l1 dUj{ t{rke: nA:k{	{wbA:z1bA:z1rgA:nbA:Si:l1du:j{t{rke:nA:k{d1
nort2641	e:vA:re: Zi: he: A:s1r bu: b1re: d1k{t b1 m{xr{be: rA: A:ndZA:x tU d1gi:hi:St mA:le:	e:wA:le:Zi:he:{s1rbu:t1b1re:b1k{d b1m{xr{be:r{A:nZA:xt1d1gi:St1mA:le:
nort2641	t{r{ l1 ke:l{kA: d{re: mA:le: ne:z1ki:jA: {w p{jA: d1b{	t{r1l1ke:l{kA:d{re:mA:le:nwe:dk{{w1p{jA:d1b{
nort2641	d1be: t{ tS1 k1ri:j{	d1be:t{rtS1ki:ri:j{
nort2641	t{r{ h1n1k h1Sk bu:n{ h1n1k sA:x 1n ti:n{ h1n1k n{ r1nd 1n	t{r1h{n1k {Sbu:n{h{n1k sA:vA:nti:n{h{n1k n{r1nd1
nort2641	d1be: bA:ve: m1n m{r1f{ki: p1r tUdZdZA:r bu: p1r z{Ni:n bu: {z dZA:hi:l bu:m xo:rt bu:m bA:ve: m1n k{t m1r	d1me: bA:v{m1n m{r1f{ki:p1r t1dZA:r1bu:p1rz{Ngi:mbu:{dZA:h1rbu: xo:r bu:n bA:be:m1k{t1m1r
nort2641	{ze: Ze: rA: be:Z1m pe: rA:zi: b1b{ {ze: b1d1me:	{ze:Ze:rA:be:Z1m {g{rpe: rA:zi:b1b{{ze:b1d1me:
nort2641	d{ste: xw{ v{k1ri:j{ di:l{ndZi:ti: d1k{ pA:rse: d1xwA:z{	d{zte:xwA:b{ki:rj{ di:r{ndZi:te:d1k{pA:rs{d1xwA:z{
nort2641	Z1n1k Z1 wA:n rA: tSA:jmA:j ti:n{ te:	z1r{kzwA:rA:tSA:mA:je:ti:n{te:
nort2641	e: t{ di:t m{r1fe: b{re: {sle: wi: t{mi:z n{fsA: xw{ d1Ske:nA:nd1n	e:t{di:m{r1fe:b{re:h{ste:vi:t{mi:z n{v1sA:xw{t1Ske:n1hA:nd1n
nort2641	b1rA: zA:re: w{ Zi: tSA:v n{d1n w{ n{{l1m1n S{rA:	b1rA:zA:re:w{Zi:tSA:v1n{d1w{dn{{l1m1 S{rA:
nort2641	d1be: w{l{ wA:je: l1 we: de:rA: d1 o:d{ki: dA:j{ {z ro:je: se: dA:na nA:ne: we: d1d1me: {w Zi: ro:je: p{ w{xt n1me:ZA: xw{ d1k{ gA:zi: xw{de: d1k{ {fu:jA: xw{ Z1 xw{de: d1xwA:z{	d1be:w{l{bA:rbe:dA:d1o:d{ki:dA:j{{ro:e:pse:dA:nA:nA:n1wi:d1d1me:{wZ1ro:e:pe:ZwA:n1n1me:ZA:xw{di:e:gA:zi:xw{de:di:ke:{ptjA:xw{Sxw{de:d1xwA:z{
nort2641	{z kUre: hA:rUne:r{Si:t1m xA:t1re: m1n qA:se: d{rgu:S{ki: tUn{	{dku:r{hA:ru:ne:nr{Si:t1nxA:t1re:mqA:ze:d{rgu:S{ki:t1n{
nort2641	d1be: ro:Z{ki: SA:he: p{ri:jA: h{bu:j{	d1be:ro:Z{ki: SA:he:p{ri:jA:h{bi:j{
nort2641	go:t lA:wo: m1n n{kUZ{ {ze: te:k1m dZA:ve: t{ je: d1n Zi:	gw{mA:nnA:w m1n{kw1Ze:{ze:te:kmtSA:ve:t{d1nZe:
nort2641	d1ve: f1lA:nk{s dZA:nu: j{ m1 Ze: h{zk1ri: nA:vA: h{spA: dA: j{ tS1mA: b1kUZ1n d1be: nA: b1rA: b1kUZ1n	t1be:x1rA:ntS{rtwe:dZ{ngi:m1Ze:h{ski:ri:n nA:v1h{st1bA:d1tS1mA:b1ko:Z1 d1bi:r nA:b1rA:b1ku:r
nort2641	ro:ki: i:dA:r{ d1k{ dUdU i:dA:r{ d1k{ s1se: i:dA:r{ d1k{	ro:ki:i:dA:r{dk{du:d1i:A:r{t1k{se:i:dA:r{d1k{d
nort2641	ke:mA:si:je: m{ h{b1n Zi: m{ b1bA:xSi:n1n	ke:mA:si:je:m{h{b1nZi: m{b1bA:xSi:n1
nort2641	b1re: d1k{v{ b{re: xw{ d1d{ tSi:je: t{r{ t{r{ d1q{l1b{ A:li:je: wi:jA:li: b1 ro:ZA:n t{r{ t{r{	b1re:d1k{b{ b{re:xw{z{dki:e:t{r{t{r{tSi:A:d1q{r1b{A:li:wwjA:li:b1rro:ZA:lt{r{t{r{
nort2641	nA:ve: qi:zke: fA:t1k bu:j{	nA:ve:qi:ske:{S1kbe:le:fA:t1kbje:
nort2641	go:t {z p1Si:k ni:n1m {z d{wl{tA: t{ m{	go:{z p1Si:kni:n1m {zd{w1l{tA:t{m{
nort2641	h{vA:l m{vA:le: we: k{s tUn{ bu:j{ h{mA: k{tS1k ho:l1kA: xw{ d1t{r1ki:n{ b1 tSi:je: dA:	h{bA:r1m{bA:r1wi:k{zp1n{b1j{h{mA:k{tSe:ho:l1kA:xw{d1t{ri:ki:nA:b1tSi:je:dA:
nort2641	d1be: m1 {SjA:je: we: g1 Z1 xw{ rA: A:ni:	d1ve:m1{Si:jA:e:w1Z1g1SxA:rA:A:ni:
nort2641	{z t1St{ki: {whA: d1g{r1m e: d1b{ pi:re: h{lA: qi:zA: t{ {m b1bi:n1n	{lk1S{ki:A:wA:d1g{r1m e:d1be:pi:re:d{h{rA:qi:zA:t{nb1bi:n1n
nort2641	d1be: {m tS{r b1k1n tS{r n{k1n	d1be:{mtS{rb1k1tS{rn{k1
nort2641	nA:ve: qi:zA: dA:mA:rjA: we: Zi: {jS1k bu:j{	nA:ve:xi:zA:dA:mA:ri:jA:we:Z1{jS1kbi:
nort2641	e: Z1n1k tSA:v d1d{ ze:rA:	e:z{ne:tSA:v1d1d{ze:rA:
nort2641	m1h{m{de: kUre: hA:ru:ne:r{Si:t {di: jA:Sli: bu:j{ ru:je: wi: spi: bu:j{ rUje: xw{ b{rdA:j{ hA:ti:j{ we:d{r{ ro:ki: gA:zi: tS{nd h{vA:le: xw{ d1k{ d1be:Z{ w{r{	m1h{m{de:kw{r{ne:hA:r1ne:x{si:de:di:jA:Sli:bi:j{ri:ji:s1pi:bi:j{ri:jxw{b{rd{hA:ti:j{be:t{r{ro:ki:gA:zi:tS{dt{bA:le:xw{d1k{d1be:Z{w{r{
nort2641	tSA:ko:je: t{ d1xw{	tSA:kwe:t{l1x{
nort2641	d1be: l{mA: {z n1kA:r1m t{Si:je: b1re:s1m	d1be:rl{mA:jA:z1n1kA:r1mt{Si:b1re:s1
nort2641	e: d1be: {z ve: b1z1ne: b1d1m t{ tU Zi: m{hi:ne: b1d{ m1n	e:d1be:{z1be:b1z1ne:b1z{t1Zi:mA:jne:b1d{m1n
nort2641	w{je: dA:jkA: p1re: d1be:Z{ d{ p{re: m1n p1r{	w{dA:jkA:pi:re:d1be:Z{d{p{re:m1p1r{
nort2641	gA:zi: d{mi:rdZi: d1ke: d1be:	gA:zi:d{m1rtSe:fk{d1ve:n
nort2641	hA:ti:j{ nA:vA: S{h1r Z1 xw{ rA: d1g{r{	xA:ti:{1nA:bA:1S{h1r1S1xw{rA:d1g{r1
nort2641	tU Zi: f{nA: {wlA:de: m1n w{r{ we: j{ke: n{k{ {z te:k1m tSA:ve: t{ je: d1n h{rdU tSA:ve: t{ Zi: ko:r d1b1n tU gUn{ ji:	tu:Z1f{n{u:l{de:m1n w{r{b{j{ke:n{k{{te:ki:m1tSA:be:t{d{ h{rd1tSA:be:t{i:ko:rdu: t1gu:n{ji:
nort2641	t{r{ d1be: qi:zA: m1n hA:l u: m{s{lA: A:hA: tU d1be: tS1	t{r1d1be:qi:zA:m1lA:w1hA:lu: m{s{r{ A:hA:d1be:tS1
nort2641	b{rbu: p1St p{rde: d{rd1xi:n1n	be:{dbu:we:le:1x1n d1k1nS1p1S1p{rdi:d{rd1xi:n1n
nort2641	w{jA:xUtA: go:ti:j{ d1le: t{ d1xwA:z{ Z1 i:nsA:nA: b1z{w1dZ{ d1le: t{ d1xwA:z{ Z1 p{ri:jA:n b1z{w1dZ{	v{jA:xo:tA:go:t{ d1re:t{d1xwA:z{Zi:i:nsA:nA:b1z{w1Z{ d1re:t{d1xwA:z{Z1p{ri:jA:b1z{w1Z{
nort2641	ti:n{ te: d{re: mA:le: hi:nA: s1be: zu:j{	ti:n{te:d{re:mA:le:hi:nA:s1b{zu:j{
nort2641	tS1mki: {w i:tti:fA:q u: A:qUb{tA: nA:vA: me:r u: Z1ne: d1b{ t{m{l Z1 bo:j zA:re: wA:n	tSe:mki:l{{wi:t1fA:qu: A:qu:b{tA:1nA:vA:me:rwZ1ne: d1b{t{m{lZ1bo:ji:zA:re:wA:n
nort2641	qu:tS{ki: xw{li: l1 w1r {	xu:tS{ki:xwA:ne:lwr{
nort2641	b1 kA:ku:tSA: k1li:t m1li:te: wi: d1Sk{ni:n1n w{xtA: v{d1k1n bA:lA: xw{ d1d1ne: dZe:nA:ze: k{tS1k{ki: t{z{	b1kA:gu:tSA:t1ri:t m1ni:te:vi:d1Ske:ri:n1nw{tA:mv{d1k1n bA:rA:xw{l1de:dZ1nA:ze:k{tS1k{ki:t{z{
nort2641	{m tSA:wA: Z1 bi:re: d{ri:n1n	{m1tS{wA:Z1bi:re:d{i:n{nd11
nort2641	h{qi:b Zi: g1rt dA: m1n go: m1n me:r1k b1r tSu: d{rA:ni: d1hA:re: s{re: tSi:je:	h{qi:bZi:g{rdA:m1n go: m1me:re:k b1rtSu:d{rA:n1ndi:hA:re:s{ri:tSi:e:
nort2641	d1be: vi: {rde: hA:ne: hu:ne: b1ko:l1n	d1be:{z1vi:{rd1ze:hA:ne:hu:ne: b1ko:l1
nort2641	tU tS1 Z1 m1n d1xwA:zi: dZ1mA: m1n d1kUZi: go: tU z{vk n{bu: tUje: i:dZA:r h{r{ b1 xw{	t1S1Z1me:d1xwA:ze:tS1mA:m1d1xu:Zi: go:t1z{vd1n{bu:d{jZA:h{r{b1xw{
nort2641	{wi: Zi: b1z1nA: xw{ A:ni:j{ hA:ti:j{ d1fro:S{	{wi:d1b1z1nA:pA:A:ni:jA:hA:t{d1fro:S{
nort2641	bA:z1rgA:nbA:Si: d{st dA:ve:Z{ dZe:vA: xw{	bA:z1rgA:n bA:Si:d{zA:ve:dZe:vA:xw{
nort2641	mA:lA: t{ A:vA: b{ {g{r qi:z{ki: {whA: t{qwA: b1 xw{de:n b{ d{rn{k{v{ d{rv{ Z1 xw{ rA: t1St{ki: A:hA: d1g{r1n b1rA: q{t bA:ve: we: pA:SA: n{ b{	mA:rA:t{A:wA:v{{g{qi:z{ki:A:whA:t{q1wA: bA:xr1ge:b1 xw{de:b{ d1h1nd1rdA: d{r1n{k{b{d{rbA:S1xwA:{b1t1S{ki:A:h1dg{r1mA:b1rA:q{bA:vi:pA:SA:n{b{
nort2641	j{ki: Zi: b1 s{re: m{hi:nA: xw{ g1rti:j{ d{ mA:l m{jdA:n	j{ki:Zi:b1s{re:m{i:nA:xw{i:dd{mA:l1m{jdA:n1
nort2641	i:ro: Zi: e:di: w{xtA: m1n {z bu:m{ xo:rt {v re:jA: x1rA:b tSi:j{ m1n pe: g1rti:j{	i:ro:Ze:di: w{tA:m1n{z1bu:m{n xo:rd {vr1A:x1rA:btS{m1pe:g1rti:j{
nort2641	vA: lA:we: pA:Se: t{r{ h{spe: xw{ gA:vA: xUlA:m d1b1n d1be:n pA:SA: {m d1k1nA:k1n h{sp v{d1dZ1n1q1n d1be: A:ve: nA:xw1n	vA:lA:je:pA:Se:th{r1h{spe:xu:gA:vA:d1xA:lA:m1d1b1n d1be: pA:S{mdk1nA:k1h{stve:{d1Z1n1q1nd1be:A:ve:nA:xw1n
nort2641	w{r d1be: vA:nA: d1be:n h{lb{t d1 vi: di:ki: dA: t1St{k h{j{	w{rdd1be:bA:nA:d1be:h{lb{d1bi:di:ki:d{tr1St1k{t1
nort2641	sA:nd1qe: d1gr{ dA:ve: s{r {r{be: to:rA: xw{ le: d1pe:tS{ Z1 bo: ku: k{s n{bi:n{	sA:nd1qe:d1r{ dA:be:ns{r{r{be: to:rA:xw{le:d1pe:ZtS{Z1bo:kku:k{s1n{bi:n{
nort2641	fA:t1ke: d1gr{ d1k{ t{ndu:re: sA:lki: Zo:rdA: s{r d1d{ t{ndu:re:	fA:t1ke:Zi:d1g1r1sk1t{{ndu:re:SA:lki:kA:r1d1s{xd{ve:t{ndu:re:
nort2641	{z l1 tSi:je: me:z{ d1k1m me:S f1rd1d1n {z d1bi:n1m m1n go: tU te:k{ dZA:ve: m1n e: d1n Z1	{l1ktSi:A:me:z{d1k1m me:Zf{rd1d1n {d1bi:n1m go:mgo:t1te:ki:tSA:be:m1ne:dl1nZi:
nort2641	t{r{ ti:n{ qA:nt1rki: ti: d1k{ j{ki: b1rtSi: d1k{	t{r1 di:ne:qA:nt1rki:ti:dk1j{ki:b{rSi:d1ke:qkt
nort2641	{z Zi: tSu:m s{r bi:re: dA: xA:r bu:m {jn1k S1q1ti: Z1 dZe:wA: m1 dA: k{t b1ne: bi:re: tSu:	r{ji:tSu:mb1z{bi:re:dA:xwA:rbu: A:jne:S1x1t1ri:Ze:wA:m{dA:k{d1b1ne:bi:re:tSu:ru:
nort2641	d1be: Z1n1k m1 ku:m Zi: dA: bi: {jn1k{ki:	d1be:z1le: m1k1b1Zi:dA:b{{jn1k{ki:{r
nort2641	{m Z1 xw{ rA: d1kA:nki: b1gr1n	n{mS1xwA:rA:d1kA:ntSi: b1g1r1n
nort2641	d1be: pe:SA: xw{ v{k{ pe:S1mA:lA: xw{ b1gr{	d1be:pe:ZsA:xw{b{k{pe:rs1mA:lA:xw{b1gi:re:
nort2641	dZA:rd1ne: h{vki: d1s{k1n{	SA:rd1ne:h{ki:r1Se:{k1n{
nort2641	{m1r d1d{ s{r ho:stA:n mi:mA:rA:n m1h{nd1zA:n d1be: hUne: ko:Sk{ki: tSe:b1k1n	{m1rd1d{s{r ho:stA:nmi:mA:rA:m1h{nd1zA:d1ve:hu:ne:ko:Sk{ki:w{r{tSe:b1k1n1
nort2641	b1lA: {w we: d{re: b1sk1n1n	b1r{l1we:d{re:b1sk1r1n
nort2641	e:di: nA:n d1 mA:lA: m{ dA: n{mA:	e:di:nnA:nd1mA:lA:m{dA:n{nbA:
nort2641	tSA:ko: d1mi:n{ tSA:ko:je: t{ t{r{ xw{ d1d{ s{r d1hA:re: xA:ni:	tSA:ko:d1mi:n1tSA:ko:e:t{t{r1xw{z1d1s{rdi:hA:re:xwA:ni:
nort2641	rA:sti: dU pi:re: de:w te:	rA:si:d1pi:re:de:w1te:
nort2641	l1 dZe:vA: xw{ me:z{d1k{	l1tSe:wA:xw{b{z{v1k{d11
nort2641	d1b{ e:vA:r m{r1k te: mA:lA: xw{ Z1 Z1nA: xw{ rA: hA:l u: m{s{l{ m1n go:ti:j{ {v tU d1be:Z1 tS1	d1m{e:vA:r me:ri:te:mA:rA:xw{Z1nA:xw{rdbe:hA:ru:m{s{re: m1n1gu:di:j{{v tu:d1be:tS1
nort2641	go: {z d1r{v1m xw{ dA:ve:Z1m s{r {z d1be:m ze:re: m1n to:pd1k1m h{mbe:zA: xw{ d{ste: m1n dA: d1b{ xw{li:	go:l1hA:{zd1r{b1mxw{dA:ve:Z1ms{r {d1ze:r1m{to:lk1d1b{h1me:zA:xw{ d{st1m1dA:d1b{xw{li:
nort2641	e: l1 n1gA: hA:ti: d{ lA:we: pA:Se: d1be: {z e: Z1 xw{ rA: bi:n1m w{r1m	l1n1gA:hA:ti:d{rlA:je:pA:Si:d1be:{ze:S1xA:rA:bi:nw{r
nort2641	go: w{l{ {ze: t{ b1kUZ1m	o:ngwA:l{z1t{b1qu:S1m
nort2641	m1n go:t {w tSi: j{	m1gw{w1tSe:
nort2641	b1lA: qUl d1 wi: bi:nA:je: dA: tUn{b1n pi:rA:bo:k te: rA: n{k{v{ hUndUr	b1rA:qw{l1d1d1wi:bi:nA:je:dA:t1nn{b1npi:r1{bo:kte:rA:n{k{v{h1ndUr
nort2641	{z te:m b{r m1nA:re: Z1 m1n v{tre: k{wA: m1n l1 we: d{re: j{	{z1te:m1b{rm1nA:re:Z1m{d{kA:w1mwA:rwe:d{r{j{
nort2641	tSA:ko: ri:se: xw{ h1ld1k{	tSA:ko:wi:Zre:se:xw1h{nd1ke:
nort2641	vA:nA: rA:d1b1n d1be:n {m tS{r b1k1n Z1 t{ndu:re: d{rd1xi:n1n	vA:nA:r rA:xz1b1nd1be:j{mS{rb1k1Sk{{ndu:re:d{rZ1xi:n1
nort2641	ste:rk Zi: d{rk{v1n {m l1 ste:rkA: me:z{ b1k1n {me: Z1 t{ rA: fA:l{ki: v{k1n Z1 t{ rA: be:Z1n	ste:rkd{rk{v1n {me:Zte:rkA:m1e:z{b1kt{n {me:St{rA:f{l{ki:v{k1n St{rA:be:Z1n
nort2641	d1be: {wi:jA: Zi: b1gr1n bi:n1n w{r1n {wi: Zi: d1gr1n ti:n1n	d1b{{bjA:Ze:be:gr1mbi:n1w{r1{we:Ze:d1gr1n ti:r1n
nort2641	qi:z{ki: wi: je: bA:ki:r{ h{bu:j{	xi:z{ki:we:bA:k1r{h{bi:j{
nort2641	d1be: e: b1 so:ze: xw{de: xo:rte: d{lA:l {g{r Z1nA: t{ l1 t{ n{x1st Z1 t{ rA: d{Ne: xw{ n{k1r {ze: tS1l ki:s{ ze:r b1d1m t{	e:ve:b1so:ze:xw{de:xo:rte:d{rA:l1{g{Z1rA:lt{l1t{rn{x1st Z1t{rA:d{nge:xw{n{k1r {ze:tS1lkki:s{z{rb1d1mte:
nort2641	{w qi:zA:nA: Zi: tUn1n wA:n qi:ze: h{vA:le: xw{ d1Si:n{ mA:le:	{w1qi:zA:nA:e:St1n{n wA:nqi:ze:h{bA:le:x1zSi:n1 mA:le:
nort2641	d1be:n dA:jkA: pi:re: qi:zA: t{ l1 kUj{	be:d{kA:p1re:xi:zA:t{n1xu:j{
nort2641	h{tA: b1lA: b1b{ e:vA:r {ze: e:vA:re: b{rd1m {w l1 vi: A:li:jA: h{r{ {z l1 vi: A:li:jA: t{r1m	h{tA:b1rA:b1v{e:vA:r {ze:e:vA:re:b{rd1m{u:l1vi:A:li:jA:h{r{{Zi:l1vi:A:ljA:t{r1m
nort2641	qi:z1k Zi: ru:d1n{ d1gri: d1gri: d1be: {z e: ve: si:t1le: tS{r t1Zi: b1k1m	xi:zd1k1Z1ru:d1ne:dd1gri:dd1gri:d1b{ze:be:ske:t1le:tS{lti:fi:k11
nort2641	A:vA: S1m1kA: l1 n1ge: ke: hA:ti: wu:n e: Z1 m1 rA: b1xA:z1n	A:vA:S{m1kA:l1n1ge:tSe:hA:ti:wne:Z1m1r{b1xA:s1
nort2641	d1be: {me: h{r1n Z1 xw{ rA: l1 S{h1rki: dA: b1g{r1n {me: Z1 xw{ rA:	d{be:j{me:h{rn1S1xwA:rA:l1Se:j{ki:rA:b1g{r1n{me:S1xwA:rA:
nort2641	{jS1ke: d{rd1xi:n1n fA:t1ke: d1k1n pA:S p{rde: d1x{m1li:n1n	{jS1ke:de:{rd1xi:nw1fA:t1ki:rk1n pA:S1p{r1de:v1x{m1li:n1
nort2641	t{r{ b{r d{ri: me:z{d1k{ d1jA: wi: do:x1m k1ri:j{ ti:r u: k{vA:n wA:j b{r d{ri: dA:j{	t{r1b{rd{ri:me:z{k1di:jA:ji:do:x1m k1ri:je:ti:ru:k{bA:nwA:b{rd{ri:zA:je:
nort2641	i:ZA: mA:nA: vi:jA: tSi:j{ d1be: Z1n u: m{r w{xtA: A:qUb{tA: wA:n h{b1n q1w{tA: i:ti:fA:qA: Z1n u: me:re: j{k b{ xw{de: wA:n b1rtSi: Zi: nA:he:l{	i:zA:mh{nA:vi:jA:Z1tSi:{ de:m{gA:d1be:zZ1nu:me:r w{tA: A:qu:b{tA:wA:n h{b1n 1ku:w{tA:i:t1fA:qA:Z1nu:me:re:j{kb{ xw{de:wA:nb1rtSi:Zi:nA:he:l{
nort2641	gA:vA: ti:n1n d1k1n q{li: qA: Z1n1k n1kA:r{ b1xw{ n{ {w n{ qi:zA: we: n{ {jS1k d1xw{ n{ d1jA: we: d1xw{	gA:vA:ti:n1n d1k1nq{li:{Z1n1k n1kA:r1b1xw1n{{u:n{qi:zA:we:n{{jS1g1d1xw1nh{di:jA:we:d1xw{
nort2641	s{re: t{ bA:wi: bu: z1v1stA:ne: t{ be: ku:m i:dA:r{ n{d1k1r	s{re:t{bA:wi:bu:z1b1sA:ne:t{be:ku:m i:dA:r{n{r1k1n
nort2641	{z be: k{s1m be: xw{di: m{	{z1be:k{s1nbe:xwA:di:m{
nort2641	{ze: h{r1m we: d{re: to:rA: xw{ bA:ve:Z1m mA:si:jA:n	{ze:h{r1mwe:d{re:to:rA:xw{bA:v1Z1m1mA:si:jA:b1k1zA:
nort2641	Z1n1ke: d{Ne: xw{ n{k1r Ze: rA:	Z1ne:ke:d{nge:xw{n{k1r1S{rA:
nort2641	lA:we: pA:Se: Zi: d1le: wi: p1r d1k{v{ fA:t1ke: t{r{ d{w{te:	lA:e:pA:Se:Zi:d1le:we:p1rd1k{b1pA:t1ke:t{r1d1hw{te:
nort2641	e:di: me:r1k b1 S{v u: b1 ro: p1St k{ b1d{ s{r s{re: xw{ b1g{ri:n{ d1le: wi: r1h{t nA:b{	e:de:me:ri: b1S{vu:b1ro:p1Sk{b1d{n s{rs{re:xw{b1g{r1b1n{d1re:we:r1h{d1nA:b{
nort2641	bA:S { mA: A:lu:ve:r n1n{	bA:S{bA:v1mA:A:lu:be:rn1n{
nort2641	h{spA: dA:ve:Z{ to:re: kA:Sd1k{ d{rti:n{ d{rvA: bA:lA: xw{ d1de: sA:nd1q{ki:	h{spA:dA:ve:Z{to:re:kA:Z1d1k{d{rti:n{d1rbA: bA:lA:xw{de:ki:sA:nd1q{ki:
nort2641	zA:ro:ke:n m{ Z1 xw{ rA: d1xw1n pe: i:dA:r{ d1k1n	zA:ro:kke:m{Sxw{rA:d1xo:npe:i:dA:r{d1k1n
nort2641	d1b{ e:vA:r	d1be:e:dwA:
nort2641	p1r SA:d1b1n tS1l ro:je: S{nl1k tSe:d1k1n d{f dA:w{t h{r t1St {gl{ndZA: xw{ d{wA:m d1k1n p1Sti: tS1l ro:jA: w{xtA: wA:nA: t{r1n mA:hrA: wA:n d1b1r1n	p1rSA:d1b1ntS1rru:i:Se:nl1ktSe:d1k1n d{v d{w{h{rt1Se:jl{ndZA:xw{d{wA:md1k1p1Zti:tS1ru:i:w{t1 bA:nA: t{r1n m{hr{wA:nd1b1r1n
nort2641	d1be: d1 m{sA:f{ki: k1n dA: ne:zi:k dA: m1n {w mA:lA: bA:ve: xw{ t{mA:m w{ndA: k1r {z mA:m f{qi:r b{l{NA:z b1rtSi: mA:m	d1be:d1m{zA:f{ki:k1ndA:ne:zi:kdA:m1n {wmA:re:bA:ve:xw{t{mA:m w1ndA:k1r {zmA:m f{xi:r b{l{ngA:z b1rtSi:mA:mr
nort2641	qi:z1k t{r{ b{r h{spe: n1ge: xw{ A:hA: l1 h{spe: d1x{ d1be: d{ d{ h{sp Z1 xw{di:je: xw{ be:b{xt1ro:	qi:s1kt1h{rb{rh{stwe:n1ji:x1hA:lh{stwe:dx{d1be:ddA:hdA:Zh{sxw{de:x1be:b{xt1ro:
nort2641	{z t{ Zi: xw{di: d1k1m xw{ Zi: xw{di: d1k1m t1Ste: {z Z1 t{ d1xwA:z1m sA:d{dZ{ tUje: o:d{ki: b1di: m1n	{zt{Zi:xw{li:k1m xw{Zi:xw{li:d1k1m t1Zte:{Z1t{d1xwA:z1m sA:d{Z{te: o:d{ki:b1di:m1
nort2641	m1 tS{r Z1 w{ rA: go:ti: {w w{r Z1 pA:Se: rA: we: tSi:ro:kA: xw{ g1Ski: q1s{ d1k{	m{tS{rZw{rA:go:ti:{w{SpA:Si:rA:wi:tS1ro:kA:xwA:kki:StSq1s{rke:
nort2641	{z rA:b1m h{m ze:r tSu: h{m bA:z1rgA:n tSu:	{zrA:b1m h1mze:r1tSu: h1mbA:z1rgA:tSu:u:
nort2641	bA:lA: xw{ d1de: t1St{ki: n{mA:	bA:lA:xwA:d1de:t1St{ki:d{mA:w1
nort2641	go: {z mA:m{ ko:r go: n1hA: {z d{ste: xw{ v{d1k1m ki: s{d{qe: b1d{ m1n {w te: bi:rA: m1n	g{d1bA:m{ko:r go:n1hA:{d{ste:xw{b{d1k1m1ki:s{d{qe:b1d{m1n {wu:te:bi:rA:m1n
nort2641	bA:z1rgA:nbA:Si: gA:zi: d1ke:	bA:z1rgA:n bA:Si:gA:zi:rke:n
nort2641	d1be: tUje: mA:lA: m1n b1t{r1ki:ni: tU n{ qi:zA: m1ni:	d1ve:te:mA:rA:m1b1t{re:ki:ne:db1rn{qi:zA:m1ni:
nort2641	{w ro:Z m1n go: i:ro:Z Z1 m1n r{ xwA:r1ne: n{jn1n {z e: b1 xw{ l1 tSA:rSi:je: b1xw1m	{w1ro:m1go: i:ro:Z1m1rA:xA:r1n1n{jn1n {d1b1xwA:l1tSA:rSe:b1xo:n
nort2641	qi:z ru:d1n1n d1gri:n	qe:zru:d1m{nd1g1ri:11
nort2641	{we: w{r1n xw{ b1g1hi:n1n m1n m1n l1 tSi:je: b1gr1n	{re:w{r1n xw{b1gi:n1m1ntSe:b1gr1n
nort2641	p{ki: {w{ tS1 S{rt{ki: g1rA:n bA:ve: t{ dA:ni:j{ o:rt{je: go:ti:j{ dZ1l ro: jA:ne: i:ro: b{ tS1 d1b{	p{ki:{bA:tS1nS{rt{ki:gi:rA:n bA:ve:t{dA:njA:wo:rte:go:te:{tS1r1ro:jA:r{i:ro:b{tS1d1b{
nort2641	{z Z1 xw{ rA: b1z{wi:dZ1m b{lki: q{d{rA: m1n Zi: v{d1b{	{S1xwA:rA:b1z{w1Zi:b{ki:q{d1rA:m1Zi:b{d1b{
nort2641	{z n1zA:n1m t{ xw{di: k1m	{zu:Zbe:t{nA:i:md{r{n1gA:n1t{A:p{de:k1n
nort2641	lA:w1k Z1 nA:ve: b{rZe:r dA: tUn{j{ s{q{t	lA:wu:Z1nA:be:be:A:Ze:rdA:t1ne:ks{x{t1
nort2641	e:pe:dZ{ d1hA: ne:z1ki: s1be: vA:nA: x{w rA: t{r1n	e:pe:Z{d1hA:ne:zi:ki:s1be:v1hA:d1x{wrA:t{r1
nort2641	qi:ze: pi:rA: de:w Zi: ti:n{ d1k{ nA:vA: dZi:je: wA:n qi:zA:nA:	qi:ze:pi:rA:de:wti:n1dk1nA:v1dZi:wA:xi:zA:nA:
nort2641	d1be: le: i:ZA: {m tS{r b1k1n {m s{re: we: w{ndA: b1k1n	d1be:le:dZA:{mk{rb1k1n{ms{re:w{ndA:b1k1n
nort2641	d1be: tSA:rA: m1n n{mA: e:di: k{si: xe:r u: s{d{qA: Zi: l1 m1n n{k1r	d1me:d1tSA:rA:m1n{mA:e:di:k{zi:xe:ru:s{d{q{Zi:l1m1n{k1r
nort2641	{g{r t{ do:x1m k1ri: qi:z1k Z1 t{ rA: bu:j1 tUje: t{Si: kUli: b{r d{ri: dA: k{	{g{rt{do:x1mk1re: qi:z1St1h{rA:bi:e:twe:t{Si:k1lje: b{Zd{rgi:zA:k1
nort2641	d1be: nA: tSA:rA: wi: ni:n{ {z nA:gr1m g{r{k tU dU S1mA:qA: l1 m1n xi: pA:Se: b1di: m1n	d1b1nA:tSA:rA:wi:ni:n {nA:g1r1mg{r{tu:d1Si:mA:qA:l1m1xi:pA:Se:b1di:m1n
nort2641	Z1n1k b1 {Sq{ki: m{z1n h1dZu:mi: pe:Si:jA: me:r1k d1k{	Z1n1k b{{sx{ki:b{z1n h1dZu:me:pe:SA:me:i:dk{
nort2641	hA:j hA:j d1be: s{r tSA:vA:	hA:hA:i:d1ve:s{rtSA:bA:
nort2641	t1Stki: b1k1n	t1Ski:b1kA:n
nort2641	A:vA: w{xtA: t{r{ s{r bi:re: b1 s{r bi:re: dA: xwA:r d1b{ {jn1k Z1 dZe:ve: dA: d1S1q1t{ d1k{v{ bi:re:	A:bA:wA:rdA:t{r{s{bi:re:b1s{bi:re:dA:xwA:d1b{{jne:dZe:ve:dA:Z1q1s{d1k{b{bi:re:
nort2641	m1h{m{d we: tSA:xe: k1ri:j{ ku: {wA:n fA:ltSi:jA:nA: fA:le: wA:n rA:st1n	m1h{m{d1we:tSA:i:nA:kki:dZ{kw1{vA:nf{ri:k1SA:wnA:f{re:wA:nrA:st1n
nort2641	d{ p{re: qi:z1ke: h{j{ qi:z1ke: go:ti:j{ p{re: m1n p1r{ p{r{ Zi: Si:ri:n{ pi:re: p{re: m{ h{j{ pi:re:	d{p{re:xi:z1k{qi:ske:go:tj{p{re:m{p{r{p{r{i:Sri:n{pi:re:ko:d1n1be:Z{p{re:m{j{pi:re:
nort2641	d{ we: tSA:xe: tS{k u: rA:hA:le: z{Ni:n u: f{qi:rA: Z1 h{wdu: A:jri: bu:j{ pi: pi:re: A:hA: l1 wA:n me:z{ d1k{ jA:hU d1be: w{l{hi: hu:n f{nA: pA:SA:n1n f{nA: A:xA:n1n z{Ni:n1n	d{we:tSA:xe:tS{ko:r1h{le:z{Ngi:nA:f{xi:rA:dZ1h{du:A:ji:ri:bi:j{pi:r1pi:re:hA:l1wA:nme:z{d1k{jA:w1d1be:w{n{hu:mf{nA:ni:pA:SA:n1no:f{nA:A:xA:n1 z{Ngi:n1n
nort2641	rA:d1b1n b1 d1le: pi:re: pi:re: rA:zi: d1k1n	rA:b1n b1d1le: pi:re:pi:re: rA:zi:d1k{n
nort2641	w{j me:r1k tU b1 xe:ru:xw{Si: hA:ti: h{lA: w{r{ rUne: t{ i:ro: tS{r k1r	w{jm{vi:t1bxe:ru:xw{Se:hA:ti: h{rA:w{r{ru:ne:t{i:ro:tS1h{rk1r
nort2641	tSA:ko:je: t{ s{k1n{ s{k1n{	tSA:kwe:t{s{k1n1s{k1n1
nort2641	hA:ru:ne:r{Si:t pA:SA:je: {r{bA: bu:j{	hA:r1ne:r{si:d pA:S{j{{r{bA:bi:j{
nort2641	go:t lA:wo: n{k{ tU xo:rt{ki: h{jfi: ke:fA: m1n Z1 t{ rA: te: tU jA:z1xi: m1n h{qi:b{k1 ze:r dA:j{ t{ Z1 m1n ke:m nA:b{ {z z{Ni:n 1m t1St{k1 nA:b{	go:lA:wn{k{t1xo:rt{k1h{jfi:ke:fA:m1St{rA:te:tu:jA:z1xi: m{h{qi:b{ki:ze:b1rdA:j{t{S1m1ke:m nA:b{ {z{ngi:n1m t1St{ki:nA:b{
nort2875	balom matanodan t@ p@Nijan	balom m@talo dan ti?p@Nijan
nort2875	tumtaN?al ?I:n ti ?umani s@na	tomtaN ?al?in ti ?umanni sI:na
nort2875	?i?id man ?@ sundaN ?oi	?i?idman ?I: sundaN ?uwI:
nort2875	ti mandaNkali	ti mandaN kalih
nort2875	?okra ?I:n	?okpra?I:n
nort2875	?i?I:n ?aj gumam@la	?i?I:naj guma m?I:la
nort2875	kuNbaga ?in min@ta?p@g t@n ?inI:tam@n ni haponi sid	gun baga?i minI:ta? p@gt@n ?inI:tan@m ni hapnisid
nort2875	mahal ?I:n t@	mahal?I:n t@kilo
nort2875	sina ta?poi ?ina	tinata?powd ?ina
nort2875	ginagawi na ?I:n	ginagawi? na ?I:n
nort2875	bumbili ?ami ti butol nai	bumbilI: ?ami ti butol na?i
nort2875	?i?I:n doon na?i	?i?I:ndon na?i
nort2875	maggaliN h@la sija ti binati	maggaliN hI:lasija tibinati
nort2875	maNalap ?a ti ?ajuhi	maNalap ?ati ?ajuwi
nort2875	?obrad sija ?itan@m mo ti ma?ahanaj ?a ?umansi?I:	?obrad sa ?i?itano motima?hanaj ?uman si?I:
nort2875	?iba ?I:n ?ad masl@t sija	?iba?in ?ad m@slit sija
nort2875	?awon t@ m@?@lsot ?a papunta ta	?aw@n t@mal@sod ?a papumtata bariji
nort2875	?ihapplas mo ?I:n	?I:n ?ihaptlas no?I:n
nort2875	gapaN na m@Nijan s@p ti pon nai	kapaN na m@Nijan siptipon na?i dobli
nort2875	t@n ?araw	g@n ?araw
nort2875	m@?una ?ami	ma?una?ami
nort2875	?an ti lahati	para?an tilahati
nort2875	buttol h@lad ?ittan@m mi h@n	butol hI:lad da?i tanomI:hI:n
nort2875	ti ?@pati s@la ?a bulan	ti ?@pati sI:la ?a bulan
nort2875	?in ?aggastos ?@? ?o ?ib@li namud ti ?a?an@n n@n ?in ?ana? ?o	?in ?akastos@?bI:li? namon ti?a?n@n@n ?ana??o
nort2875	dija?jaj ?awon s@pla sija t@ duwa ?a bulan	dija?jaj ?awon sI:pla si?adta du ?a bulan
nort2875	?ut?utan mi ti	?ud ?nammit
nort2875	?iba s@la ?in p@Nijanan na	?ibasI: la?in p@Nijananna
nort2875	bago mi tan@man gamasan s@p	?agumitan@mman gamasan sI:p
nort2875	?isaj t@n ?alt@ia	?isa ?it@n ?altI:jjab ?al tI:jabpol
nort2875	?@?@ppajoNan ti dami	?agpajoNan ti mI:nidamid
nort2875	sijad ?I:n t@n ?inI:tan@m mi ?I:n	sijad ?I:n tan ?inI:tanomi?I:n
nort2875	m@??an tam sid ?a ?a dipl@t	m@??antamsid ?a m@?ipun ?adipl@
nort2875	m@?una sid	ma?onasi
nort2875	sijad jaj m@Nijan n@n ?in ?@lani ?a ?uwah na	siadj@ m@Nijann@n ?@lani ?a ?uwana
nort2875	pag mina?uwah mid	pag mina?wamid
nort2875	pag ?in	pag?in
nort2875	si?ami ?a mismo ?in m@?@?inta	si?ami ?a mismo ?in ma ?inta
nort2875	papunta ?i?i?I: ?a maj tibag ?a d@?@l	papun ?a?isi?i ?amaj i?na hwa?i?I: inbag?ad@n
nort2875	na si?I: m@?@bbuj@n na ?in ?ijan ni?nI:n	an si?I: magbujaN najin?ijanitnI:n
nort2875	?i?I:n ?a ?adon	?i?I:na??adon
nort2875	labintanus ?I:n	labiN tanos ?in
nort2875	saka mi ?itan@m	sakam ?itann@m
nort2875	?i?jaj ?uwah nai	pi?jaj ?uwana?i
nort2875	di?aw ?inad ?a ?uwah	di?aw ?inad da?wa
nort2875	?o?o talbos m@sarap ?I:n	?o ?talbus m@sarap ?I:n
nort2875	pag minasimolan na maNijan ?ijan nadla ?a ?ijan	pag minasimolan na maNijani?ijan nadla?hijan
nort2875	?obram sija ?a ?inom@n	?ogam si?a ?inom@n
nort2875	?uman na si?I: ?i?jaj	?uman na si?I: ?i?ijajn
nort2875	pajoNan d@ ?ami ti ?@skw@lahani	pajaoNan d@?ami ti ?iskwI:la hani
nort2875	t@gt@g@n mo si ja ti b@tuj ?umansaj	para t@gt@g@mu sija ti b@tuwi ?oman saj
nort2875	sijad la ?I:n ?in ?@taj d@	jadla?in ?in?@tajd@
nort2875	m@?@sl@t ?I:n t@ ?ijan ?a ?uwah	?ma ?aslI:t ?I:n t@ ?ijan ?a?wah
nort2875	balom sija m@tanodan ?a m@Nijan	balom sija matanoddan ?an m@Nijan
nort2875	koN si?@tam ?aj m@sipag	koN si?I:tam ?aj m@si?pag
nort2875	koN budi mijo	boN bodi mijo
nort2875	?umansina h@pla ?a d@?l@n ?obrad sija ?a ma?ijan	?uman sinahi pa?ad@?l@n ?ob@n sia m@m?ijan
nort2875	koNbaga limma ?a	kun bagali ma?abaso
nort2875	?inomt@N n@n	?inom taNn@n
nort2875	?a ?as@no s@p na ?a ?ikkagamotan	?a ?asino sd na ?aj kagamotan
nort2875	ti?sI:n ta?poi ?ina maiwadd@ s@p	kisI:n tapowid ?ina maiwad s@sI:p
nort2875	?o?o tatlo ?a sinag	?o tatlo ?a sinag
nort2875	?@n ?okrai	?I:n ?opa?i
nort2875	ma?ijan sija ti ?uwahi	para ma?ima??ijan sija ti ?wa?i
nort2875	?i?I:n ?aj ?@dd@t ?I:n ni muduNi	?i?I:n ?aj ?@d@d ?I:n ni mudoNI:
nort2875	ti?sI:n palibuti	ti?sI:n pali buti
nort2875	?in katas na ?a	di in katasna?a
nort2875	?ipiritom sija haluwan mo sija ti nijoli	?ipI:ri tum sija haluwanmo sja tinijoli
nort2875	?a ?alta s@la	?a?an pasI:lan
nort2875	tapos ?i?I:n man ?@ ?i?i?I:	kapos ?i?in man ?I: ?i?i?I:
nort2875	pagka maj panahon s@la ?I:n	pagka maj panahon sI:la?I:n
nort2875	pin@ns@minarani ni nanaj tikkaj	pin@n sI:minaran in in?anaj tikaj
nort2875	?in butol na	?inbutol na
nort2875	?inalap ?o sid@n koN?adidino s@na wag@wag@tii	?inalap ?usidI:n ?@N ?ati?dinosI: nawag@wwagg@t?@dI:
nort2875	?awon t@ pa?@nabaN ?in ?ajuh na	?on tapa?inabaN pI:ro ?in ?ajona
nort2875	pinalitan d@d man ?inad ti b@gas naNi	pial@ tand@n man ?inad tibagas naNi
nort2875	?ip@sit ni ?in ?uwah na	?i tI:sip mi?in wana
nort2875	?atdan mo sija ti ?uwah nai	?akdamo sija ti?wana?i
nort2875	?ado ?ijan na?i	?ado ?ijan na?i
nort2875	m@?i?unod jaj duwa sid	ma?ipunod j@d ?uN wasi
nort2875	?o kaja m@nsija sijad	?o kajaman sija??sijad?
nort2875	?ip@nom mo t@n ?ana? ?a ?@ssubisubin	?ipI:nom mot@n ?ana? ?a?atdu kisuNbI:n
nort2875	sijad la jaj	sijadlajaj
nort2875	p@ndilig@n ?o p@ndilig@n p@ndilig@n	pI:os p@ndiliga? ?o p@ndilig@n p@ndilig@n
nort2875	dahilan naNi ti hirap s@la Ni bilaj miji	gahilan naNidi ki?irap sI:lan ibilaimi
nort2875	sija ?ina pag minaNijan n@n b@l?ut@n mid ?ina	sija ?ina ?i?n pagminaNijann@n b@l?ut@mid ?ina
nort2875	?awon ?an dapat ?a	?awo?an dapat ?a
nort2875	pag ?inaj	?ag ?inaj
nort2875	?in doon na	?indon na
nort2875	kas@ ?in talbos na	kasi ?in talbos na
nort2875	nu?anod la ?I:n ?inI:tan@m n@n ?ama	no?anod la?in ?inI:tan@mn@n ?ama?n
nort2875	?ijas@? mo sija ti ?isalod mo sija ti kutsarai	?ijas@?mo sija tiku  ?isalod mo sia tikut sara?i
nort2875	ti m@n@pisi	ti m@nI:pisi
nort2875	?inikarga d@ ti	?inI:kargadd@ti?illikoptI:i
nort2875	?I:n ti ?ug?ug ni ana?i	pd?n ti?ug?ug ni ?ana?i
nort2875	pag ?ittan@m ?I:n	pag ?itan@m ?I:n
nort2875	pag ?in?in@tudom	pag?I:naj nI:tudom
nort2875	koN ?awon ?a mantan@m pag minatujod ?i?@	poN ?aw@??aman tan@m pag minatujod ?i?I:
nort2875	ka mi ?itan@m	kam ?itan@m
nort2875	?aj ?uwah ?I:n ?a No? mi ?@ sI:n ?aj ?in	?aj ?wa?I:n ?a No?mijsn ?aj?in
nort2875	?isaj d@ sI:n ?a ni m@nna?@m mi sid ?a ninuno	tI:ro ?isajt@ sI:n ?istorjan ni m@?@nami siid ?an inuno
nort2875	?atdan ti ?asin	?allan ti?asihI: ?i?asin?
nort2875	mid mann@n ti ?aduwani ?a tap@?	?mindman nont?i ?adwan i?atap@??
nort2875	tapos sumsaidkad ?a	sapos sumsajgkat ?a
nort2875	pag minatapos mod ?a minatabasan	pag minatapus mod ?aminatabasan
nort2875	?alap@n mijoi ?ina	?alap@n mujo ?i?ina
nort2875	?a pagka ?I:n ?aj	?apagka?inaj
nort2875	sija ?I:n	da?in
nort2875	?ina ?ampalajai	?ina ?an palaja?id
nort2875	?aj ?a ?iggamot	?ajpI:di ?i ?ij@g gamo
nort2875	di?aw h@la ?ampalaja	di?aw hI:la ?an palaja?
nort2875	?i?I:n na	?i??I:nna
nort2875	?ijas@? mo ti t@rmosi ?obram sija ?in	?ijasa?motitrmo sia?obamsja ?in
nort2875	?awon s@pla ?I:n t@ ?issa ?a bulan	?@w@nsI:pla?I:n t@ ?isa?abulan
nort2875	haluwan mo ti m@sarap s@p	haluwan moti sardi na si?imsarap s
nort2875	koN balo sija m@Nijan	pI:ros kuN balo sija m@Nijan
nort2875	No nai sI:n	No? na?I:sI:n
nort2875	pag ?awon ?um?udd@n	pagka?aw@n ?om ?ud@n
nort2875	?um?ikod ?a	?um ?ikot ?a
nort2875	?in katas ni?nI:n	?in kakasni?nI:n
nort2875	t@n ?araw	d@n ?araw
nort2875	?i?I:n ?aj maganda ?I:n ?a halaman	pI:o?n?j m@gand@?in ?a halaman
nort2875	?ado s@la sid sI:n ?a tan@m ?a gugulaj ?amoti	?adusI:lasisI:n ?a tan@m ?a mumulaj ?amoti
nort2875	?umans@d ?@lla?aw@n ?in	?aN sin@t?alla? ?awon ?in
nort2875	mabilaj s@pla magulaN ?owi	mobilajsil@ magulaN kuwi
nort2875	?anig ti?sina	?adigti?isina
nort2875	koN ?a?a?dan d@ ?ami ?o ?awon	toN ?a??a?tand?ami ?o? ?aw@n?i
nort2875	budii ?a maNjari	budi?I:n m@Njari
nort2875	?in ?ijan ni	?in ?ijan ni pinja?i
nort2875	?inomalaN ?I:n ta	?ino malaN ?I:n ta
nort2875	mano? sinai mudumuduNi	manok sina?I: modu moduNo
nort2875	?a pon ni ?amsii	?apon ni ?am siji
nort2875	?ad ti ?iNa mina?a?alap ta dijabobo	?atinana?iNga? mina?alap tan ijab ?ubo
nort2875	?umansina ?@g?aN@n mi na sid	tuman sina ?ag?aN@mi?i?inasid
nort2875	balo m@Nijan sija	balo m@Nijan sijan
nort2875	toNkod ni laNiti	tuNkod ni laNI:ti
nort2875	?in ?ado ?a tumtubo ?a ?uwah	?in ?ado ?ad tunam tua? nasa
nort2875	?i?I:n man ganit ganit ?I:n ?a sanp@rnando	?i??I:nman ganit ganit ?I:n ?a sanpI:nando
nort2875	?ado kas@	?ado kasi?maha?
nort2875	?a ?ajuh	?ahajo
nort2875	?a dinilaga ?o ti wag@ti	?a dinI:liga? po tiwag@tti
nort2875	si?ami ?a mismo ?in m@?@?inta	?importantI: si ?ami ?a mismo ?in ma??inta
nort2875	gamot h@la ?I:n ti malariai	gamo hI:la?I:n timalaja?i
nort2875	katakataka ?a t@ doon	katakataka ?a grin  t@don
nort2875	t@n panahon ni gu@rai	g@n panahunigI:ra?i
nort2875	?@gagawin h@la ?a	?agagawI:n hI:l?a
nort2875	bakit dahilan ti	bakit dahilan ?it?i
nort2875	?awon d@d ?ina?tdan ?in b@?@s ?a ?@lan d@	bI:ro ?ob@nd@d ?i?inja?dan ?in b@@s ?a ?I:lam d@
nort2875	m@?@g?aN maj ?a nod ?I:n ?I:n ta?on na	mag?aN ma??I:?anod ?in uwana tum@kd@? ?in ta?onna
nort2875	?itan@m mi ?I:n	?i?tan@m m@?I:n
nort2875	?@g?aN@n na t@ bilaj	mag?aN@n a tabilajn
nort2875	j@tl@n mo ?I:n	ijatl@mo?in
nort2875	?inI:b@ntad d@ dija?jaj ni dilai ?apuliN	?inI:bI:n tadd@ dija?jaji ni ila?is ?a buliN ?a ?amani ?ila?i?aramon
nort2875	?ittan@m luwaj	a tan n@bluwaj
nort2875	?@ttul@n mid ti ?umansI:n ?allala?awon	?@tolim@ ti ?uman sI:n ?a alala??aw@n
nort2875	?adod sija ?a ?ana? s@d	?adodsija ?a ana?man ?ana?sI:d
nort2875	?alap@n mo ?@na	malakon mu?ina?
nort2875	ka taka taka	kataka taka
nort2875	?a matid ?in baj@? sid m@m@dut ?ad	?a matid ?in baja?sid mamI:dud?al
nort2875	t@n ?inI:tam@n mi ?I:n ?ai ?uman na si?I:	?innt@n ?iti ?nitanom mi?I:n ?aj ?iman nasi?I:
nort2875	?a ?inomalaN saj ?a ?iniponla	o ?aino malaN saj ?a ?inI:punla
nort2875	?issa t@n ta?po ?issa t@n t@pd@	?isa t@nta?bo ?isat@nt@pd@?t
nort2875	?i?I:n ?in ?aNo?an d@	?i?I:n ?in ?@No?an d@
nort2875	?awon n@n t@ tumtubo saj	?awon nan tutum tubosaj
nort2875	sim@nto sija	sumI:n tosija
nort2875	?awon sija ?a ?illipat ti tap@?i	?awon sijapI:di ?a?ilipat ti tap@??i
nort2875	?usuh gu@rai	?uso gI:ra?i
nort2875	?um?aho?ad mann@n	?umaha ?ad mann@n
nort2875	magmukhaN kawawa ?itam mann@n	magmohaN kawawa?i ta man@n
nort2875	budi s@p ?um@?aj@ sina	pudisip kuma??ajI:sina
nort2875	nara?I:n ?a ?i?I:n man	nara?I:n ?a ?i?I:n man
nort2875	?isawsaw mo sija ti ?asini	?itawsawsja i?asin
nort2875	katasI:n mo ?I:n tapos ?ipg@s mo ti tal@Noi	katas@nm@?I:n tapos ?i ?i?ipg@s mo ti?i baNalI:n owI:
nort2875	butol h@la panan@m ni?nI:n	?butol hI:la pananimini?nI:n
nort2875	toksit ni ?abd@?i	toksit ni ?abd@?i
nort2875	?in tan@m mi	?in tan@m mi
nort2875	maiwadd@ s@na ?a	bajwad d@sI:na ?a
nort2875	m@lasa ?I:n	?ilasa?I:n
nort2875	n@n ?a ?asaha ?oi	nan ?asaha ?oj
nort2875	?isaj ?ami sI:n dinom?@l	sa ?amI:sI:n dinum?@l
nort2875	?ad saka pati	?adsakapati
nort2875	saka mi ?I:n ?ij@?as@	s@kamI:n ?ij@??as@?
nort2875	?itan@m mo	?itan@mmo
nort2875	?obram sija ?a ?iponla	?obram s?a ?ikunla
nort2875	?i?I:n ?aj ?in	?i?I:n ?aj??in
nort2875	g@p@ttam mo ti damiti	g@p@ttamo ti damI:ti
nort2875	kasi minamin n@n ?in d@dd@?@l ?a ?ajuh sid	kasi minamin @n ?in b@dd@la?ajosid
nort2875	?o sijad la jaj palit nai	?osjadlaj aj palit na?in
nort2875	tumtubod la sija	tuNtubod lasija
nort2875	?in kandado na	tI:ros ?in kandadonwa
nort2875	sijad man jad ?in balak na	sijad man jad ?in balakna
nort2875	?a ?as@s@no ?a	?a ?a?asI:si?ino ?a
nort2875	butol ni silii	butol nisiljI:
nort2875	?in m@l@mnin s@pla	?in?n m@l@m din sI:pla
nort2875	?obra ?I:n ?a	?I:ro?obra?I:na ?a
nort2875	?ibigsabihin ?awon mi ?inolaj	?igigsabi?in ?an bi?ino?olaj
nort2875	koN ?aNo?an ?aj ?@taj	koN ?aNNo?an mi ?ataj
nort2875	paklan nai	?aglaN na?i
nort2875	?i?idman ?@ ?ubi	?i?idman ?I: ?ubi
nort2875	NalNal@n mod sija	?al Nalan mudsija
nort2875	m@lasa ?a gulaj ?i?I:n	m@lasa ?agulaj ?i?I:n
nort2875	?i?i?I: pag minatujo ?I:n	?i?i?I: pagmina tujo?I:n
nort2875	ti b@tuhi	timaton m@j@n
nort2875	butol sija	bI:ro butol sija
nort2875	?ittan@m mo ?@na	?itan@ mo?I:na
nort2875	?itan@m mi h@la	?itanon m@hI:lad
nort2875	t@gt@g@n mo ti	tan?@?on @n?a
nort2875	siNnan n@di?di?an	siNna ii?an
nort2875	?issai ?a bilog ti ?ijan nai	?isa?i?a bilog ti?janna?I:
nort2875	sijad jaj ?uwah miji	sijadjaji ?uwami
nort2875	kasi pag ?umans@d	kasi? pag ?uman sI:d
nort2875	m@buju? gamot ?I:n ti ?ug?ugi	m@bujo? pI:ro gamot ?I:n ti?ug ?ugi
nort2875	sija ?ina butol nai	sa?ina butol na?i
nort2875	?obra mid ?apitasI:n ?amid	n?obamid ?apitas@n harbI:s ?amid
nort2875	mi h@la jaj ?a ?illuto	pI:dimI:hI:laja ?a?illuto
nort2875	basta ?in ta?os puso ?ami ?a	basta ?in ta?us puso ?ami ?a
nort2875	koNbaga lum@lbut n@n ?in gagawim	kunbagamo bulm@lbut n@n ?ingagawim
nort2875	balo m@Nijan	balo m@Nijanmn
nort2875	pag minaNalap ?a ti doon nai	pagmiinaNalap ?atidon na?i
nort2875	?umado sid m@tan@m mid mann@n	para ma ?umado sid@? mi?I:tan@ m@dman@n
nort2875	?o sig@ pajagan mijo sid m@?una	?o sigi pajagan mijosit m@??una
nort2875	bulan bulan	bulan bulan
nort2875	?i?I:n ?ip@?unam ?I:n ti ?asini	?i?I:n ipa??unam ?I:n ti ?asI:ni
nort2875	gamoon gamoon ?i?I:n	?gamon gamon ?i?I:n
nort2875	m@la?aw s@p sina	mas m@la??awsI:b t@?ina
nort2875	pag m@ntabas ?@? ti ?uwahi	pag m@ntaba s@?ti?wa?i
nort2875	m@?una sid ?i?jaj ?an ?aj	mo?una sid?i?jaj?an ?aj
nort2875	kaja ?awon ?@? n@n ?um@?aj ta	kaja kun bagaw@n n@?n@n ?uma??ajta sI:nt@
nort2875	kaja sijad sid@n	kajasijad sidI:n
nort2875	m@n@ld@ ?a sijad jaj ?in ?aNad@nan mi ?a	m@n@ld@??a sjadjj?in ?@Nadanan mi?a
nort2875	minat@?nag sija	tinata? nagsija
nort2875	koN budim man kap@ moi	kun budin maN kapI:n mu?i
nort2875	m@ntitistisi sid	m@ntidistissi
nort2875	masmaganda ?awon ?@ s@p bumili m@Nastos	mas magan?aw@n sI:pbumI:li maN gato
nort2875	?i?i@n ?uwahi pag lalod pag ma?t@N n@n	?i??in wa?in paglalod pag ma?t@Nn@n
nort2875	?@g?aN@n mo ?in doon na sid	?@g?aN@ mo?indon nasit
nort2875	?a gagawin mo ?a lam@sa	?a gagawI:n mo ?alamI:sa
nort2875	?@?ulam@n mi ?I:n	?a??ulam@n mi?I:n
nort2875	?o?o mata	?o mata
nort2875	di?aw ?a ?uwah	di?aw ?abaj?wa
nort2875	?in na	?in koronana
nort2875	?I:n ?a ?iggamot ti ?uwahi	pd?I:n ?a ?iggam@t ?idti?wa?i
nort2875	?awon n@n ta linomuwaj ?a tinomira sI:n kas@	?awun@n talinuma a tinomirasin kasi
nort2875	?intol n@n ?@lao	?intuln@n ?I:la??o
nort2875	?i?I:n man pag ?ittan@m mi ?I:n ?in	?i?I:mman pag?itan@m mi?I:n ?in
nort2875	maj ?a?ag?aN@n ?ami ma?ijan	maj?a??ag ?aNa ?amipar@ ma??ijan
nort2875	?i?I:n man bunaji	?i??I:nman bunaji
nort2875	ti li?od moi	tisli?od muI:
nort2875	?aj ?uwah ?I:n	?ahi?wa?I:n
nort2875	si?amid ?aj min@gka?isip	si ?amid ?aj min@gka?isit
nort2875	sijad ?I:n ?in min@ro ?a m@smo	sijad?I:n ?inmilI:ro ?amismo
nort2875	si?ami ?apiapihan	tisi ?ami ?api?apihan
nort2875	ma?t@N n@n ?obram sija ?a	makt@N n@n ?o bramsj?a
nort2875	sija ?ijuwa mi	takas ?isija ?iuwami
nort2875	talaga ?a m@ssilaw ?a ?awo nmo	talaga?a?n m@silaw?a ?amo
nort2875	?a kandado	?a kandado
nort2875	dahil ?awon d@d man m@?d@nan ?a ?@lan	dajila?on d@dman m@?d@nan a?alan
nort2875	kas@ doon na ?i?@	kasi dod na?i?I:
nort2875	maskadai ?@ggajat@n d@ ?I:n	m@skada?i ?aggajat@n d@?I:n
nort2875	sakam tipatipak@n ti platoi ?obrad sija ?an@n	tisakamtipat tipakan ti plato i?og radsja?an@n
nort2875	halaja m@sarap	halaja misnaa
nort2875	?o tapos taba?od jaj	?o tapus taba?od dijaj
nort2875	dahil m@?@bb@l ?in butol na sid	dajl m@?I:?m@??b@l ?in butol nasid
nort2875	pata ?awon ?ittaNal ni ?asoi ?a ?ikalat kalat ti pal@tai	para ?aw@n ?idtaNal ni?asuwI:sida?ikalat ka?alad ti palI:ta?i
nort2875	m@mbulaklak sija	m@mbulak lak sijat
nort2875	tapos pag maNalap ?@? n@n ti ?ulam ?oi	tapos pag m@Nalap@?n@n ti?ulam ?ui?
nort2875	?i?I:n koNbaga ?awon h@pla ?I:n ?umansina	?i??in kubagawon hI:pla?in man sina?
nort2875	kaja mina?sijan ?in wag@t na	pajamina?sijan kin iwag@tna
nort2875	?a ?inat@?nagan ni ?@roplanoi t@n ?araw	?a?inat@? nagan ni ?iroptlano wit@n ?araw
nort2875	sijad ?I:n	sijan ?in
nort2875	da maganda ?a tan@m man	d@magan ta?atan@mman
nort2875	dita koN ?a No?an mi ?I:n	dita kuN ?aNNo?an mi?I:n
nort2875	?o?o ?a?an@n ni kun@hoi	?o ?a ?an@n ?I:nni kun@ huwi
nort2875	?itapalmo ti kasukasu?an nai	?itapal mo tikasopaso?an ?a?i
nort2875	?ugd@t na ni?nI:n	gudl@t naniknin
nort2875	dija?jaj ?i?I:n man ?a ?ajuhi	dija?ja?i?in mana?aljo
nort2875	m@?unad ?in magulaN ?o	mo?unad ?in magolaho
nort2875	mabilaj ?I:n da maj gamot ?@?	mabilaj ?I:n lamaj gamota
nort2875	?ilagam na sija	salad  ?i?iilagam na sija
nort2875	bihira di?ami pakwani kaja	bihra di?ami pakwanikaja
nort2875	pag minalom	pagwi? na ?al?ob
nort2875	sipon ni ?ana?i	sipol ni ?ana?i?
nort2875	tabasan ?I:n	tabasan ?I:n
nort2875	sijad ?i?@ ?ijan nai	sija ti?I: ?ijan na?i
nort2875	?a p@Nb@tuh ni siNsiNi sid kw@ntas	pI:di ?apaN b@tu ni siN siNsiina
nort2875	dahil kumkatas sija ti m@potii	dahil kom katasjat?in mapootiji
nort2875	m@Nalap ?a ti ?ajuh nai	?m@Nala? ?a ti ?ajona?i
nort2875	?asin kap@ ?asukal	?asin tapI: ?asukal
nort2875	koN ?as@s@nod la ?in ?inI:palit d@ t@n b@?@s	poN ?aki?sI:nod lajN ?inipalit d@t@n b@?@s
nort2875	?awon na sija	paraw@n nasija
nort2875	paNjajarii jaj	paNjajari jI:jaj
nort2875	sijad man ?I:n ?in	sjadman ?in ?in
nort2875	?inI:?uli d@	?inI: ?ulidd@
nort2875	maNalap ?a ti paN?ut?ut moi	maNalap ?ati paN ?ut?ot mui
nort2875	?i?i?I: ?obrad ?I:n ?a ?i?i?I: man ?ult@?	?i?i??obad ?I:n ?a ??i? man ?I:wana ?ij ?ult@?
nort2875	?a tatlo ?@pat ?a bagijod dinommani	?a satlo ?@pat ?a bagij@d dinummani
nort2875	?i?I:n ?i	?i??I:n ?
nort2875	?a ?ihapplas m@?@g?aN ?in ?in g@tt@l sid ni ?abd@?i	?a ?ihaplas para m@?@g ?aN ?in ?ing@t@lsid ni?abd@?i
nort2875	?in ?uwah na sid	?in wana sidg
nort2875	?i?I:n doon nai	ti??indon na?i
nort2875	kaja ?awon mi minalap ?isaj sI:n	?aja?an mimiaisajsI:n
nort2875	maNijan n@n sija ?awon mod	maNijanan sijawo mu
nort2875	sijad ?I:n ?in p@Namas ?od ?I:n	sijad?I:n ?in paNgamas ?u?in
nort2875	?a sija ?a habaN bulan bulan m@Nijan sija	?ad sja ?a habaN bulan bulan m@Nijan sija
nort2875	magkatrabaho sid	para m@gkatra paho si
nort2875	na ?ina	normal na?ina
nort2875	tapos ?ij@?alaj ti puntod ni min@?atihi	tapos ?ija??aljti puntod nimina??@ti?iji
nort2875	?@tlanani ?a ?awon m@?@gsa? ?a pl@ma	?@tl@nani ?a?on ma?agsa??aplI:man
nort2875	?a ginto	?a ginto
nort2875	sija ?itapal mo si?I:	s@ ?itapal si?I:
nort2875	m@?@llawit ?inad	mallaw Na? ?inan ?n
nort2875	?i?I:n ?aka ti?saj ?itam man n@ni	?i?I:n ?aka ti?sa it@nman@n ?I:
nort2875	?iba ?in bulaklak na ?in budd@? na	?iNba?in bulaklakna budd@?na
nort2875	?obrad ?I:n ?a kom@ta ?I:n ti halaga	?obrad ?I:n ?a komitad ?I:n ti halaga
nort2875	?i?I:n ?iniponla s@la ?I:n	?i?I:n ?inaj punla? sI:la?I:n
nort2875	?ip@?unam sija	pa?kunam sija
nort2875	?i?ina muduNi ?ina	?itina muduNi ?ina
nort2875	tatloi ?a ?aj ?issa ?a ta?on	tatlui?a ?ajd ?isa?a ta?on
nort2875	?ibigsabihin maiwadd@ ?ami s@la ?a	tibig sabin majo? majw@?add@?amisi ?ila?a
nort2875	?@? namud	maN hI:r bala? namo para
nort2875	?in pon na	?in ?ub ?inponna
nort2875	m@nsoli ?in linaw ni mata mi	para m@nsoli?in linaw ni matami
nort2875	m@n@wala ?@? s@la koN minsan	m@nI:wala?sI:lakoN minsan
nort2875	?i?I:n ?aj m@Nijan ?I:n ?a ?ann@n mi	?i ?I:naj m@Nijan ?I:n ?a?an@mmi
nort2875	?itan@m mid	?itan@m mid
nort2875	?iba?in p@Nija nan	pI:ro ?iba?in p@Niljanan
nort2875	ti ?i?ani ?obra ?@na	ti?i?ani ?ob r@?I:na
nort2875	koN ?@lla?ad@n mo m@bi?I:n	to?@la?al@n mo?ii
nort2875	?a kulaj t@ bulaklak	?akulaj piN t@bulap kla
nort2875	?a na	?a padtilakna
nort2875	kada pag ?am ?aj tatlo ?a ta?on na	kada pagmaharbis ?ambaj tat?u ?ata?una
nort2875	?obra h@lad ?issabug mod la	?obahI:l ?isabug mudla
nort2875	sijad ?ina ?in ?in ?@Nadd@nan mi ?a ?a	sijad ?ina?in ?in ?@NNaddan mi?a op?al
nort2875	?in matam ?aj m@li?b@t n@n	?in ?inmatam ?aj m@li?b@t n@nt
nort2875	?as@nod ?i?@	?asI:nod ?i?in
nort2875	sigudo maj m@du ?@s sid ?a ?isip di?ami	sigudo majdm@du?@ sidajisip ti?ami
nort2875	minsan mod la pa?@nabaNan ?I:n	minsa mudla? pa ?I:nabaNan ?in
nort2875	haNan ti mudumuduNi	?aN ganti mudu muduN
nort2875	baka ?a	paka I:di?a
nort2875	?i?I:n ?ana? na ?illipat m@d	paNa ?i??in ?ana? nai??in ?ilipatm@d
nort2875	ma?una pag minalapd@d ?in kagustuhan d@ ?a ?alap@n	mo?una? pagminalak g@d ?in kagustohan d@ ?a ?alap@n
nort2875	?a magulaN ni magulaN miji	?a magulaN ni magulaN miji
nort2875	butol h@la ta di?@butol nai	butol hI:la tadi?I: butol nahi
nort2875	sijad man ?I:n gamit moi	sjadman ?I:n gamit muwit
nort2875	?ijani ni?nI:n m@sarap ?a talaga	pI:ro ?ijanini?nin m@sarap ?a talaga
nort2875	pagm@Namas ?ad	pag maN gamas ?ad
nort2875	?aNoi sI:n	?a No?isI:n ma?is
nort2875	sijad man ?I:n ?in p@?aj	sjad man ?in ?in pa?aj@sinatagki
nort2875	ti?sI:n ?a	ti?sI:n ?a partI:
nort2875	?a?@No?an mi	taNNo ?ammI:
nort2875	dahil ?awon sid t@ ?@lsotan ?a bumbili ti ?a ?an@n miji	ta@l?aw@n sidtlsotan ?abon biliti ?a?an@n mii
nort2875	?inI:tan@m ?o t@n duduwa	?inI:tan@m ?o tig@duwa?
nort2875	tapos m@molaklak n@n ?a ?@lan ?ina taNkaj nai	tapos m@molaklak n@n @?@lan ?ina taNkajna?i
nort2875	t@tul@n mod ti mandaNkali	t@ttul@ mod ti mandaN kali
nort2875	?in katas na	?in katas na
nort2875	sija ?a ?@ttanotan mo	sija ?ad tano dammo
nort2875	ti ?issai ?a liNo	ti ?isa ?i?aliNgo
nort2875	?a ?ul@tan mo ti sundaNi	?a ?ulI:tamoti sundaNi
nort2875	bago mi ?I:n ma?@tan@m	bagu mi??I:n?tan@m
nort2875	?i?jaj na ?aka sI:n ?ampalajai	ki?ijajna?aka?sI:n ?u ?anpalaja?i
nort2875	?appatobon pa	habpatobom pa
nort2875	?inomalaN ?I:n ta	?inomalaN ?I:nta
nort2875	tan@mo mo ti sitawi ?umansaj	san@m moti si?itawijoman saj
nort2875	kaja budibudi ?a m@mpa?ado ti ?amotii ?a ?i?ina	haja budi buri? ?a mam pa?ado ti?amo tja ?i?ina
nort2875	baka sija ?ij@?ajama ?oi	baka sija ?i??ijama??uwin
nort2875	?anig ti tap@?i sid ?a ?ip@mb@nta d@	?anigtitap@? ?isi ?aip@mbI:ntadd@
nort2875	m@lakas ?in na	b@lakas ?in magnI:tna
nort2875	?o lagitik	olagiti
nort2875	?an@mman ni ?@gg@mi sid	?an@m mani ?@g@mmisid
nort2875	bisad la ?a ti?sina	bisad lati ?isina
nort2875	?i?I:n ?amoti ?I:n No? mii sI:n	?i?I:n ?amo ti??I:n No?mI:sI:n
nort2875	mas@t kas@ ?I:n ?a ?a prutas	masI:d pasI:?in ?aaprutas
nort2875	?i?I:n man gamot	?i?I:nman g@m@
nort2875	bukod ti ?awon ?ittaNal ni ?asoi	mokudda ?i ?awan ?itaNal ni?asuw
nort2875	d@?@l ?a b@tuh	?d@?@l ?a buto?
nort2875	?awon mo budi ?a ?@g?aN@n ?obra h@la	poN budim ma?akaN@n ?@n ?obrahI:la
nort2875	?ib@nta mi h@la ?I:n	?idbI:nta mI:hI:la?in
nort2875	?i?I:n ?aj ?ajuh ni narai tumtubo s@la ?I:n	?i?I:n ?aj ?ajo ninala?id tomtobosI:la?in
orko1234	lim NEbNa:b Ban NEla jOukOn bur m_wEta:la ru mukO lili Ban lOn	lim NEb Nab ban NElajOu kOn bur mEtala rumu kOliliBan lOns
orko1234	lir Ban ta ku libilOk hOl	NilElin Ban takulibilOkOl
orko1234	biak sE Gelalo	baG sE ElalO
orko1234	Eh mOm mE GO ben GO NENE mOm lONOnE sam rulo Bi:tObtOb ro mEan wE ten tam ru ro	E mOmEGObEn GONENE mOm lONOnEsam rulrulOBitOb tOb rOmEan wEtEn tam rurO
orko1234	mEan anE Or GOla mon mukurku ro liNi Ban la	mEananE ur GOlamOn ON kurkuliNi Banla
orko1234	OnE tutu:si rOm manE jOukOn ro rOs tu tEman GO tu tEman	nE ti tiwisi rOm manEjOkOn rE rOsitEm man GO tutEm man
orko1234	bur a:b GO Na NE NE	burabO NaNENE
orko1234	nam uri sOt nE mEla: bEn GO	namuri sOr nEmElaGabEl GO
orko1234	GOle m_wE: mEri	GOlE mEmEri
orko1234	EntEn tE nor GOlE mEan mEan uri mE bEn GO mEmE bisEnE	En tEn tEnOr GOlE mEan mEan uribE mE bEn GO mEmEbisEnE
orko1234	alE toto en Gilil	alE tOtOEn GilEl
orko1234	temaro GOlE ro mEan E B_jOr hOl ru GO m_wE: B_jOr hOl ru OrkOn lOnla GOlE	tEmaru GOlE rOmEanEBEOr hOl ru GOmE BEOr hOl ru Ol kOn lOn laGOlE
orko1234	tOm GElalo mEri lOm sO lOn malalo Em GOla m_wE: m_wE: malalo Em	tOm GElalumEri lOm sOlOn malalu Em GOla mE mEE malalo Em
orko1234	tOk nE bu mEmE	tOGOlEbumEmE
orko1234	sOk b_wEl	sOk bEla
orko1234	GOlE raen m_wEranru	GOlE raEn mEranru
orko1234	mer tOb karE memem riri em em GO tObO	mEr tOb karEmEnEn ririEm Em GO tObO
orko1234	Ban se raen Naro	Ban sEraEn NarO
orko1234	m_wEsE GO adam m_wimiEr lan	mEsiGO ata mimEt lan
orko1234	sa:rOen mOnOk NEla Na	salEn mOnOk NalaN
orko1234	bOnE GO NENE	bOnEONENE
orko1234	tu kulOnE an rOm GO tEsE an rOm filfili GO tEsEla:l	tukulOnE an rOm GO tEsEl an rOm fil fili GO tEsElalO
orko1234	mEan liNi m_wiliNi raulu m_wE: mo	mEan liNi miliNi raulu mEmu
orko1234	Naro tomo en tukO mE mE GilE BanE	NarO tOmOEn tOkuOmE mEkilE BanE
orko1234	ratiO GOnjel lOn	aratiO hOn jElOn
orko1234	mEan sE En BEn GO m_wEsEsE silil mon	mEan sEEn BEn kONurumEsEsE sililimOn
orko1234	ru NE lam b_wENbaN	buNEru lambEN baN
orko1234	Ban sOb_jOrObnE	BanEsObErOmnE
orko1234	mer tOb senE lObuNbuN jel lar f_wier fan em GO muE	mE tOb sEEblObuNbuNjal larfEEr fanEm GO muE
orko1234	lOn tike:nE nelE:	lOn tikEnEnElE
orko1234	ro Bi: GOlE mEan maro	BaBii GOlE mEan maru
orko1234	bOnE GO	bOnEGO
orko1234	mEan biak sE Ban fuornE Gelalo	mEan biaG sE an fuOt nEGElalO
orko1234	sukul ro hOl rab jenE wOsip ro hOl b_wE	sukun rOhOl labEEnE wOsEburOhOl bEE
orko1234	temaro m_wib_wiri nOn fonO lie GOlE mEan telenem mEan ro m_wisiE temaro GOlE m_wEtE:	tEmaru miBiri nOn rOuliE GOli mEam tElEnEmE mEan rO misiE tEmaru GOlE mEtE
orko1234	GEle m_wE: tOusiliEn nE bil manE lEn hOl	GElE mE tOsilE nE bil manE lEn hOl
orko1234	alE lOm b_wiri an lOm b_wiri an fanb_jak	alE lOmburiBan lOmbirian fan bak
orko1234	GO Gilir lO lir E ja:r la lir b_wiri kukO mE GilE	E GOGilElGOlirE jaat lalir birikukOmE GilE
orko1234	tu bEn sE: NE OtlO uri san	bOm tEbin sE NOtO uri samOm fOrOla
orko1234	rO mE an lOn	rOmEan lOn
orko1234	mO nOk bEn Na NE la	OnOG bEn NaNElal
orko1234	ro mer norkarE GO ja:lfu Na tutu manE Gemem	GO mEr nOr karE GO jaal fu NatOstu tuman EGEmE
orko1234	Naro sa:rOen mOnOk Na NEla	Na rOsalO En mOnOk NaNEla
orko1234	bOnE GO tOtOb bini ta:laliel	OnEtO tObini talaliEl
orko1234	bil tiGilE nar uri hat bEn GO nar lEN nar ramE GilE nE lEN tu: nino	fil tikilE narurihatbEn kO nrlEN naramEklEnElEN funinO
orko1234	no nar tu mon nar tu sa:nE nar rO rutE sOk NO tutu	non nar tumu nar tu sanE naruri tEsOk NOtotu
orko1234	mO fOlOlili mOn Ban lan li wOjE GO la Ban ranro suNOnE	mO fOlOli limOn Banlan li EjEGOla Ban ran rOsuNOnE
orko1234	Naro lObuNbuN mefelak we	NarO lObuN bON mE fElak wE
orko1234	alE nam telE	NalEnam tElE
orko1234	Ei mab_jok Gilel nam fanE wErE m_wE: hOl Na	EmabEOGilEl nam fanE wErEmEhOl Na
orko1234	lENm_wia:l GOlE mOkO mOnOk	llEN mEal GOlE mOkOmOnOk
orko1234	Gab kulo bail	arabkulObal
orko1234	bafOn b_wiri kOlili mE	bafOn biri kOlilimE
orko1234	enten selaNa lam kE mem neknak tOnE	EndEn sEla Nalam kEmEm nEG nak tOnE
orko1234	leN mEmE ro ru m_wisiE tan nE lie jel GO lie jel	lEN mEmEr GOrumisiE tanE liEjEl GOliEjEl
orko1234	b_welE ol GOla NE isan NE b_welE remram	bElEOl GOlaNEisan NE bElE rEm ram
orko1234	alE em leNlaN hOl m_wif_wi:	NalEEm lEN laN hOl mifi
orko1234	Naro mu mu kOlili	nOrOmumOkOlili
orko1234	fan mEan nOk ru nE mirEn lE	lan mE anukru NEmirEnlE
orko1234	dZuO Om O: nurum	suO Om O lulOm
orko1234	rulosOlo lam GilE GO leN GOlE m_wija:	rulO sOlu lam GilE GO lENGOlE mija
orko1234	lOr tEta:la ti:r lE tEmE tE: bail GOla	lOr tE tala titlENE tEmE tEbailGOla
orko1234	mEan hulE BanE BEn nE silil GO ab_wEsE silil En GO	man mGilEBanEBEnE silil GObsEsililEn GO
orko1234	m_wiGilE GO	mEGilEGO
orko1234	Ban ti:r lE fOno Ban lONOnE tu tEplEinE Naro	Ban tirlEfOn Ban lONOnEdZu tE bElE NarO
orko1234	lOr ta:la Na ro tu lOr	lOr ta:laNarO tulOr
orko1234	Naro hOl m_wE wEsEl BanE ro	narO hOl muwEsEl BanErO
orko1234	leNmia:l tib_wiri mE	blEN mial tibirimE
orko1234	tu:si mEri tu:si lisiN si NE ma:nE ak rOm	tusi mEri tu silisiN siNE ma:nEak rOm
orko1234	raulu bur mEmE ru nor GOlE	lau lubur mEmEru nOr GOlE
orko1234	bEn GO nam ramE GilE mOlrE nu tu or nimirir mon ramGilE nam b_wiri jEn nam b_wiri uri sOk	bEn GO nam ramiGillEmOl rEn nutu GOr nE mirir mOn rEm Gilanambiri jE nambirE uri sOk
orko1234	buk hOl GO ru m_wE:	bukOl GO rumE
orko1234	O mEmE marin ro mirim	aGO mEmE marin rO mirim
orko1234	ja:lfu GOGilillE lir b_wiri sO	jalfu GOGilElE lirburEsO
orko1234	rOs NE m_wEbamnE nak	rOs NEmEbam nina
orko1234	mor b_wiri mE tElEnim	mOr buri mEr tElEnEm
orko1234	lim tam_jornE fon O m_weta:la	im tamOt nEfOnOmNE tala
orko1234	Naro san nornorEn m_wErEkalE BEn nE silil hOl GO ru m_wEsEsE silil	narO san nOr nOrEn mErEkalE BEnEstilir hOl GOr musEsE silil
orko1234	mEan anE Or GOla mon	mEananE Or GOlamOn
orko1234	alE lim an kOliernE mon	alEliman kOlEt nEmOn
orko1234	temaro ma kin	tEmE rumakin
orko1234	mE an muor	man nur
orko1234	an melE: riri	an mElEriri
orko1234	ro mEan ru mu GilE GO ab_wE: sEsE silil nE GO	rO mEanrumu ilEO abOsEs silil nE GO
orko1234	NE mon tibiak sE san lOkO en GO	NEmOn tibiaGsi san lOkOEn GO
orko1234	tu lir lir se GO Eh ro enten GOlE tofon jen fini an melE: tElE:	tulur sEGO ErOEn tEn GOlE tEfOn jEn finEan mElE tElE
orko1234	m_wi ir bE NE ru lam BEnBan silO:l ro ru lam sa:lwenE wElElEr silO:l	libEN Eru lam BEn Ban silOl ru lam sal wEni a wElElEr silOl
orko1234	lOm jen	lOn midZEn
orko1234	lim GilE rib jenE tiri rO hOl ro ab_wEwelE tutu b_wE	lEm NilEribjEnE tirirOlabE wElE tutubE
orko1234	dZOn m_wE: EntEn GO mobolO:b	dZOn mE in tin GO mEbElOb
orko1234	Naro m_wiGilE	NarOmiGilEb
orko1234	b_wi ir lE fOnO	mitlEfOnO
orko1234	mirim b_wiri mE tai ta or GOlE	NErimbirimE ta taOr GOlE
orko1234	a ru mirim mE lOnmElE	Naru mirimE lOn mElE
orko1234	ru mEan	ru man
orko1234	lisipsep mu:ri ro mEan fan man b_wele	misub sEb muri rO Ban fan man bElE
orko1234	sOk lObuNbuN m_wE: hOl Na ru	sOGOlO buNbuN mEE hOl Naru
orko1234	liman lOnor Gilil sElaNa sO ru lim kE: lOnor	iman lOnur GilEr sElaNa rulim kE lOnur
orko1234	mEri mEan Ban fan Em kakaE mOktO BElE mu mumuOr lan a:b GO ru tufu lO GElE silil ia mumuOr Ban lOn wE	mEri mEan fanim kEka muGsOBElEmmumGOr lan a:b GEru tEfurulE kElE sirilE muNGOr iBan lOn BE
orko1234	alE lOr lOr lulu tu ti:r lE fOn lOr se alalo tutu tEmE Naro mE mE	alE lOrra lOr rulutu tu ilEfOn lOr sialalO tu tutEmENarO mE mE
orko1234	Ban jOukOn bur tEta:la tE tOkOlili Ban lOnor	ba:n jOkOn burdZE taGlati tO kOliBiBan lO nor
orko1234	mem se GO NENE	mEm sE GONENErE
orko1234	lir Ban tu li tO bini no	lir Ban tu li tObininO
orko1234	bulu or nor GO rEn	bulOr nOrOrEn
orko1234	san san	san san
orko1234	ru m_wErEmramE GO nasa uri	umErEm ramE GOna sauri
orko1234	san lOkO en GO	san lO bOEn GO
orko1234	kulkulo fOn raulu Ban Ban Ban	kul kulO GOnO raulu Ban Bn Ban
orko1234	arOl nE an arOl nE wOjE m_wi b_wiri E lo Na mO sO	arOl nEanarOl nE wEjEmubirEElO NamOsO
orko1234	a bOnE lim Ban	abOnOliman
orko1234	nar mE tElEnim	nar mE tElEnEm
orko1234	lim tE: ro tE: Belan	lim tE rO tEBElan
orko1234	raulu mukOlili mE mE ru lE	Nraulumu kOlilimE mEr mErulE
orko1234	tOwE bur ro uri	tO bEbirOBuri
orko1234	mer b_wiri sO BelE	mEr buri sOBElE
orko1234	lON m_wike:nE nab nab tOusilnE	lOG mikEnE nab nab tOusilnE
orko1234	Naro mEan ru mOr mEan ru mO	NarO mEan rumOr mEan rumO
orko1234	mamE kurku mon liNi Ban la	NOmukurkumOn liNi Gan la
orko1234	or hOl GO m_wiGilE	Or hOl GOmiGilE
orko1234	GOle m_wE: tOusiliEn nE rOm filfili	hOlE mE tasilEan nE rOm fil fili
orko1234	tOan m_wijija: GO m_wijija:	tOan miijaGO miija
orko1234	bOnE GO EntEn GO la mO fOlO ran ru Ban lan li wOjE b_wE ro	bOnEGOEn tEn GOlamO fOlO ran ru Ban lan liwEjEbE rOjO
orko1234	ubuN hOl enten jel lar kOkOnE or telenem tu lar ta kuku lie	kubON hOl En tEn jElar kkOkOnE OrtElEnEm tular takukuliE
orko1234	lOnrajEr O m_wE: tan nE lahan	lOn rajElOmE tanElahan
orko1234	mEri lOn ru m_wili jOukOn	mEri lOn rumisili jOukOn
orko1234	si NE ab_wisiE ta:lan ariel NElE	siNabu siE tala nariEl NEn
orko1234	leN GO tEsiE Gemem leN tEmE lOn abarE nE madZ	lEN GO tisiEGEmam lEN tEmE lOn abarEnE EmadZ
orko1234	Ban fEl Ob_wEr	lBan fEl ObEr
orko1234	enten lir E lim	EntEn la lirElim
orko1234	salalo lObunbON	salElul lObbu
orko1234	mEan anE bur ro jen fini	mEananEburO jEn fin
orko1234	mElE: mE f_jaN rO bur Na lE Eb mE jEn	mElEmEfaN rubur NarElab nEGEn
orko1234	san ul	sanulE
orko1234	no nar b_wiri mE an	lOnOrburi man
orko1234	tutu GOb kulo or ro Ban tu nor GO ren	tituNGOb kulOO rO Ban nOr GOrEn
orko1234	lOr GilE BanE alalo tutu nE nEsiEb salalo Bi:	lOrulEBanalEalOB tutu GOl nE lOn inEnE siEb mOsala lOBi
orko1234	muOr Ban lOn wE ro mEan bObO	muOri Ban lOn BErO mEan bObO
orko1234	Gilil riri	NilEl riri
orko1234	mE an ru m_wE rEbra:b wOjE	bEnbiErEb rab wE
orko1234	GOGolola minmanE GO	GOGulOla min manE GOGO
orko1234	bil wElOlun m_wEsakbE GO m_wEsakbE	bil ElOn mO saGbEGOmEsaGbEbGbb
orko1234	lim mE sO lE Ban NEla GO GEmEmriEl mirim mE sO mirim mE	mlimEsO lEBan NElaGOkEmEm riEl miri mEsO mErimE
orko1234	san bilbilEn mEan sOb_jorObnE mon mu:si	san bilbilEn mEan sObE rObnEmOn musi
orko1234	mer neknak tOnE GO leN ab_wiri mE	mErnEknak tOniGO lE NaburimE
orko1234	EntEn hOl ja:lfu hOl isan NE	En tEn hOl jal fuhOlisan NE
orko1234	adam mon ru mu:si GO ab_wElEnE mEri	atamOn rum NOsi OabElEnEmiri
orko1234	amim mama jel elab kO sE Ban fan riri em	amimamajElElab kukOsEBan fan rirGEm
orko1234	tOm mEan BElE mEan ru m_wEta fafaE a:b	tO mEan BElE mEanruumEtEfOfa ab
orko1234	Naro sa:l	NOrO sarO
orko1234	mu kO Ban	mkOBan
orko1234	tu lOr fen laN	silOr sEn laN
orko1234	leN tija: ten	lEN tija:tin
orko1234	sa:rOen GO enab sa:rOnE	salwEn GOEnab salEnE
orko1234	ru mu kO Ban m_wi ir la NE la	NukOBan mirlaNEla
orko1234	leN tEkaku li b_jorOb	lEN tE kakulikErOb mEr
orko1234	Ben O lOr sO fanbak	BEnOlOr sO fan bak
orko1234	bil Namaro tu tEan lOn kE:En	bil NamErO titE an lOn kEn
orko1234	mElE: nE	mElE nE
orko1234	babEan tu la GO Gi lE lObuNbuN GO muru nE NE	babEan tulaGilE lObuNmbONGO mmuru nENE
orko1234	erib tO bini Naro	irib tObiniNarO
orko1234	m_wifilfili ro lisipsep mOsO BelE m_wi:r lE ro lam sie lisipsep	mifil fili rOlisib sEb mO sOBElE milErO lam siElisib sE
orko1234	lam GilE Eh tolo E NEla b_wE GOlE bur te marin	lam GilE tOlOjENE labE GOlEbur tEmarin
orko1234	Gilim an lon bubuOr	iliman lOn bubur
orko1234	Ben GOGololE erib	bEn GOlElErib
orko1234	ru mu kO Ban	rumu kOBEn
orko1234	mEan ru m_wEta: sa:lE BEn GOle ru mu:si Ena uri dZOn ro ab_wi:r bE	Ejan rumE taGasali Bin GOlE rumusi EnauridZOnrO abirbE
orko1234	b_wiri mE tuku f_wirf_wira:b	burimE tuku fir firab
orko1234	san bilbilan GElalo m_wEkE GilE mEri Ob mE ro ri b_wENbaN	sanbir bilan al lO mEkE kinE mEri hOb mErO ribaN baN
orko1234	ru m_wE ranro suNOnE GO hOl b_wE	rumunE ran rO suNEnE GO hOlbE
orko1234	m_wiGilE muE ten NEla Ei tu Gab kulkulo	ilE muEtEn NEla Etu Gabkul kulOfOnO
orko1234	Na m_wiNar la ru mOsOrOl la mOsOrOl Ban	NamNiNat larO mu sOrOl musOrOl GalNa
orko1234	BanE ta:lan GO kali	GanE talan GO kalE
orko1234	raulu GElalo kali	raulu GElalO kalE
orko1234	alE m_wE sE GO Gilil lE	alEmEsE GOGilE
orko1234	rab neknak ben	rab nEG naG bEn
orko1234	tOan tolo jija: b_wE m_wiGilE GOb mi:n mon b_wE	tO an tOlO jijabEmiGilE kOb min mOn bE
orko1234	lan BelE GOlE faramsu	lan BElE GOlE faramsu
orko1234	ben GO	kEn GO
orko1234	ri em kekai GO an i O enten jel lam mE sOb sO Na BelE	riEm kEkaGO ani OEntEn jElamE sOb sO NaBElE
orko1234	GO Ben GOGololE lOr Ban wE ten tam sO	GOBEn GOOlEliOlOr Ban wEtEn tamsOG
orko1234	B_julOn mOsOnsOnO GO mOsOnsOnO	bilOn mO sOn sOnO GOmOsOn sOnO
orko1234	tu lir bikbiak sE jamar GOGililla	tilOr bik biaG sEjamar GOGO hilEla
orko1234	Naro lam tele Ban	NarOru lam tElEBan
orko1234	bOsa tu sa:nE adam ro no lOk tu tisi:l nak	Osa tusanE tam rO nulOk tuti sili nak
orko1234	sOb_jOrObnE GO tinE: mOn GO ru lam	sabErOb nEGO tinENOn GOru lam
orko1234	lEN hOl tObO mEmE m_juB_ju B_julOk Naro m_wijEnE mOsOnsOnO ru m_wi:r le bEn GO lOk mubuNbONnE sOk hat	lEN hOl tObOmEmEmbBElOk NarOmijEnimOsOn sOnO rumirlE bEn GO lOk mubuNbuN nE sOk hal
orko1234	nEkE mEri	mEkE mEri
orko1234	tutu sa:lE lObuNbuN sE b_jalm_wElEun	tEtusalE lObuN bON sE bal mElEunE
orko1234	Ban sObb_jorObnE	Ban sObirOb nEr
orko1234	selselaen GO sen mon NElE	sEl sElaEn GOsEn mun NElE
orko1234	lim_wE: siEl	limEsiEl
orko1234	erOb siE arlo tutu NElE	ErOb siEala ar lO tutuNEn
orko1234	lisiN manE mEri mon lOr kOlili Ban lOnor	lisiNmanE mErimOn lOr kOliliBan lOnur
orko1234	rOs mon ru mu:sili Ban	rOsmOn murumusili Ban
orko1234	Naro bOnE GO Ben GOGololE lOr lONOnE GO NENE	NarObOnE GOBin GO ululilOt lONOnEGONENE
orko1234	lir GEb Na Ban	lir kEm Nafan
orko1234	lie GOla tolo tolo ta:la	liEGOla tl tOlO tala
orko1234	san arOl GO tObO ru mEan lOn kE:En	sanarOl GO tObO rumEan lOn kEn
orko1234	bOnE GO nam lONOnE fEs wOniN	bOnE GO nam lONOnE fEs wOniN
orko1234	tOlOE tE marin	tOlOE tEmarin
orko1234	ma anE	mani
orko1234	Naro mEan GilE abEan sE silil GOGolo la	NarOmEan ilE abEan sE sililnE GO Gulula
orko1234	mef_janE m_wi:r lE ro ma:nE Bi: m_wE: hOl Na mOrOwa	mEsanEmit lErOmanE BimEhOl NamOrOwa
orko1234	Ban ru m_wisili jOukOn ro ru mO m_wE	Ban rumisilijO ukOn rO rumEbub
orko1234	a san lObuNbuN	asan lObuNbuN
orko1234	mEri tu tE wErwa:r tu tu:si jOukOn ro rOs tu tEman GO tu tEman	mEri tu tE wEBr a tutuisijOwukOn rOn rOs ti tE man GOtutEman
orko1234	tE: b_win tu	tEbin tu
orko1234	no O enten nE	nOEntir nE
orko1234	Bi: tE: lo ro seNenE BanE Gelalo	BitElO rO sENEnEBanE GElalOr
orko1234	kE:En ro tOlO b_wiri wa:r BanE	kEn rO tO lObiri Baari BanE
orko1234	lam liblieb lO ol ro lam suNOnE Ban b_wele man lisipsep	lam lib liEb lOul rO lam smiNOnE Ban lOnbwElE man lisibsEG
orko1234	m_wElE: lObuNbuN ru bur nor GOlE	mElE lObuN bON rubut mnOr GOlE
orko1234	mEan lEnE dZOn	nEan lEnEdZOn
orko1234	san arOl m_wi f_wi: Ban lOn tan mu suNOnlilinE mOn	san arOl mufiBan lOn tan musu NOn lilinEmOn
orko1234	tu nar jEn tE nar f_wiEr	bEnarjEn amarsEr
orko1234	GilE ah sam tu OblE:nE salalo a lOk tisili nak	ilEO sam tiOblEnE sakdan O nrOG tisilinat
orko1234	lOr E: lo	lOrElO
orko1234	bail GOla bOnE GO eGab lONOnE ab_wE mE f_wilf_wil lan em	balOla bOnEGOE Gab lONOnE abEmE filfillan Em
orko1234	memela mon Ban la Ban ba NE Ban m_wi:r la	mEmElamun la Ban BNi Ban mitla
orko1234	lOr BanE lOr BanE tirbObO lOr	lOranE lOr BanE tirbObO lOr
orko1234	san lObuNbuN BiEn m_wE: hOl Na	san rObubuN BEn mEhOlO
orko1234	mukOlili Ban lOn kE:En	mukOliliBan lOn kEn
orko1234	bilifalEn GO falEn	bilifalEn GOfalEn
orko1234	tir Ban sO lOnor tu lir kE: lOnor	tiri Ban sOlOnOr tilir kElOnOrO
orko1234	m_wiGilE muE Na ru	mEGilE muE Naru
orko1234	Ban usili	Banu sili
orko1234	mEri ru mukO lili Ban	mEri rumu bOlili Ban
orko1234	Ban anE lObuNbuN ro jen fini	Ban anE lObuN bON rOjan fini
orko1234	ro lObuNbuN GOGololE lOr sO	rOlabuNbuN GOGOlElElar sO
orko1234	sO Ban sO Ban	sOGan sOBan
orko1234	Naro mu uri mu kOlili	NarO muri mukOlili
orko1234	lObuNbuN hOl	tObuN buN hOl
orko1234	a no nam an bulu sOk NO hOl muru	alO naman bulusOk NhOl murur
orko1234	GO la mu kO Ban mu kO kO	kOlamukOBan mukOkO
orko1234	lObuNbuN GOlE ah Eru nam stat lilinE mon b_wE NElE	lOkuN bON GOlE Ehit nam starlilinE mun bENEnE
orko1234	tOm m_wiGilE nak OfOn Ban	tOmilEn nakOfOn Ban
orko1234	GilE abu:ri ab_wE: san BEn	ila aburi abOEsan BEn
orko1234	ElE Gamalo GOlE NE Gab ma:	ilE GamalOGOlEGE Gabma
orko1234	ro mab_jon jel ru lam sesanE	rmEabOnijan lulam lulam kukOsE sanE
orko1234	ro lim tE: eteta ro liNi lon Belan	rO liNiE lim tEE tE tarO liNi lOn BElam
orko1234	im nE dZiOdZ GOlE	EmnEdZOsGOl
orko1234	bilbilEn tiGilE	tilibiGan tilEn
orko1234	Ban lOn teN lOr Ban sOb Na Na ro GilE	Ban lOn tir lOr Ban sOb NaNa rO GilE
orko1234	lObuNbuN mimi:n mon mi:n mi:n mi:n mi:n m_welerler sE tOan mon	lObuNbON mimin mOn min  min min mElEr lErsE tOan munO
orko1234	bOnE GO tEan tu tOsOb fetOwerE ti:r lE tu tEta ti:r lE	GOnEGOtan tu tOsOb fEtO wEri tirlE tutE tatirlE
orko1234	tu lOr	tu lOr
orko1234	nan biak sEnE nab tE: a:b ro nab biak sEnE ro na fEl sEnE ro hOl afOn b_wiri muOr kElE silil nE Em kakaE	nanbaksEni nabtEb rO nabk sEni nafElsEnE rOhO lafOn birimur kElE silil nEjOmukE kaj
orko1234	ta: tiri tE:	katiritE
orko1234	atiri b_wiriri En m_wEran ru b_wE	tirEbirirEn mEran ruBE
orko1234	lam an NEla Ban se	laman NElaBansE
orko1234	lim lim kOlili Ban	Gulim rulim kOlili Ban
orko1234	nam sOk b_wiri BelE NE OrkOn	nam sO biriBElE NE OrkOn
orko1234	isan NE masiN masiN	isan NE masiN masiN
orko1234	nam ramE lOlnE nab sa:rOnE sa:rOen tE marin hOl ro	nam ramElEl nEnab saru nE saru En tEmarin hOllO
orko1234	m_wiGilE BanE san bilbilEn NE nam mE kElE silil ro	ONGilE BanE san bilbilEn GilEnamE kElE silil rO
orko1234	tiGilE tu tu BanE jamar GOGololE GO	tiGilE tu tuBanE ja ma:rOlOliGO t
orko1234	lisipsep bur mEmE	lisib sEbur mEmE
orko1234	Naro lObuNbuN mimi:n ru mimi:n we	NarO lObuN bON mimin rumimin wE
orko1234	m_wib_wiri ak b_wiri akEn Ban f_ja:sE f_ja:sE mo:sa B_jOr Na	mObiriakturiakEn lan fasfasiBinO NOsaBiOrNa
orko1234	suNOnE lO ol suNOnE suNOnE suNOnE suNOnE Ban ro	suNOnE lOul suNOnEsuNOnE suNOnE suNOnE BanrOl
orko1234	mE:i tita am niribO NEla tEn sa maGE	nEtitam niribO NElatEn samakE
orko1234	kO Ban kO Ban kO Ban m_wi ir li	kOBan kOBan kOBan Ban mirli
orko1234	mE mEan ru manE ja:lfu jel ru lam tiNEnf_jaN lOn imiel	nENEan rumanE jal fujEl rulam tiNEn faN lOn imiEl
orko1234	jOukOn O rOs bEn	ju kOnO rOs bEn
orko1234	lObuNbON man lO m_wE: lo lOm ramElOlE lOb lEnE mEri	lObNibuN man lOmiElO lOm ramElOli lOb lEnE mEri
orko1234	mE suNOnE lOn san arOl	mEsuNOn lOn sanarOl
orko1234	ru mE bun malek Ban ro lObuNbuN mefelak we	rumEEbun malEk BEan rO lObuN bON mEfElaG BE
orko1234	leN m_wija: GO m_wija: GO m_wija:	lEN mijaGO mij GO mija
orko1234	Ban se ak mama	an siaG mama
orko1234	Naro mEan sa:lE BEn hOl GO ru m_wEsEsE silil	NarO mEan saGalu Bin hOl GOrumEsEsE silil
orko1234	lan kOkO i ten dZOEt Gilil	lan kukOitEndZOwEt hilEl
orko1234	bil m_wiGilE	bil miGilE
orko1234	lE: Ban telenem	lEBan tElEnim
orko1234	Na NEla	NaNEla
orko1234	tiGilE GO tOlO E jOukOn ro rOs	tiGilEGO Na tOlOjOkOn rO rus
orko1234	fel ku	fEl ku
orko1234	mu usili silil Ban	Nusiti sililiBan
orko1234	leN tEmE tijija:	lEN tEmEtijija
orko1234	Oh tutu Ob b_wiri f_wilinE manE	Otut Oburi filinE manE
orko1234	Ban rOwa wOjE laNlaN	mEan ruwatu wOjElaN wN hOrO
orko1234	muE tEn Na ru	mEtEn NarO
orko1234	lE: san lOkO jel ro wila san Bi:tObtOb	lEsan lOkOjEl rO Bilasan BitOb tOb
orko1234	nar fon kilb_wElE nab rEkalE	nar fOn kilbElE nabrE kalE
orko1234	bOnE GO lir b_wiri tu lir sa:rO ti:r lE ta:laliel	bOnE Olir biri turisalO tirlE talaliEl
orko1234	uri raEt nE an tan GO mirim sO En or GO rEn	uri raEt nEan an tan O mirim sOn ur GOrEn
orko1234	Ob tu sa:nE dZOn	Ob tusa nEdZOn
orko1234	mEri turi tu:si jOukOn	mEri turtusijOBukOn
orko1234	mOsOrOl lOlOo mon	mOnstOrOl ulOmal
orko1234	bOnE GO NENE ak tutu tE sE GO Na ti ir la GO tu nar kO m_jOrOnE Na ro NE mon tE mE Na ro mE tE mE siE	GOnEONENEaftutu tEsE Natir laGOt nar kOmE rOnENarONEmOn tEmENarO tEmEsi
orko1234	ro mu ruru Ban	rO mulru Gan
orko1234	mem an sO la	mEman sOla
orko1234	lir GilE Eh	ibiGElEEb
orko1234	mEmE O mEmE usi ta:ta Om uri f_wErfa:r	mE mEOmE mEusitata Omuri fErfa:r hOl
orko1234	jenE san lOkO jel biak sE GilE bu	jEnEsan lO kOjEl biaGsEGilE bu
orko1234	san lObuNbuN man m_wE: hOl Na ta:lOk GO tumO	asan lObuN buN man mEEhOl talO GOtum
orko1234	Enab b_wiri kO lili mOn Ban Enab b_wiri an bul fini	hElaburi kOlili mOn Ban anaburEan bul fin
orko1234	lim lE: wOjE GO la mO sO ru lim anE	lim lE wOjEGOla mOsOru limanE
orko1234	isan san isan	isan san isan
orko1234	bOnE m_wEsE silil En mOnOk	banEmEsEsili lEn mOnOk
orko1234	bEn sE: NE Or b_wiri uri nino	bEn sE Na birwuri ambOrO laninO
orko1234	mor Ban silO:l Na ro	mOr Ban silOl NarO
orko1234	mu kO mE ro mE uri arOl nE	mukOmErOmE mEhuri arOl nE
orko1234	ro tEsai Bi:	rOtE sEsaBi
pnar1238	dEptE man da liwan u itu tE Em hi de re da mi? bu dZri da ki wi na wan ta tip de re uk_hana ja p_hi p_hi	dEptE man da li wan witu tEEm hide dE dai?tbudZuli tE ki winOwan tE tepde da k_hanajapi
pnar1238	Em kawi kabrigita nE ka wa la burma tE tSON kO tSeni ka umn=Em k_hOn re tE dEp letE tE ka wa sumar Na ka wa pet_d ja Na ka wa e dZa ja Na p_ha? sumar kisister	Em kawi ka bridZitanE kawalabOrmah tEtSON katSene kamEn Em k_hOn rE tE dE?p lE tE tE ka wasumar Na ka apat jaNa ka wa edZa ja Na pa? sumar kistEr
pnar1238	katE kajuN bOrdiN lE? tSibha? katE p_hadar turkO katai kastiat hetai lE? up_hadar turkO hi wa tSna bon bha kikam wa lE? up_hadar turkO tSeni	katE kajuN bOrdiN le?tSi baha? katep_hadatrkO katE kastet hetalE? upadatrkO hi watSna buhn baha kikam wa le? up_hadatarkO tSEne
pnar1238	kn=dOk utu wa bat tebel tenis daN kn=dOk bet_d lai k_hr=NaN	kandOk tu wa kandOk bat tE bEl tEi sdaN kandOk bEn lakraNaN a
pnar1238	ku u da kaji da ku u dEp tE k_hat_d sO? u dEp pl=laN ki ha ji ha kini kiin ha kini nE kikria?	ku da kar dE ji daka da k nijiNkeJ ku dEp tE k_hasO? u tE palON uwi hE  ji hE kini kijih a kini kiinE ki krE?
pnar1238	netE idaw kani kakur le kl=luN jOhbha? kO jekam dalOi netE idaw wa ja udalOi jee u jalE? u man dalOi na kakur so kpO? wa na kakur le kl=luN	nEtidaw kini ka kurlekluN jO? baha? kO ik_hamtalO ladO man kawaN uwalem tE itidaw wa ja dalOj ji wi lE? man dalOna kursO kapO? wa na kakur lekluNNN
pnar1238	tE kaji wa dZia uni wa e dZat_d tSa kabei ha kapOr wa im ha i ki man bru lE? man i kam kimrad hi	tE kai wadZi waNi? wE?dZEtSa katSatSa kabE ha kapOt warim ha i kimanbru lE? daN man ikam kimatap he?
pnar1238	man ha kadZiNjatO? wa kani e dZat_d tSa ka kn=t_hai	man haji katO? wa kani ka edZEtStSa ka katOj
pnar1238	tE dEp tE tE da man tm=mEn kat:u la n=Jiaw p_haw wi snEm O kisister lE? ki tSr=k_hei katE kabru ka wa sumar Na ka wa la burma tE jap kO tSa tSl=lON jap tSa tSl=lON	tEdEptE tE da man tammEn katu lOnJawp_haw wisnEm O kistEr le ma ja kitSark_hE katE ka baru ku suNmar Na kulabOr ma tE jap katSatSalON jap katSatSalON
pnar1238	tE ki man ON nO? ki jalE? ki upr=tSaN hi ki ujak_hun kat ibOr jON wa jee ki	tE ki mannOnO ki  jalE? kiprtSaN iN ki ujak_hun katibOdEN wajE ki
pnar1238	hn=rei kaparOm n= ja katE wa kam:On pOi hado? wa sdaN tE Em hi kaparOm sE ka wa kam:On dom ipr=t_hai kam:On dom ipr=t_hai kam:On wa kideJ kisiaJ\ jO? bha? jO? bn=ta ki	hai kaprOm man ja katEkamwOnpO hadO? wastaNla Em hi kaprOm sO ka wa kam wOndOm ipat_ha kaOndOm bat_ha kamOn wa kideN kiset jO? baha? jO pata ki
pnar1238	tE ON tE heni hali la rEp hi ha rEp hi riaN heni tO? jo bam snEm bam lat_d i kat:E lE? m= pr=tSa? t_ho? bat_d nON ON ki t_ho? bat_d	tam tE ni hali lE rEp hi rEp hi riN pini tu  ubaN snEba na ikate lE imprtSa?tO? ba?nON ON kitO? bajh
pnar1238	hakatE kapOr lE? Em ka ja awri mok_hap wa ki pOr wa man hado? utSwas lN=dO? lE? m= pu Em man raNba? tSnON raNb a? tSnON awri ki m= jee ki kapn=bet_d ha kate kapOr	ha katE kapOr lEm ka iawr wi uNuk_hap aki pOr waman hOdO? dl uni utSuwas laNdO? la hpu? Emman aba?tSnO? umnaN man ra wa?tSnON kiawrwiki mjekapambajha katE kapOr
pnar1238	kat:E naN tSON u jodur da kdZut kakdZat u dEp letE naN sl=liat pitiat u kikdZat u	kattE naNtSON ujududa kadZEt kakadZat u dEp la tE naN sulet pitit pi kikidZat u k
pnar1238	jo u wa Em sa ar tl=li hE? kikrii? uwi u krii? u wa dap uwi mn= m= dap sO? re	jOu waEmsaartEli hE?  kikri? uwi ukri? u wadap uw umanp u dapsO? rE
pnar1238	tSi arp_haw san hadZar samEn dEptE letE tE sdaN ujO? kini kitin sdaN kibru ujO? tSna juN kn=rO? netE	si arp_ha san hadZar samEn dEp tE le tE tE sdaN ujO? kini kitensdaN kipru ujO? tSanajuN karOk dEp tE jO? ON ktente
pnar1238	Em t_haw pn=tSON ha baskl= hak_hmat dEptE ja? wOt u ja? baskl= wOt u	emta patSON a kabEske k_hmat dEptE ja? war u ja? bEskel O u
pnar1238	wat_ho? ON p_hi itSnON wa da tSnON da sa? heni tE i sa n= jee kisnEm tip bat_d ON u la kam u kamnu tE da Em uni utSnON p_hi lE? tSip_haw k_hatsan snEm lane arp_haw snEm tSapO?	watO? ON pi itSnON wadartSON dasa? pini tE ija i kasnEm lE tip baON lakamnu wamnu utE dm initSnON pi lEtSipa  kasasnEm lE na arpa wsnEmtSapO?
pnar1238	tSwa ujap kabei tE ON kO nE libo? ka tSa mokn=deN tE la da im kO tE bo? ka tSetu tE la da man hi ka re tE liwan tSeni tE dEptE sumar kisister Na tSeni	tSwa ujap kabe tE ON kanE libO?katSamO u kandEN tE la da emkO tE bO? katSetO tE la da maJ hikare tE liwantSeneh tE dEp tE sumar kistEr NatSeneh
pnar1238	dEptE tO? tSi tO? hetE tE pat u dEp tEt kakdZat tarO?	dEptE tO? tStO? atE tEpat u dE tE kadZut kakadZEt rO ura
pnar1238	ON O upn=dZlan nE dEp tE k_he O ujap Em bat_d dEp tE udOktOr lasken tE sumar wan ki dEptE bha wan dEptE tSat_d	ON N upandZlam nE dEp tE k_he a ujap Emba dEp tE ta pOdOk_htOr la laskeJ tE sumwat wanki dEp tE bha wan dEptEtSadZ
pnar1238	tE nE? ki heni hetE ipOr jO? ki jekam dalOi dewa e ulaNdO? katE tO? bn=ta ka wa jee ki u jalE? dalOi	tEnE? wi heni hetE ipOr jO? kijekam da lOj bade wi? ijuN ulaNdO? katE dO? wibanta kawa ji ki wi alE? t lOj t
pnar1238	da pl=lai katai kasO? wr=Nia upet_d tSetu i k_hn=na? kn=t_hai dEp letE tE tE sNo? u ha uwi umo dEptE ubasikil u da p_hlai lut katai kasO?	dOplE katE kasO? warnE upE?tSi ti k_hna? kant_hE dEppletE tE tE sNO? ukawi umO dEp tE warbEsi kil u dOplElOt katE kasO?
pnar1238	tE Na pr=k_hat tSo? tSo? O tO? kitE kibru madan br=wai m= tO? wa jo beJ i ki wa tO? kibru wan rep hE? ki kitai la miska mn=krem ka la biskOr ka la br=wai	tE Nam park_hattSO?tSO? watO? kiti kibru humdan kwamtO? jO ubEni ki watO? kibru wan rEp hE? ki ikitE kalE manska klaNkrEm klEbaspOra klE baruwa
pnar1238	kdO? u kamtE bet_d t_had heni ha rdaN	kadO? u kamtE wat_hat heni hardaN
pnar1238	sdaN biaN u ku hetu ha ha baskl=	satOm bjON ku wEtu a hrbEskil
pnar1238	man da liwan tSeni dEp letE tE jO? de re ulai dEptE ri wan O lai wan O tSa belfOn wan lisumar wan O ja kisister tm=mEn ar snEm	man ri wantSeni dEp lE tE tE jO? dE rulj dEp tE rijan Ola jan OtSa bElp_hOn wan lisuma ran O j kistEr tE mEn arsnEm
pnar1238	dEptE wei kisO? harO? wa hap hetE itE hetE hapr=di hepOr wa pat wan u Em le Nut kitSn=raN hetE wan	dEptE wO kwE kisO? rO? wa happ hEtE tE kitE ki hEtEn uprdi uhepOtr upat anu EmleN Nut kitSraN hEtEn
pnar1238	tE ON nO? ki wan tE manda wan kitE ki wa tor t_hma tE ON ki dE hanpaja ma m= Em p_hi kikn=t_hai da wiar dZat_d i	tE ON nO? kiwan mana wan kite ki wtut_hma tE ON kide hOn paja mamEmp_hi kantO?  dibjadZEtSje
pnar1238	juN k_hOn lE? hOi hi ha juN lE? hOi hi	man NaltSOmk_hOn la hO i haju huN juN la hO hi
pnar1238	tE lai ki ki wetO? tSadZrON lom	tEla ki ki wetO?tSidrON lOm
pnar1238	tSwa ulE? jON kani kaburOm jON u ha uar hadZar ha usnEm ha usnEm ar hadZar tE pn=lE? ki kate kaburOm wa ue i persen ja kik_hn=na? raliaN kinu kinu k_hn=na? skur wa lai tSak_hmat	tSwa jale? ja knikburOm jON  hO ar hadZa? hOusnEm hOsnEm ar hadZar panle? i katE ka burOm kuEprsEn ja kik_hna? rliaEN kinu inu k_hna?skOr kulatSak_hmat
pnar1238	ON kO p_hilO p_hilO ON kO ON kO ja Na	Om kO pilO p_hilO kamher kamher ON kOkamhar kamhEr aakepOrju litEl rasnOr nsras nO? kajala
pnar1238	mn=tSwa mn=tSwa tE jO? tSwa i da ka dZiNsn=tSar sjiam	tSwamantSwa tE jO? tSwa i dE ka ji usntSarsim
pnar1238	kat:e pr=di daN wa k_het_d sO? u tE Em uk_hn=na? wan u ja? ji wa ja? baskl=	kate prdi daN hu k_hasO? utE Em uk_hna?n wajap ji uja? bEskil
pnar1238	man Na hi man katkam hesJiaw O tE man netE idaw nE? hado? katni man nE? bat_d i ha ka dZat_d kn=dZa jON ha kabei jON kakn=t_hai	man Na kaman katkamesJa tE man letidaw ne? hadO? katne? man n? ba i  kadZatSkandZa jON kha kabEh ju antO
pnar1238	tE lai skur O lE? hado? hE? E? kat da bet_d ON kisister ja Na de? lai skur de? lai skur ne waJ O re ulai skur wa swei	tE laskOr ale hadO kalastri hE? E? kat dabEtS ON kistEr ja Nade?laskOr dE laskOr nE wEnJa ra ulaskOr wasuwEhi
pnar1238	naN pl=lai u uwi haden uwi nawan tdE? naN tdE? u ki kitE sO? kam dei sON kamni nE dEptE tdE? tdE? hi bo? hi u ha tSaN	naN paladZ u wi hatin uwi da wan tEde? naN tEdE? uki kitE kisO? kamdEsON kamninE dEp tatEde? tEdE? hi bO? hi u katSaN
pnar1238	katni lE? da kl=li ja ki wa tO? m= Em lN=Nat_d mi pn=na kl=li da Na pr=k_hat da kl=li wa t_ho? la da jap ki lE? m= Em ujap tSan=lad uwai hap u jap u hab kit hi ki kimEtjap tSa tai ikat tSetai tSa mr=skaw u t_ho? t_ho? tSimkrEm tSim u krEm	kat nilE? dE kali jaki watO? mm lENaj mipin ikali da Nak_hna k_hat akali watO? ladE jap ki lE mm jap katSamda duwa hap jap hap ket hiki kamEt japtSEtE akatSEtE hatSanaska atO? tO? tSamkrEmtSamkrEm
pnar1238	tE ON u kwa? O upn=sJiaw ha kadOrbar ri wa kani kapr=sa jON Na da hE? kO da im kO tE Em wa kular O ja kapiahra? i wa ue tSibn=ta nei wa Na ksO? O	tE ON ukwa? upasJaw ha kadalbanri wa kani kaprasa a NadE hE? kO ti im kO tEim ka ukudula ra ja kape? ra? i wa  itSipnta nE  wa NakasO?
pnar1238	wa bon ute uk_hn=na? wa lai skur kl=leJ kiskur wa Em wa ki jON katSnON raliaN tE pet_d O sak_hiat henu utSnON kini kik_hn=na? raliaN hetE tE pr=k_hat O do? t_hia? la kam do?	kabun tu k_hna? walaskur klENwarO? kikiskur aEm a ki ON katSnOrliaN tE patS jausk_hEt tE henutSON kinik_hna? liN hEte tE prk_hat katO? ti? lakam tO?
pnar1238	tu ubru wan o pat_d u kamtu jo u ksO? sO? ki tEt	tu wahE ubrun da u dape? wamtu njOktSO? sO? kitEn
pnar1238	ha juN k_hOn ON ijuN k_hOn nE itE juN ha juN kur ON kijuN bei man kat i jON Na wan Na Em juN bha? O re ja Na	ha jONk_hOn ON jONk_hOn hatE jjuN ha jjuN k_hu ar ON kajuN bE wan kat ijON Na wan Na Em juN ba? ari Na
pnar1238	tE O deburOm uji pr=tut uni uhiriam deburOm ja uma hiriam wa da kwa? ut_ho? dZiNdZip k_hamtam ja kakam hepOr wa katni Na man O ka uraNba? tSnON	tE de burOm juprti? kini u hirem de burOm ju ma hirem wa dE kwa? p_hit_hO? dZiNtip k_hamtam jEkam hEstri hejpOr u kat ni Nama a ka urON ba?tSnON
pnar1238	tE daN dZo? jalE? t_hma na kawi kari tSa kawi kari na uwi usjiam tSa uwi usjiam	tEdaNdZOk ule?tma lE kawi kartSa ka bi kare lE kabi usemtSa bi usem
pnar1238	k_hn=na? k_h n=na? jodur ja? basikil	k_hna? k_hna? ja udOr u ja? ba jsakil
pnar1238	hn=rei lai kapOr lai kapOr katni tE man upat_hi da man u wa man E? wa kam:On ja ubam hn=rei kamni wOt hi tO? upat_hi lai u nN=kON do? lai u ha kaniam bat_d tSwa	handE lakapOt lakapOr ka?ni daman ubati damanwa man nE? wa kamOn ja bam rE kami hi tO? ubatilan kON dO? la ha kanem bEtSwa
pnar1238	kat m= Em re Em re lE? mOkOtduma tE dZOp kO i la arsen	kanEm ruli apel iEm ru jalE jle? ma ka umatEdZOp ka i lE arsen
pnar1238	tE wan ki barO? jON kaskur raliaN dEp netE manda wan ki hetE tE pr=k_hat ja Na ha ute snEm ar hadZar m= jee de taN ut_hi? utSON	tu wan ki barO? jON katSnO lEN tE? katE man da uwan ki hitE? tE prhat ja Na hat usnEm ar hadZar uje dE utaN kt_hi? utSON
pnar1238	tSEt O tSirup wa up_hadar turkO tSa jON p_hadar n=Jiaw snEm tSEt O ha jON p_hadar tSi san snEm na kabn=ta kik_hn=na? n=Jiaw snEm na kabn=ta kip_hadar	tSEt utSi rO? wa up_hadar tarkOtSa jON p_hadar aja snEmtSEt u ha jON p_hadar tSi san snEm na kabanta kitSana? ja snEm na kabanta kip_hadar
pnar1238	pat_d u o uni us O? ubru wa Em ha dZrON deJ	patja u unasO? man ur O kO? pE? taw ubru waEm hatSrON dEJ
pnar1238	da ja u o da ja u o him sO? uwi him sO? u ON man pet_d nE kOp jodur to? u	O dEjO O O dEjO O hemsO? uwi hemsO?u ON man urupatSnE kOm jO dOrtO? u O
pnar1238	kamtE sE	hamtE? asa
pnar1238	tE ON nO? bOi Em wa bakla Em wa lat_d Em wa m= tO? tE man uap wOn p_hi kadZia wa ji man nE m= man	tEnON nO? bOj Em i kubakla imO ladZEm kamtO? tE man uap anp_hi kaji wa jek waman i kuman
pnar1238	dEp letE tE bia la jON kisister manda mi? bia la jON kisister tE t_hed_d kisister itai ikpEr tE pn=bia kisister pn=jat_hO? kisister k_hawai kisister	dEw lEti tE be lajON kistEr man dami? bEl lajON kistEr tE tet kistEr itEkpEr tE panbe kistEr panjatu? kistEr k_hawa kistEr
pnar1238	man na katSiten E? man uk_hana la pateJ kiwahE?	mandaN kaatSE katSitEnjE? man ki u k_hana lE patEJ i wahE?
pnar1238	ka mn=Em k_hOn ka mn=Em nat re tE Em kapaju kO kawi ka wa man sister tE karOna nE pr=tut kO tE saN ki ja warO? kisister	kamanEm k_hOn kamanEmnat re tE Em kapajiw ka ka wi ka waman istar tE kamadEr ka rOna na partika tE majasaN ukija NawarO? k_histEr
pnar1238	ON O k_hai k_hn=na? k_hai k_hn=na? dei ini ijuN k_hai k_hn=na? jee jut iJ dEp tE mi? i tSalat_d tE jaduwai i dZisO mEri dZOsep dEptE han de iJ kajuN warO? ukba uk_ho warO? kadZat_d wa iJ	ON ak_hEkana? k_hEkana? dE ijijuN k_hak_hana? jOjOt in dEp tE jami itSalatE jaduwa ijisuN maridZasEhdEp tE hOn dE iJ kajuN warO? u kuba uk_hO warO? kadZadZ wa iJ
pnar1238	tE mOn de re pet_d jek_hi? ik_han tE pr=k_hat O ha kapOr ja Na man O ka uraNba? tSnON ji ujee O lE? kat uni uk_hOn upad_d up_hlaN katSnON raliaN	tE mOnher upa jik_hi?k_han tE prk_hat pE ha kapOr jaN Namman ka rON pa?tSnON jiwje le? kat uni uk_hOn upa? juplaN kaN katSnON rlEN
pnar1238	ja u Na ki kOt sla barO? manda dEp netE tE ja ja kate manda ja kate sak_hiat ha kadZo? kapOr	je u Na up_hremtE kikOt kslabar O? man adEp nE itE tE apel hi katE kakes man E?japel katE kakes sak_het ha katSO? kapOr
pnar1238	manda kEt ki m= lai rwai taN met_d ja tE ki ON ka e da man da kEt wa dalOi da tE Em rON ki	man dakit ki mdan watEmi? kati kuON ki i d man dakit udalOtE Em rON ki
pnar1238	naN k_het_d pitiat u kat:E Em daw re Em uwi wan wa ja? basikil ja? basikil ja?	naNtSatE tet u kattE m dE rE O Em wian uwa ja?basikil ja? ba sikil naja?
pnar1238	Em de re nan uk_hi? manda dap tE kak_hatsan snEm dEptE jap u manda jap u letE tE da sa? i du para paju hi tE pn=lai skur jarap ki para paju hE? lai skur ki	Em dEr u unaN k_hi man da dEp tE k_hatsansnEm dEp tE jap  man da jap u letE tE h dasa? hidu parapa juhi tE panlaskur jarap kipara paju k_ha E? laskurki
port1286	NalE kOlOm indi van kOlOm tah p{n Em kE mu Puo kOlOm ndu kOlOm lONanE mu Puo kOlOm En mu Puo	NalE kOlOm mundiva kOlOm tah panEm NgE muE kulOm ndi kOlOm lONanEmuE kOlOm mEn muv
port1286	ja:puO kijE m_wE kiE sOk vavEn nam nam liNlasEnE akip p_wili kip vErE lok	japOpijE mE kijE sOk vavE na mO namliN la sEnE a kipilik kivjErE lOk
port1286	kOlOm kiE mu Puo NgOn	klOm kEmO uOkOn
port1286	NalE kOlOm liNi tiri kE m_wE ndE:nda: jE m_wE p_wEt lOn kEmE: m_wE p_wEt lOn kEmE: sO:	anlE kOlOm liNi tirikE mEndEndanjE mOpat lOn NgEmE mOpat lOn NgE mE klasO
port1286	lam va: va: va: va: va: va: p_wis\ah lalinnda	la vvEva pisah lalindO
port1286	urut manE NgulNgul	mOrut manE kul gul
port1286	m_wE lEhE a tiri kijE m_wE pa a PErE mu ndu	mElEa tirikE vE pOa vErE mE ndut
port1286	lam van sa: van van van sa: p{n Em NjE: mOn lam van lam lam van lam ndu a lam p{Nmbisi	la vansa mE vansapanEm NjEmOn lavalam lavalam luvElam pabEsivE
port1286	a mOnOk m_wE NgEle vavEn	amEnOk mE NgElE vavEn
port1286	kunjuhNgolo m_wi indi van tjEnEm	kiNOh NgOlO mEndi van ts\EnEm
port1286	m_wE NgEle mu ndumuO mE mb{ li:m_wE: mE va: lOn tan	mE NgElE mundumO mEmbalimEmElOn tan
port1286	narE kOn NgjEhnE mbOkOrap	nalO mE kOn gjEhan mbEkErap
port1286	kOlOm mE: kOlOm sOa:	lEE klOm sOva
port1286	plE manE timalEh kijE van van van m_wE ki:mbElE plE En mu Puo kE mu	lE musik manE tEvalEh kjEvvamu kimbulE pElElEn mu vEkmu
port1286	a lam sa:nE sa: aro:Po: NjE: lam van lan sO	alam sanE sa arOvONElavalansE
port1286	lOnlakElE tEm mE mE: mE: mE: NijE	ndakElEl tE mat mEmEmENi m
port1286	kOp tEvanE	kOp tEvanE
port1286	lam min	lan min
port1286	mE mEla van p_wEt kuO van p_wEt lan tamb_wijO li:o: m_wE kiE manE m_wE kiE ka	mE mbEla vapEtkOvapEt lan tambuEn liO mE kEman nEmE kE kar
port1286	van kijE: lOnmbEla: kijEm van ndu lOn sajE: EmE:	va kijElOn mbEla ki vandulOn sajE EmE
port1286	vOvOt kEle NgOn	NO vat kilENgOp
port1286	kOlOm lONmbini ka kOlOp lEhE OkENgE salO: ma:ma manE salO: ta:ti kOlOm ndu PErEn	kOlOm lON mbinE kakOlOp lEhi ukENE salO mama manE salO tatiklOm nduErEn
port1286	tasElOk kOlO: kOlOm va: kOlOm sOa: PErEn mbuk	tasE lOk kOnOklE vaklOm suvavErE mbuk
port1286	kOlOm p_wEt	nOpEt
port1286	tEm{t m_wE nEknak mbE van	mE mat kmElEE ma mEvan
port1286	m_wE lEhE masolO kijE PElEn mE nEk nE	mElEn masulO kijEvElEn mEnEkEnE
port1286	lONanE lam sEsoro mE: mE p_wili mbOnmbOnE mE p_wEt mE ka mE van	lONalam sE sOrO mE mOpulimOn mbOnE mOpap mO kammE va:
port1286	NalE kOlOm anE	kan lE kOlOmhan
port1286	lam van lam van lam kO:t lam kiE mbatOmO mu ndu:sili: NjE:	lavan lamvalam kOt lam kijEmatOmONNdu sinE Ni
port1286	kOlOm van van van van mO lONanE mE mE: m_wE mE mE: p{n tEn m_wE tE:ta: NjE tEtEh mE: lam_wijE	kOlOvan va vavan mOlONanamE mEmOm vE mE tantEn mOtEtan jEtEtEh nElammEjE
port1286	kOlOm van van kOlOm lokO kOlOm va: va: va:	kOlO van van kOlOm lOkO kOlOm van van va
port1286	palEn andOp kuOli va: ts\EnEm	kalEnan lO kiri lasElEm
port1286	NalE viNulNgul m_wi indi ma anE an p{n Em NjE mE van anE an	alE viNgulkOl mEndi manEjan panEp NjEmEa anjan
port1286	masolO sO: mE mE mu NgumnE	masElE sa mE mEmONkum nEstErEN
port1286	kukuO van lam_wijE mE lEhE san na:na m_wE mEt mOnOk	NgukE valammEE valE kE sananam mEt mOnO
port1286	lan POmbuON sO: m_wE kiE manE maNki m_wE kiE maNki	kan kO muNsOpmE kEmanE maNgimEkEmaNgi
port1286	san mbi:mbilEn NjE: lam lam lEhE kE kEvEnE mu kuOmE: mb_wENmbaN sa NjE:	an mbivElENjEn lam lam lEhE kE kEvEnEtan mEn ndum kEmE mbOmbamsan NjE
port1286	m_wE liNi ts\EnEm ja: mE van	mEliNitiEnEm ja:mE vanEE
port1286	a NjO mOrOk te: a narE lolokO a soPE kE m_wE p_wEt akOp vEhE NjO	aNjOn mErOk mmEtE anarO lOkO asua kE mEpEk a kOvEhENjO
port1286	m_wE takOrO mE tE PErE sO: mE mE:	mE takOrE mE tEv vElEsO mEmEtt
port1286	NalE m_wE kiE manE san vanmOrO m_wE kiE ka	kalEm kijE man san van vOrE mikE kE
port1286	mOnOk lam NgjEh va: Pip m_wE kiE mOnOk	mEnO lam NkjEhva vip mENgE mOnOp
port1286	NalE NjE ma anE mOnOk m_wE kjEp lOn mbElErE m_wE sE:nE mE: lantan	alE mjOma:nEmOnOk mE skip lEn mbilErE mE sEnE mE lan tan
port1286	mE mE: PErEn kE lam lam sap PErEn	nEkErE kElam lam sap vErEn
port1286	mbili kE mE van m_wE lEsE kE salO: tjEnEm mu Puo malO: Em mu Puo mE van mu kijEm ndu p{n Em	ilE kEmENamElEh sE kE salOts\EnE muvE malOE muvE mEa mE kijEm ndu panEm
port1286	lam van ma: ma: NjE m_wE p{nE kO:kO pipili	lamvan ma ma:NE mE panE kOkO pipili
port1286	NalE kOlOm ndONa sEsa lan mbarEn ki:kjE: kOlOm utku: tiri kE m_wE ndE:nda: p_wEt lan	NalE kOlOm ndO Na sEsa lan mbir mbarEn kikjE kOlOm mut ku tirEkE mEndE ndapEt lan
port1286	kuOli van liNi mElEh m_wE p_wEt	kOli vatiNilO lEhamOpEttkk
port1286	ja:puO nE malOp kijE san ih NE ndaluan vElvEl	japOnEmalO sijE samihNE ndali van vElvElmm
port1286	s\E mO polO vjOh le m_wE te:van lan li:o: m_wE lEhE timalEh muru m_wE kEkaE tEn	sijOmEpOlOvEhOlE mE tEvalaliO mElEh timalEh mErOmE kEkatEn
port1286	san tu:tu m_wE kjE NjE tErE te:mE: nE san tu:tu	san tutu mEkjE NEm tErE tEmEn san tutumm
port1286	tEm{n vElvEl kijE mE mEt van a tEm{t narEn m_wE te:te:pOn tEtEh	tEmjan vEl vEl kijE mE mEt vajE tEmjat NE mENEnatEn mEtEtEpOn tEtEh
port1286	manEOt mE:rin	manOt mErin
port1286	lam mE: lan POmbuON En lan lam kO:t	lamElan vOmbuNEn lalam kOn
port1286	mE mE: mE E vjOh	mE EmEvjO
port1286	tEm{t kijE m_wE lOn m_wE la: mE mE: mE vEhE NjO van m_wE te:te: mbjEn NjO va: m_wi PisinE plElEn manE NjO va:	tEmat kEE lOn mEla amEmEmE vEh NjOvamEtE tEmbE NjOvvmOsinE plilEn man NjOva
port1286	m_wE kiE ka mu Puo NgOn	mEkEmOluOkO
port1286	san van vanmOrO mO lONsoro kE san ja:puO tErE mEt	san avEn mOrO mOlONsOrOkONEsan jampE tEpEm mEt
port1286	m_wE ka kim NgjEh mbE m_wE ka kEmEm NgjEh kim lEhE kENgE m_wE p_wEt rOk p_wEt lan vOvOt kE mu ndumuO NijE	mEkak kim Nkjah mbE mEkakmE NkjEh kErEkOm kiplEhvpOt kE mEpatOkmpElan vOvEt kiE mE ndumONijE
port1286	san na:na mE E ki:kjE:	sananamE kikiE
port1286	va: m_wE tE mbElEjO kEkEli sO: mO NgOnE mbElEjO OkijE	vamE tEm mbOlOjO kE kEdi sO mONgOnEmbElEjO pijE
port1286	kijEm soro usili: van van kijEm	tijEm sOrON isilivE vakim
port1286	kOm E ja:puO mOnOk nap NgEle ma mansO: kOp indi	kOmEjapOmEnOk lap NElEma man sO kOvindi
port1286	mE mEla lan naim kijE lap to: POrOlo mu ndu	mElan naim kijE lO tOvOrE lO mundu
port1286	NalE mE va: va: va: mO sOrO p{n Em	kalEvEvan man mOsOrO panE
port1286	mbjEn kENgE mErE lOkuO kE m_wi tivin p_wEt lam_wijE le m_wi indi	mEkENE mElalOkkE kEmEtivEmba lamijElEmEindi
port1286	m_wE taNalE kEmE: ndOm mbE POrOsjE: O POrOvjEt	mE taNalE kEmE ndOm pEvErisi O vErivja
port1286	NalE mOnOk tatO En m_wE sE:sa: nE	malE mOnO tatOn mEsEsanEm
port1286	lam soNgo va: lam van lam	lam sONgO va la valam
port1286	NalE m_wE p_wEt mE van m_wE p_wEt	NalE mOp mEha mOpEt
port1286	NalE mE va: mE mEt mE va: lOn mbOlONli tEm{t	kalE mEva mEmEtmEvalEmlONli tEmal
port1286	kOlOm liNi m_wE p_wEt lOn Nglas sO:	kOlOm ni mOpanEmE kElasO
port1286	tiri kijE mE E NgOl NgOl	tiri kja mE kOl kOl
port1286	lam mE: lisEpsEp mO lONanE lam sOsoro mE: NjE mu kuO	lamE lamvE lisEpsak mOlONa lam sE sOrO mE NjEmukE
port1286	mOnOk ja:puO kijE laEkEm lOn tEh tEtEh	mOnOkkjakOkjE mE sElakEmsahisti mukulE va lOn tEhtE tEh
port1286	ja:puO kijE mE p_wEt va: va: va: va: mO lONmbini ka mb_wE lEhE san vavEn	japukiEmOpEt pavEvva mOlO mbini kaNambElE sanvanvEE
port1286	NgO lam sa:nE aro:Po: la van lErEh	kOlam sanarEvu lavan lErEh
port1286	tatO m_wE lEhE mOmijE mO lONan m_wE saNa	ta tOm mElEh mEjO mOlONan mEsa
port1286	m_wE sEsa van m_wi indi tiri kENgE m_wE ndE:nda: p_wEt lOn jE m_wi indi	mEsE savE mbEindi tirikENE NE mEmEndE ndapOlEEn kElasjE mEindi
port1286	lOnla kEle ja:puO san NgjEhEn mu Puo lan vElE kOlOlE NgOnE kE kOlO: kOlOm ndu mu Puo taNalE lOnla kEle	lOn lap kElE jaku san NgijEhEn mO NO mbOlam vEli kOlE li NkOnE kEkOlOklO ndu muE taka lOnlappE
port1286	va: va: va: mO lONmbini ka mbu utlilinE san vavEn mbu kuOli	vava mOlOmbin kambulikinE san va vEmbEmEn
port1286	Njak m_wi dz\aNa	Njak mEts\ana
port1286	manEOt palEn akOp ta jE:	manOt palEnE kOvtajE
port1286	ja:puO kE lam_wijE le kE mE mEt p_wEt le	jabE kElamijElE mEmEbat bEli
port1286	mOnOk akOp mE: vEhE mElEh pOn	munOk akO mE vEhE mE lEhEpOn
port1286	kOlOm kuOlimE: ndu kijEm ndu van lOnmalEk	kOlOm kulE mEndu kimndu van lOn malik
port1286	nunu san	OnEnE sastEri
port1286	p_wEt va: m_wE kiE ka kOp kiE manE vantEn NjE: lap sEksak mElEh kEvEnE	kEt vamEkija kakOp kEmanE vEn tiNjElav siksa mElEh kivEnE
port1286	lalinnda manE laNiEvOt kOlOrE PuPuo nE kOlO:	lan i ndaa manE lan NkimEt kOlErO vuvEnE kOlO
port1286	li:o: m_wi mju: mbEraE tEh m_wE kEvat	divO mi mjumbErE tEh mEh kEvatt
port1286	kOlOm van kiE	kOlE vat kijE
port1286	vjOh m_wi titisi: m_wE ka	lOOmElitEsEmEka
port1286	kOlOm mE: lan sO: kENgE kOlOm kOlOm PErEn kOlOm kuO manE kOlO:	ln milan taEmsOkiNEh klOm kOlOm atmErEnE kOlOm kEnanE kOlO
port1286	ka kOp kiE manE NjO mbu Puo anat indi vOvjOh nE NjO anat mE: manE	kakOkkE manE NjEmbuE anatili vOvEhviNENa anamEmanE
port1286	kOp tEvanE mOnOk kEvEnE kOp uruvi PE mE kOp ndu kOp kEkahE	kOtEvannE mOnOkkEvEn tam kOvutuvi vEmEn kOp tOkO kEkahEn
port1286	lam min a lam ndu lam sap	lamin alam ndi lam sa
port1286	m_wE ka ti kjE tEtEh tE manEOt	mEkat tikjE tEtEh tan sa nant
port1286	sOk ih NE ilsOn	OkEsOk ki NEEl sOn
port1286	mbatOmO kijE ma anE kO:kO pipili E E ma:	patOmO kE maEnE kOkE pililE Ema
port1286	kOlOm NgOnE soPE	pOlOmpOnEsO
port1286	kOlOm lEsE kE malO: Em m_wE saNa tEn	kOlOm lE sE kE umalOE mEsaNE tEn
port1286	m_wE ka mu Puo NgOn mE ndam NijE	mEkam NONgO mEndam NijE
port1286	tjEnEm mE mEsa:	ts\EnEm mEmEsa
port1286	ndu:sili sili: mE van	ndu silisili mE van
port1286	m_wE van lan kE POrolo En	lEvEvaan kE vOrO lEn
port1286	kOlOm ndu lOn lONanE mu PuoEn	kOlOm ndulOn lONanE muvE
port1286	ja:puO san tEm{t NjE: mE Pisi m_wE kiE tE mE: naNEh	jakOsan tEmakE musi mEkaO tEmEnaNgEt
port1286	mE pE:tE m_wE kiE ka kOp kuO nam tEvanE Ok masolO p_wEt OkijE	mEmEpEtE mE kjakakOkkO nam tE vanOkma sElOp kO tEkijE
port1286	pi:pili mbOt pi:pili mE mE mbase: kE mi vini lOn ndu:t	pipili mbOt pipili mE m mbasEkE mivini lOn ndunt
port1286	mElEh NjE: lam mE lam anE a ma: mE van lOn san aro:PO:	amElEh NjE mamElamanja mamalEsanarO
port1286	lam tuNgolo lOn Na lam tEvanE mO p_wEt lam sENanE vEsisja manE	lam tuNgO lElOn kEs NOlam tvanOpEt lam sENanE vEsisjamanE
port1286	nam indi na:na mam tah p{n Em mOnOk	nam ndimOmam sah paNEmEnO
port1286	kOlOm kiE ta:ta	kOlOm kijE tatah
port1286	timalEh NjE: totO vantEn kinjElE la va: lam	timalO kjE tEtOvan tEn kiNElE lavalam
port1286	mOnOk lEN sO: narEn kOlO: kOlOm ndu va: kOlOm indi nOtnOtEn kOlOm kiE ka	mEnO lEmsO narEn kOlO kOlOm ndilEakOlOm indindOt nOrEn kOlOm kijEka
port1286	sOk nOtnOtEn sO: mO mEle	sOk mEt nErEn sOk mOmElEiE
port1286	nam soro manE Njak kOrE lONlan NjO	nam sOrO man jap kOrOlON lEnjE
port1286	salo: tEmalO: mO lONanE kENgE vantEn sO: mu mO lokO	salOtEmalO mOlONani kE vEndEn sOm mE mOlukO
port1286	anap indi Njak ndOp kukuO lOn tEh kOp lElEhE Ot	anavEndiNja ndOppu kE lEn tEs vaplE lEOt
port1286	sa:p_wEt nE san mO ndOkOnE masolO mO ndOkOnE	mEsapEE sastrE mOn tONkOn nE mahsOlO mOndOkOn
port1286	van tah NgumNgarE a mbjE	vatah NgO NgarE ambiE
port1286	naEm kijE van NE kOm lONanE lam kiE kijE: lE sa:jE ta:ti mansOp naim	nEim kijENENEm kOmlONanlElam kiEjaOlplakijElE sajEtatti mansOp nEim
port1286	m_wE kuO mE van mE lEhE NjE: tEtEh lam kO:t	mukEmE van lEhENjEdE pEh lam kOt
port1286	ndOp van mbE mENga kOp va: ts\EnEm	hE ndOambE mE ka kOva kiEnEm
port1286	sE:nE pjaN mE van p{n Em mE mE: vEvElE kijEm	sEnEt pa ta bana mEmENENlEk kjEmOO
port1286	vantEn NjE: lap soro van mb_wE taNalE tasa van mb_wE taNalE mbEsa	banti NjElap suva bEtakElEtasa vambEtaNalE mbEsva
port1286	NalE kOlOm mE: m_wE tisi nOnO kijE lan tan	alE kulO mE mE tisi mEnOkjElan nEtan
port1286	lam pONOr	lapE NgOr
port1286	lua lua van van jENgolo lam_wijE	duvEluvEvEvEjONgOlOlamijE
port1286	ndu mO mboNOh a mO ndu mboNOh timalEh kiNjE: jE	tumumbunuOhamEndimbOn tE manlEh kiNEjE
port1286	m_wE kiE ka kOp tah OkijE anap nEknak nE andO: mElEh NjE: anap vEhE ndOp va: ts\EnEm	mEkijakakOp tahOkEjanO napnE kEnaknE andO mElEh NjEn navEhEntOvatjEnE
port1286	mal NijE mO NgOnE san mOkO pOn NijE	mal NijE mONgOvEnEsan mOkOpONijE
port1286	Pisi ja:puO m_wE sEn masolO mE: mOnOk a NjE mO m_wis\EnE	vEsi japu mEsan masOlE mEmOn anjEmEmEsjEn
port1286	p_wEt mO pandO pandO pandO van manEOt NgOn pandO manEOt NgOn va: va: va: va: ja: m_wE kElEh tErE sE:nE masolO ndEsO:	panO pandO pandO pandO  manOt NgO mE pandO manOt NO vavvajamE kElEh tErEsEnE masOlO dOsO
port1286	p{n Em nE mEsE:n san Pa:Pa: mE E timalEh man	kan EmnE misEjEn san vaami timalEh man
port1286	mbili kOlOm kOlOm kE kOlOm kOlOm sEvElE nanE malO: Em kOlOm mE kOlOm van	mbilikE kulOmkulOm kkulOm kulOm sEvElEnanEN malOEn kulOm mE kOlOmvam
port1286	Pip NjO Ok mElEh	vip NOk mElEh
port1286	mOnOk Or mO lop mOnOk lam lan sO m_wE tEtEh	lOkOr mOlOp lOklap NgEaNOlam suNEn map titEh
port1286	kOlOm kiE manE kiE ka mO: mu Puo NgOn	klOm kiE manE kijEka mOmujONkO
port1286	a NjE m_wE p_wEt ta:si Ot	aliN pOtEsuO
port1286	mOnOk kEvEnE POmbuON kOlOm kOlOm kuO mOrOnE narElO: kOlO: kOlOm kahE kOlO: mOnOk NjE: mbEtOntEnOk	mOnOk kEvEkEvEnE vEmguOm kOlOmkOlOm kEmbErOnE narE lOn kOlO klOm kEkahE kOlO mOnOk kEvEnE mbEndOn tOnOm
port1286	ka manEOt m_wi pinin tEtEh	ka nanhOd mE pinintE tEh
port1286	kOtahE mOn va: va: va: liNi sOrOn	kOtah mOvvaliNi sOrun
port1286	ndu kijEm kuOmE: lan sili: a tEm{t mu kuO mE: mE: mE: mE:	ndu kim kEmE laNsitia tEmat mO kEmEnENOmE
port1286	m_wE lEsE ka kOlO: kOlOt p_wEtmalEk	mEnlEh sEkakOlOkOlOt pEt malik
port1286	masolO mE van	masElO mE van
port1286	lam te:vuvuO kOmO: mOnOk	lam tEvu vE kumOmOnO
port1286	kukuO mE van NjE: mOn Na p_wEtOnE NgOn	kukEmE van NjEmOlam pOtEnE NgO
port1286	ndap NEpNap	mdam lE nap
port1286	a pun sO: usili: ja:puO sO: son san vavEn	apOn sO visili japO sO sOn san vavE
port1286	sO: Pip manE	lan tajm sO vit manE
port1286	Na mOnOk kOlOm ndu pOn OkijE	amEnOk kOlOm ndupOkija
port1286	mE mE: mEtu m_wE ka soksok kEvEnE NE mu ndu jE	mEnE mEtdu mEka sOk sOk kEvanE NEmEndija
port1286	van ts\EnEm lOn pOap kijE tEtEh	vatsEnEm lEn pOap kEvEpEh
port1286	maNki m_wE kuOvan lam_wijE	maNgi kEva lamijE
port1286	tasElam NjE m_wE p_wEt jE	sasEla mOmOkEtijE
port1286	timalEh timalEh man En sEnEn mE mE:	tEmandEtEmanlEh manEn sEnEn mEvjumE
port1286	ambO NgOnE mbO mbE amb_wi indi maNki kijE mE: sa: tOmbO sa: mal kE tOmbO amba anE vOvjOh En	vambONgOnEmOmbE mEjambEindE maN ki kEmE san ja bOkO tOmbO samal kO tOmbOambanE vOvE vEnE
port1286	p_wEt mbEraE li:o:	pEn mEradijO
port1286	kukuO van ma m_wE lEhE maNki mbEtOntEnOk	Ngu kEva ma mElEhE a maNgi mbEtEn tOnOk
port1286	mbili kE kOlOm mE: m_wE kahE nE jipjEp kijE san vavEn mE mE: mE vavEn p_wEt	kli klOvE mE kahijipjEp kijEsan vavEn mEmE mbE vavEn tEvavEn pEtEn tEn sON kE
port1286	kE mO lolokO m_wE kiE	kEmOlO lOkOmNgjE
port1286	ndOkOnE mE: masolO ndOkOnE mE: van	pOkandE mE masElO mEmpOkOnnEn mEmE
port1286	NalE mbili kE kOlOm ndu ndu ndu Pik sO: lOnla mbOlONli tEm{t kijE	alEm kili klOm ndum lumdi vaviksO lE nablONli tEmat kirE
port1286	kijE NgOn mE NgiE punEn sipa	kiagO mENgiEpOnEndE sipa
port1286	lam nOn mbjEn kOlOm mE: kOlOm sOa:	kal nOnE kE kOlE mE klOm sOva
port1286	a NjO NgOn nam ndu nam mb_wENmbaN	aNjO NE la mEla mbON baN
port1286	NalE ndaluan mO NgOnE sEm sili: m_wE	alE mbmbaluvan mENgOnE sEm sikivu
port1286	NalE lam mEtu mOn ndu lam lONanE	alElam mE tumOndiE lam nONanEn
port1286	m_wi liNi niksEn	lOsEla mEliNi niksEn
port1286	mba:lEn mE mE: mE mE: m_wi jah	mbalEn nElEE vijak
port1286	lam vErE lok NjE: a lam kiE manE ja:puO kijE kOp indi san vavEn mE:	laviErE lOv mOnOlham kEmanjaku kjE kOkO ndisavavEnmE
port1286	lam van lOn tO:	lavan lEn tO
port1286	a NjE: lam kuOli a kOlO: kOlOm van van sa: lOnmbEla:	aNjElam kulu vE kulOkOlO vav vansahalOn bEla
port1286	mbili kE mE van mO sOa: tjEnEm san m_wE lEsE kE tjEnEm san m_wE pjah mu Puo	mbilE kE mamE sOvatts\jEnEmsan mbElEkEts\EnEmsan mE pah muvE
port1286	vantEn NjE: lam ndu lam indi	vEntE NjElam mdE lam mENdi
port1286	ndolon vih tOptOp kijE mu kuO OkOmbE	ndOlOnvistOp tOp kiE mO kOkOmi
port1286	mE mE: vavEn kijE mE mE: m_wE tah	EmEmE vavin kEmE mE tah
port1286	m_wE takOrO san	mEtakvErOsanstEriN
port1286	mbOlONli tEm{t kijE POrolo sEn san vavEn NjE: sEn san	OlOlikEmat kEvOrl sEn san van vENjE sEnsan manjE
port1286	mbili kE kOlOm van kOlOm sOa: tjEnEm kOlOm lEsE malO: mE pjah mu Puo	mbilEkE kOlO va kOlOm sOvats\jElEm kOlOm lOhE man lOjEmmE pah puhu
port1286	kOmOm lONmbini ka kOp NgOnE vihjE: mbE POrolo mbE sOmO:	kOmOm lON mbini kakOp NikOnE vihjEmbE vOrO lO mbE sOmO
port1286	kap tambini mbjEn kidz\E: kidz\Em kidz\Em tambini samdz\E: mba:lip	kap tEmini bE kijE kEndjEm tOp ikEnjEm pjEn bini samdE mbali
port1286	mbili kEmE: mu ndu m_wE ta mbElEjO va: mbElEjO m_wE tivi mba:kOn vElan	pilENgE mEha mEndu mEta mbElEjOva bElEjO mEsivi mbakOn mvEla
port1286	mE E pun sO: nE sEmEmdz\E:	mE punsO NEmE smEnkijE vanli
port1286	mOmijE san ta:ti m_wE ta:la	mE santati mE tala
port1286	mbE am mElEh NEle m_wE sENEntalE lOn mbulu: ut muru jE NgOn	mbE NamElEh NElE EsE NEtalO mbulOt murEjaNgO
port1286	akOp s\EpkOro mburuk	a kOma sEpOrE mburuk
port1286	ka ja:puO tE sENanE tE mE: Et ndam m_wis\EnE	kajapu tOsE NanE tEmE mEnO Et nda mEsOnE
port1286	akOlOp van andO: andOp ndutO nE andO: van ndOp ki:mbElE PErEn kE kOlOm ndu PErEn	akOlO van andO ndOp nditEnE andO vaN ndOp kimbElE O kE kOlOakOlOm nduvErE
port1286	p{n EmE: ndOma ndap	panE mE lam tE kan ndOmandamas
port1286	NalE kOlOm kiE ka kOlOrE ki:mbElE kE kOlOm ki:mbElE kE timalEh man kijE m_wE lahnE	NalE kOlOm kijaka kOlOvrE kimbE lEkE kOlOm kimbEl lE kE timalEh man kija mEllahn
port1286	mbjEn kOlOm ndu va: va: va:	mEn kulO mpj van van va
port1286	lam Oro kOlO: Oro kOlO: va: va: va: va:	lam mOru kulOOrO kulO vEvEvan
port1286	tO kOljEtvini mb_we kijE	tOp kOjEti vinimbE kijE t
port1286	sO: lEN sO: kOlOm kiE ka mbjEn soPE sandO: ta:ta manE sandO: na:na kOlOm kiE ka saka kan ndOn van lan mbONOn	tajEm sOk lEN sOk lON tijEka mbin sOvE sandO sandOtatamansandO nanaklOm kjEka sakaka ndOn vElan mbONOn
port1286	Puo NgOn ka lap ka lap mE: lap tOpmbini NjO	mOn kalap plamE lap tOp biniNjO
port1286	sOk ih NE aEsak	sO kih NEkajsa
port1286	akOp ili ambE E tiri akOp NgjEhnE Em akOp lua amb_wE	NEkOvili mEbOEmbtiri ka kOp NgjEhlE makOp luvambOraOn
port1286	masolO ndEsO: tErE mE: ka nE sa: lan san san nE mO	ma sElEmdO sOttErE mEkannEsalEN san san stri mO
port1286	mE van mO ndOkOnE san vaktEn mE van lOn tEh	mE vam mE mdOkOlE san vaktEn madEn tEh
port1286	lam NgjEh NgjEh NgjEh va:	lam gEh NgEh NgjEn vE
port1286	m_wE timbjaknE masolO kijE va:	mEtE mbEk nEn masudE kjE vavamE
port1286	mbili kE kOlOm va: kOlOm kOlOm van p{n man Em kOlOm lEsE kENgE	bilE kE kOlO va kOlOmkOlO van pan manEm kOlOmlEhEkENEn
port1286	kijEm s\ivjE pOpat kE m_wE liN sO:	trEs vEpOpat kEmEliN sO
port1286	kOlOm lE narElO: m_wi dz\aNa	kulOm lE larE lO minjanO
port1286	lam anE lisEpsEp kijE	lamanE lisEp sEp kijE
port1286	malO: Em tErE pjah mu Puo	malOEN tErE pahmOn nuvE
port1286	m_wE tE	mE tE
port1286	mal san mbjE NjE: mE mEsE	mbal san vjENE mE mEsjEp
port1286	kihnE kOp lEhE vOt kOrOk	kihnE kamlEhE vOt kOrOk
port1286	mE mE: m_wE tili mb_wiri mbOt lep	mOn mE mE tili mbiri mambOa mbOtlEp
port1286	NalE kOlOm kiE ka	anE kulOm kijEa kr
port1286	kOlOm van van kOlOm lEsE kE m_wE p_wEt tjEnEm san	pulE van van kOlOplE sEkE mEpEtts\ianEmsan
port1286	kOmO van kOmOrE lEhE tiri ndEsO:	mOvak mOrlEh tirEn sOn
port1286	kjEtNgarE luPEn NgOn p_wEt	kjEn kavE luvE NOpEn
port1286	akOmOp ndu akap van	akEmOmtuja kavan
port1286	p_wEt mO NgOn nOtnOtEn sE timalEh kijE	mbOmONgOn nOtnEE sE timavEkijE
port1286	pOpat nam sa:mbinE mE: nam so:tE	pEbar nam saambinEmE nam sOO tE
port1286	vantEn NjE: lam ndu lam ndENndEN sE san vavEn	bEnti NjElandEla ENndE an sEsan vavEN
port1286	mbjE mE van mO lONanE saNa	mbEm mam bOlam masaNa
port1286	mu ndu ndumuO m_wE siliN va: lErEh san tu:tu mu ndu ndutO nE	mOndudumE mE siliN mEalErEh san tOtOmOndi ndu tEn
port1286	san tu:tu vavEn m_wE ndEN NgOn va: ja: m_wE Enmbini	sam tuptE vavEn mEndE Nga jaamO mEEn binimm
port1286	a mbE mE:rin mbasE: NjE: larE mEstim patOmO mbatOmO mE sa:	ambEn mErin mba mbasNjElarE mEstEmbatOmO mbatOmO mEsa vrE
port1286	kOmanE muE tEm{t kijE mO kOmanE kOmanE kOmanE van liN sOrOn	kOman kumadEmat ki kOman kOman kumanE valiNi sOrO
port1286	mb_wija mO lONmbini ka ndap van ndap kO:t nE san tO:	mbija mOlO mE kandavan dap kOt nEsan tO
port1286	lam lONmbini tiri ndEsO: lam Pisi van nE ja:puO	lam lO mbinE tErOsOn lavOsEvanE javu
port1286	sOk mbi:mbilEn kOp sE:nE vih ndEsO: mE: nap anE	sOk mimbilEn kOp sEnE vihi ndE sOamEnavanE
port1286	adz\Ep indi van kijE: lalinnda kijEm tambini	anjOndi vEk NElEEndakip tambin
port1286	lam lEhE a san ma:ma mE mE: vEvElE	lam lEa san mamamEmEmEEvElE
port1286	nam pandO manEOt NgOn mE mE: mE ja: m_wE kElEh	nam pandu manOt vO mEmEmE ja:mE kElEh
port1286	m_wE ElEhE NjE mO kuO mOrOnE tasElan kE tamO mE mE: ts\EnEm	NElEh Ni mu kEmOrO nEtasElan kEtambO mE mEts\Enim
port1286	punEn NijE	puljEn NijE
port1286	NjE: lam lEhE NjO	NjElam lEhE NjE
port1286	lam lam mja: ma arE NjE: lam mE: lam kiE lap map	lam lan mamarENElamE lam kiElavanEamar
port1286	naim kijE pOn m_wi kintE to: kiNjE: jE mu usili: mE: jE	naim tijapOmE NintEt tOOki NjamEutilimEjEt
port1286	kOlOm kuO lOn tEh lOn kuO kOlOm kuONgOlo: lElEhE Ot kOlOm kuOvan van van tamb_wijO tEh	lOm kElEn tEh klOmkEklOm kONgOlOt lElEhOt klOm kEvEvamEvan tam hEtEhE
port1286	pinin NijE pinin an NijE	piNim NijE piNinan NijE
port1286	kiNjE: lalinnda lam tambini timalEh kijE	kENElalEnta lam tambini tEmalEv kiE
port1286	m_wi NgjEh van mOnOk sO: ja: pinin ja: m_wi jah	mE NgijEh van mOnOk taEmsO ja:pinin jamijah
port1286	mOmanE lOnlakElE vantEn kE tOmbO lam kiE ka	NumanE lOn lah kElEp vantEN kjEtOmbO lam kijEka
port1286	a punEn mOnOk OkijE NgOn NijE	apunEn mOnOkO kiE NgONE
port1286	NalE lam ndu van pE:tE ka kENE lam ndu lam	alE lam ndu van pEtaka bit tan pENE lam dEt lam
port1286	vanmOrO kijE mO ndOkOlilinE	Evan mErO kijamEntO kOlilinE
port1286	vOvjOh nE NjO p_wEt p{n Em nE NjO NgOn a nam NgErEhE Njak	vOvE hiNO pEt parEm lE jOn vana nam NgErahENah
port1286	Puo NgOn p_wEt lOnlakElE	ONgOpa nEnlakEbE
port1286	mbOn mE sEk NalE mE kahE NjE nE	vOn mEsEk alEmE kasE NjEnE
port1286	kjEm kiE ka NEle timalEh kEle kidz\Em indimE: ka kap tambini	kijEm kijaka NElE EmanlEh kElE kEndjO mindimEkap tambiNE
port1286	lam liNi POmbuON En mOnOk lam van	lam liki vOmbuEn OnOk la van
port1286	mOnOk lam tivi	mOnOk lam tivi
port1286	lam van lam lam so:tE pjaN	la valap lam sO tEpa:N
port1286	m_wE p_wEt mO lONtO mOmijE mO lONanE vjOh m_wi titisi:	mOpamElON tON mijamElONanE vOhmEtitisi
port1286	mbjEn soPE nam mE: indi Njak ka ndOm kukuO lOn tEh	mbEsvO namEEndiNjakan dO bugOlEntEh
port1286	kOlOm kiE sipa manE kulu sOn mbO:su	kOlOm kijE sipamanE kulusO mbOsu
port1286	lam ndu lam NgOvEnE soPE	lam ndulamgOvEnE sO
port1286	m{{ m_wE kjEt mOmEle	mEamE kjEt mOmElE
port1286	p_wEt kEvEnE kOlOm mb_wENmbaN mu kuOmE: mEmE lEhE	pEt kEvEnE tEm mbOlOmbON mbaN mukEmE mE vElEhE
port1286	NalE kijE: laNiEvOt kijEm kijEp lalinnda kijEm van	kalEkiEla NgjEbEt kimluh kiElalinda kijEbaj
port1286	NalE ka Na Et ndap En lOnmalEk	alE kENaNEkun tavEn lOn man lEk
port1286	m_wE lan urut manE NgulNgul	mEstalan urut manE Na Ngulgul
port1286	timalEh kiNjE: lam mE: mOmEle	sEmbalE kiNE lam mEmOmElE
port1286	s\indEnda lam van lOn sa: aro:PO: NjE: lam soNgo	sjEdE ndalalam valE sarOvO NE lam suNgO
port1286	kiE ja:puO kOp kuOnE NjO	kE japOskOp kOnENE
resi1247	hame:? nak_ha:pana eBi: tsa?pe epo?pa tsipidZe tsonigin_0o ke?tsM	ame?n nak_hapana eBitsa?petsaepo?patsipidZetsonigin_0oke?tsM
resi1247	gi?i giko koe? mo:a giko pa?pitM tsa?pe	Ni?gikopa?pikoemo:asa?petsanagike koe?moagikopa?pitMsa?pe
resi1247	naBap\oM:hi tsa?pei gi?da	na:Bap_ho?etsapegi?da:
resi1247	a: p\itso? neja?o: Be: p\e:pon	Bitso?neja?oBeBe:pon
resi1247	ni: tsa?pe? o: tsana gi piko?ka	nitsa?peBotsanagipiko?kaB
resi1247	mi?eke?n_0a: tsa?pe hi:gine: tsedo?t_ho:nane: hipo: dZo:BidZa?M gimM	mi?eke?n_0a?tsa?pehiginetsedo?tonanihipodZo:BidZa?Mgimi
resi1247	ne:in_0a p_ha?o: a:?pe detso ne:i nan_0a?o:	nein_0apao a?pe detso ne:inan_0a?o
resi1247	do?SM tsa?pe tseni: ?o: Be:te	do?Satsa?petse?nioBete
resi1247	tsa n_0okan_0M tsa n_0oka	tsan_0okan_0Mtsan_0oka
resi1247	ni:?pe noBi:tsi?e migi:kMn_0a?pe napamM noBitsi	ni:?pi noBitsi?e? migi:kMn_0a?pe na:pamM noBitsi
resi1247	hi: eBitso:gi gito?BM dokeda? a:n doBap\o gikopa? gija:ke ni: hide?ne giho do:mM	hi eBitsogigita?BMdokin gikMpa?dokadoBak_ho gik_hopa?gija:ki nihi de?negiho do?
resi1247	kaine gi:ja apon_0a si:M n_0ok_ha?tsi	kanegija:?peapon_0atsi?n_0oko?tsi
resi1247	Beja:?eBa gi?i noja:?e no:teBa k_hodZo	Beja:eBa?gi?inoja:?e no:teBa k_hodZo
resi1247	no?pi no?pi no?pi	no?pino?pino?pi
resi1247	mimMpi tsa?pe te:?igik_he tsa hanapi no?pi:tene tsa?pe pato?dZo mMpi	mimMpitsa?pe te?igik_hetsahanapi no?no?pi:tenetsa?pe pato?dZomMpM
resi1247	djMSigi tsa?pe ts_ho gi:no dZakadepe: dZa:ke	jihegitsa?petsM?gi:nojakadepedZa:kiha
resi1247	p_haBa apo	tsaBa?appo
resi1247	pa?n_0a? o: no:ko o:	pa?ano?o noko jo
resi1247	mi naho giketsa? o: naBagi mi: naho giketsa?	minahogiketsa?o naBagini nahogiketsa?
resi1247	ideke?tsi hide?he:?pe p_hai noja: mana noke?tsM	ideke?tsi idehe?pepainoja: mananoke?tsM
resi1247	tsagike?pe gi?i ba:aM:hi no?Ben_0 Beni no?	tsagike?pe giBa:aMhino?BBenino?
resi1247	mM:dZe nopi:dadZa?M hide? he: nopi:dM doma: pa?tsa?pe tsa eke? dok_hatsi?o tsa tsoni	mMdZanopidadZa?M hide?henopidM doma:pa:?tsa?petsa?eke?dok_hatsi?otsatsatsoni
resi1247	mitsa?pe tsi?tsi?o ka?akaM tsa?pe tSino? dZidZa:hakoba giko	mitsa?petsi?tsiokaka:tsa?petSino?dZidZa:hakobagiko
resi1247	mi ne:ik_ho k_he?Ba hide? no:jM	mineiko ke?BahidenodZi
resi1247	mi hame:?n_0a neja si:?M ke?ake:e gi?i ke?Bine:dZM ni:ke? gimana: Bato? kaSo:?	mihame?n_0a nejosi?M ki?akiigi?i ke?Bine:dZM nik_hegimanaBato?kaSo?
resi1247	hekodo?tsi gipa:nagi tsa?pe tsa gitsi:nikoba ne:i dZodZo gipa:nagi odZo n_0o gike?tsM gike?tsM	tsakodo?tsi dZipa:na gitsa?petsagitsi:nikoBa neidZodZo gipa:na gidZodZo n_0ogike?tsMtsa?pegimodonikM?gike?tsM
resi1247	ne:ik_ho tsa?pe o:n tsa hame?i n_0a gik_hapa hame? n_0a gik_hapa	neikotse?epe?otsa hame:?in_0agik_hapa hame?n_0agik_hapa
resi1247	o: dZaBakM?pe n_0o	o:dZaBakM?pen_0o
resi1247	ha:da?kami Bapa:nako: tsa?pe	ha:da?kamiBapa:nakotsa?pe
resi1247	tsa?pe gi?kota:na tsagi nak_honi:poka haBaka: n_0oka? n_0ogi ik_honi tsa?pe gim	tsa?pegi?kotana:tsaginak_hMnipoh?paBakahaBakan_0oka?n_0ogiik_ho nitsa?pegim
resi1247	mi ne:k_hop_ha?o: amo:nedZa p\anapi BaBatsatsi BaSa	kimine:k_hopao amonedZaBanapi BaBatsatsiBa:Sa
resi1247	n_0anigin_0o nemM ai tsM	n_0anigin_0anemMa:itsM
resi1247	ni: BagitodZo tsana?ke?o nak_hM	niBagitodZotsana?keo natsM
resi1247	hi: tsa?pe gimM gi?i p\ami:nan_0o pike?tsM	hitsa?pe gimM gi?ip_haminan_0opike?tsM
resi1247	hide? he:pi Bem da:pi	hide?he:piBe da:pi
resi1247	a?piten_0e no?pi	ha?piteheno?pi
resi1247	gi?pina: tsimi ?pe hame:?n_0ak_ha no:japa	gi?pinotsimi?pehame?nakanoojapa
resi1247	mi tsa?pe giho nemM	nitsa?pe gihonemM
resi1247	hi: nema: tsa?pe o: tsa	hinema:tsa?peotsa
resi1247	tsa?pe pitsigimMna gM: gi:jM p\a?Ba:na:pi pitsigimMna	tsa?pepitsigimMnagMgijaBa?Ba:na:pi pitsigimMna
resi1247	koBegi? koBegi? koBegi? gi:jM	koBegi?koBehk_hikoBegi?gi
resi1247	p_ha tsami p_ha tsami a: p_ha tsami n_0onigi tsa gi?p_han_0M tsa gi?p_h	patsamiatsamipatsamin_0onigitsagi?pan_0o?tsagi?pa
resi1247	mi?pe?o p\anapi tsa BanM:higa dZa:	mi?pe?o hanapitsaBanMhigadZa
resi1247	i?peho ne: Ba?piteke: tsa?pe domM	hipehone:Ba?piteketse?pe dom
resi1247	mipoka?tsa?pe o:n tsa gi?i tsa oBe:tsi gik_hM mamijo?Bigi tsa oBe:tsi k_hM	mipokatsa?petsagi?itsaoBeetsigikM mami?oBigetsa?oBe?etsikM
resi1247	do?kotana: tsa?pe tsa gitsi:ni ?o:n tso tseni	do?kotanasa?petsa gitsini?otsotseni
resi1247	p\enan_0a?o: tsM gima:?o: p\ekodo?	p\enan_0ao:tsMgimM?op_hekondo?
resi1247	p_haigi p_ha?pe mo:ha gi?i te?a:mi he:Be?i nok_hM	paigipa?pe mohMgite a:miheBeinokM
resi1247	o: p\a?BM	ma:tspa?BM
resi1247	mitsimik_ho mo:ha n_0a n_0o:domoki dodZigine: to?dZM	mitsimikomohata no:domokidodZi:gineto?dZM
resi1247	ne:?pei notsapa no?koni:dehM eke:kMnM? nok_hapana	ne:?peinotsapa no?konidMhe?kekMnM?nok_ha:panM
resi1247	ne: Be:te	neBeti
resi1247	he?ko mi tsa?pe?o:n tsa kop\e do?Be?n_0oka o:tsoko?do	he?kotsMmitsa?peotsakop_he do?BenoBkaotsokodo?
resi1247	mi tsa?pe tsa tsami:nan_0o gimM	mitsa?pehotsatsaminan_0ogimM
resi1247	apon_0M sa?abakoba?pe giBeni no? de:ma Beni	apon_0Mtsaabakoba?pigiBeninotsa de:maBenin_0n
resi1247	mi tsa?pe tsa naka:degiko dZoBi nana:na tsa?pei gik_hM	mitsa?petsanaka:digikodZoBi nana:natsa?pegitsM
resi1247	mi tsa?pei gi?men_0i:pana eBi: o: p_haigidZadZoBi p_haigidZadZoBi	mitsa?pigi?minipana?eBi opa:igidZadZoBi paigidZadZoBi
resi1247	apon_0a Bapa:nadZagiko Be?kota:nM	apon_0a Bapa:nadZagikoBe?kotaanM
resi1247	nono tsa?pe gimM ha:gM	hhaga?nonotsa?pe gimMha:tsM
resi1247	hi: tsa?pe gimM	hietsa?pegimM
resi1247	p\o: nak_hM tsa an_0eBi:do namita:	p_honakMtsaan_0eBido namita:
resi1247	o: naBi:nene Bapa:nako: p\anapitsi?o: BaSa?o:	onaBinene Bapa:nakohanapitsi oBahia?o
resi1247	tsa?pei So:ne koe:? gihodZa ko:nen_0ae? giho So:nedZa gi?ite Be?etek_hokeBa no?mitM gimaka:	tsa?peiSo:nekoe:?na?ogihoSa konene?gihoSaonedZagi?itM Be?etekokeBano?mitMgimaka
resi1247	mi mitsa?pei doka:nine do?pina dZidZa:hakoba na:pik_ho	mimitsa?pedoka:ninedo?pinan dZidZa:hakobana:piko
resi1247	tsopoko hame:?	tsopokohone?eg
resi1247	tsa tsa?pei dop_hota: tsimik_ho mo:ha p\o: p\o: dok_hM	tsatsa?pe dopotatsimik_homohap_hop_hodok_hM
resi1247	mi ne:ik_ho tsa?pe o: gi?pi tsa nako:? ne:ik_ho gi?pi dedZo?o: gi?pi	mineik_hotsa?pe?o gi?pitsanako?ne:ik_ho gi?idedZo?ogi?pi
resi1247	mitsa?pe?o tsa dodota: do?pi tso:doko:	mitsa?peotsa nodotsa?eetsodo?pitsodoko
resi1247	he?e: hanaBa:?dZe	he?ehanaBa:?dZe
resi1247	tsa?pei nemM ni: non_0iM i:jM	tsa?pinemMninon_0iMdZM
resi1247	hame:? hi:Ba? dZoBi giko no?pitM doma: tsa?petsa Be:t_he tjMgaSi? dok_hM Be:t_he tjMgaSi? dok_hM	hMmehiBadZoBi gikopekeno? BitsMdoma:tsa?petsa BetsiitigaSi?doM etsitMtigaBetsitigaSi?dokM
resi1247	ni:ko tsa?pe nopa:nakemi na?Ben_0o	ni:kotse?pepo:nMn_0M nopa:nakemi na?Beno
resi1247	hame: ?n_0a?pe natsana? bo:4a p_ha?an_0a natsana?	ahami?n_0a?pe natsana?Bo:rM paan_0a natsana?
resi1247	mi?pe ide? gi?i nonanikanane tsi:nin_0o noke?ts	mi?pe ide?gi nonanikanane tsi:nin_0onoke?tsM
resi1247	pa?an_0a tsa?pe o: ni: nan_0iM:hi i:	pa?an_0otsa?peonina n_0eMhi?i
resi1247	gi:te pik_ha:n_0o tsa?pe giho nemM	gi:tepik_ha:n_0otsa?pe gihonemM
resi1247	tsa tso n_0emo?totM tsok_ho nadotM	?tsatson_0emo?totMtsok_ho nadotM
resi1247	mi ne:ik_ho mi ne:ik_ho giho ne:mM onako? mi p_hanigi em_0	mine:iko mine:ik_hogiho ne:mM onako?mipanigi?e
resi1247	mi tsa?pe tsa te:?igiko tMa dojM	mine:tsa?petete?gikotMa:doje
resi1247	mi naBap\oM:hi noSa: gi?i nono ido tsa?pe gi:mM	minaBop_hoihinonoSa:ginono idotsa?pegimM
resi1247	gi?pi gi?pi tSiBa?	gi?pi gi?pi SiBa
resi1247	pa?tsa?pe?o tsa tjMgaSM? gik_hM	pa?tsa?peotsatMgaSM?gikM
resi1247	o: nomo:naha n_0opo?tsi?o: tsagiko n_0oka?paBatsi?pe?o nomM	o:nomo:naha n_0opo?tsi?otsa gikon_0oka?pe?tsepa?nomM
resi1247	mi ne:imi	menaimeBeejapanM
resi1247	nopoka:gik_hep_ha?o ko?idone:? o: ko?pidamM	noBok_hagik_hepa?o koido neo ko?pidamM
resi1247	mi ne:ik_ho ne:i n_0a Bamita?o	mineik_ho nen_0aBamita?o
resi1247	ne:in_0a gi?i an_0o:gi kedZo? o: noke?tsM	nein_0agi?i an_0ogi kedZo?onoke?tsM
resi1247	djMSi giho kem bahi giho kemM	gMSigihokem BahigihokemM
resi1247	n_0o mi tsa?nM n_0o mi gi?i higaba:hi nopata:?kane: tsa?nM	n_0omitsa:?nM n_0omigi?i igaBa:nopata?kane:tsa:?nM
resi1247	he?ekoBegik_ho pitsa	ha?toBegitsopetsa?
resi1247	tsaBa?pei k_he? ni: gi?i okoni:gihM i:ja?e?	tsaBa:?pik_he?nigi?i okonigMhM ija?e?
resi1247	Je?ki?pe o: e:no noBigipi	n_0e?ki?pe o:enonoBigipi
resi1247	hide:?ma ko:mapik_ha tsiki? nodo?pa:B na:?Jen_0en_0a?o:	tsidie?npMkomapitsetseki?nondo?pa:Bo no?jenen_0a
resi1247	ni:?pe te?a:mi he:Be?i nok_ha ka:SodZa?i nok_ha?e	ni?petetea:mihe?Be?nok_ha?pi niika:hidZM?nokae
resi1247	opi:tsigagi tsa?pe gi:japana tsa pi:mi	opi:tsigagitsa?pegiijapanatsapi?mi
resi1247	hM: tsa?pe gimM	hMtsa?pe gimM
resi1247	n_0a nomita:k_ho p_ha?k_ha?o: na:pi eke?k_ha?o: p\ekodo?mMsi Be:?o: Batsana? Bapa:nako:	nanomita:k_hopa:?k_ha?o na:pi?ekek_ha?op_hekodo?mMsiBe?o Batsan Bapa:nako
resi1247	oma:pi e:Be eka:ka tsa?pe hame? kemM	oma:pi?eBeaeka:katsa?peheme:?kemM
resi1247	oma:pi e:Be eka:ka mi?jM mi?jM tM? tsa?pei	oma:pie:Be eka:kamijomi?jo?to?tsa?peigimi
resi1247	hame:? tseinon_0M	hame?tsenosM
resi1247	gi?modon_0 aka: pa?tsape?o: gi?pi tsa mamijo?Bigiko:	gi?mMdon_0akapa?tsa?pa:?tsa?peo:gi?pi tsamamijoBigiko
resi1247	n_0a BaSa:	n_0aBa:Sa:
resi1247	hame? n_0a gik_hapanM hame? n_0a gik_hapanM	hame:?tsa?pin_0an_0agik_hapanM hame?n_0agik_hapanM
resi1247	a:memoki nohM?pei giho noke?tsM	a:mimoki nohM?pijohonoke?tsM
resi1247	tsi?tsi?o pa?akaMkoba ai dZidZa:giko	tse??tse?opa?akakoBa?jedZa:ngeko
resi1247	mi tsa?pei dok_ha:ninedZak_ho tsa do?kotM i?daka:tsik_ho tsa dope?dotM:	mitsa?pedok_ha:ninedZak_hotsa do?kotMi?daka:tsik_hotsadope?dotM
resi1247	he?e:Ba no?pitM tsa?pe domM tsa miBa?a:mi4adZM	hi?iBano?pitMsa?pedomMtsa n_0iBa?a:miri
resi1247	tsa?pe gikedZo?o p\a?e	tsa?pe igikedZo?o p_ha?e?
resi1247	do?Jene kaSone: a:	do?JinMkaSon a:B
resi1247	ideke?tsiBa noketsa? okogi:gi?pe noja:Ba: tebahMko:?pe Be?pina:	idike?tsiBa noketsa?okogigi?penoja:Ba tebahMko?pe Be?pina:
resi1247	tso:none: tsa panapitsiBa giho pi:mM	tsononetsapanapitsiBagihopi:mM
resi1247	mi a?n_0i p_ha:? tsa?pe tsa gi:no dZoBi hi: gi i?pi	mia:?n_0i pa:tsa?petsa gi:nodZoBi hhigii?pi
resi1247	hMdM:gi pa?ten_0e no?pi noka:dedZai a?mitodZo:	hMdMgipa?ten_0eno?pinoka:dedZeia?nitodZo
resi1247	Be: Ba tsa kaine: Bak_hM nema: mMpi	Be?Batsakaine:BatsMnema:mMpi
resi1247	gija sagi ginomomina:gi gi?i pe:Bagi dZoBi gitsana? Be: gi?i Beja: ne:i	gijatsagiginomomina:gigi?ipe:BagidZoBi pegitsana?Be gii Bejane:i
resi1247	ne:imi koBegi BejM hi:tane hi:	ne:mikoBegMBejahitonehi
resi1247	ha:kMdMi anakM	ha:kMdihe anakM
resi1247	pi:mi te?k_hi okoni:giko:	pimi?te?pits otsonigiko
resi1247	ne:ik_ho?pe Be?pi aponn_0a si:?i hoka?p_hen_0e apon_0a Be?pi	neik_ho?peBe?piapMn_0a tsi?ihohoka?pen_0eapMn_0a Be?pi
resi1247	tsa naSa:n_0o	tsana:Sa:nh
resi1247	mi ne:ik_ho?pe gi?pi	mineik_ho?begi?pi
resi1247	mi tsa?pe o: dZaBakM? ne?pi	mitsa?peo:dZaBakM ne?pi
resi1247	p_ha?tsa?o gao: tsa tso hide? ginoBigipi:ma gao: gik_hM gao: gik_ha	pa?tsao gao:tsatsogM?hide?ginoBi gipima gao:gikM gaogik_ha
resi1247	pa?tsa?pe?o do dotseni gi?SaM	pa?tsa?pe?ododotsemi gi?SaM
resi1247	ha?hM a:?pe hame? an_0epa	ha?hMa?pi heme?an_0epa
resi1247	pa?an_0aBa p\ami:na mina:gine Be?dM tsa?pe nemM ite:Bik_ho	pa?an_0aBaBaminamine:gineBedMtsa?penemM?iteBik_ha
resi1247	kami:do nana:naba hame? an_0epana n_0ono?ka:	kamido nana:naBa hem?n_0epanan_0ono?ka
resi1247	ni: a:me notse:ni ko:ne kai:tsM	nia:menotsenikoneka:?itsM
resi1247	mi poka?pe Be?e ke?Bi:kagi Be?emi: hetsan_0otM	mipoka?pe Be?eke?BikagiBe?emihetsan_0otM
resi1247	ne:i?pei no:japa	nepino:japo
resi1247	tsM an_0o:gi an_0o:gi noko: piBa?no:tM tsedo?t_ho:na	tsManogi an_0ginokopiiBa?nototsendo?ton
resi1247	notaponipa p_hami pikanan_0M	notsaponipa pamipitsanan_0M
resi1247	p_ha?tsa?pe?o: p_he?to: namin_0M p_he?to: hi:M i:?Je gi?i hi:M i:?Je p_he?to: nami	pa?tsa?to?pe?to?nami n_0Mpe?togiM?iJegihiM?i?Jepe?to? nami
resi1247	tsa manan_0a p_ha? gi?i mo:han_0a noke?tsM	tsamano napa?gi?i mohana nooke?tsM
resi1247	mi mi notsotaka: p_ha? o: ap_hon_0a notsa?	miminosotakapa?oka?apan_0anotsa?i
resi1247	p_haigi?pe o: n_0o	pagi?teono
resi1247	ma:tabaga anaka:	ma:taBaga? anaka
resi1247	tsa dotsotaka:tsi tsa?pe do?Bapa	tsa dotsoteka:tsitsa?te do?Bapa
resi1247	mi notsimik_ho?pe sapidZe ina:do	minotsimi?ko?petsapidZe ina:do
resi1247	panigimi Baho kemM Bane: tsamami pi?pi	panigi?miBahoke:mM Bane:tsamamipi?pi
resi1247	hi: tsa?pe gimM noho ike?tsM noho iketsa? hide?he: mi a:?pe dZa:ni hi:	hi:tsa?pe gimMnohoike?tsM noho iketsa?hide?hemia:?pedZa:nihi
resi1247	Be?e Bejapana eBi: k_ha?o: Be?en_0ak_he? pi:jM pip_hae?ke?na: a?na a:?pemoki noh	e?ihe?ja:pane?ik_ha?o e?en_0atse?pijapipaki?naa?a?danokino
resi1247	na:pi eke?p_ha?k_ha?o: hen_0e:Ba Be?pina:	na:pi?eke?pa?k_ha?ohen_0e:?BaBe?pine
resi1247	mi ne:i tsa?pe o: tsa kaine: gi:jM	mine:tsa?peo:tsa kane?gi:gem
resi1247	ne:ik_ho no?pi pe nomM	neik_ho no?pi penomM
resi1247	tsa?pe notseni tsapo:gigi?e	tsa?pe notsenitsatsapMogigi?e
resi1247	i?pina: tsa?pe tsa ete:tsi namin_0M namin_0M	i?pina:tsa?petsa ete:tsi namin_0M namin_0Mtse?p
resi1247	p\itso? dojaka:tsi p_ha? o: do?pi tsa tsonigiko:	pitso?tsojaka:tsipa?o do?pitsatsonigiko
resi1247	mi hame:?n_0a gi?i no:no dZotso Beja? sapidZe ina:do atsa:gimMsi migi:kM?pe dZa:na Bak_hM nane:	mihame?n_0a gi?i no:nodZotso BejM?tsapigi?ina:do atsa:gimMsi migiikM?pedZa:naBakM nane
resi1247	tsa?pe mo:nha gi?BapanM gi?BapanM kene:?dZa gi?BapanM	tsa?pe moha gi?BapanMgi?BapanMkene:?dZagi?BapanMiM
resi1247	tsa tsemo?tM tsa tsemo?tM	tsatsemo?tMtsatsemo?
resi1247	mi pa?tsa?pe?o k_honi?apo? tsonigine gi?pi	nipa?tsa?pe?ok_honiapo?tso niginagi?pi
resi1247	ji: gima: tsa?pe tsa na:pin_0a gi?pinatsi tsa itsi:gi tsa mamijo?Bigi a:poMkMkMna tsa dM:Ba tSi?no da:poMkMkMna tsa matsa:ka a?mi tSi?no	higimatsa?petsa na:pin_0a gi?pinatsitsa itsigitsa mamidZoBigia:pMkMkMnatsa dMBatsitsi?no da:pMkMkMnatsamatsaka?mitsi?no
resi1247	o:n doho doho gimM tsa mamijo?Bigi doho kemM hide?he:Ba dok_ha: gitsotatsi gitsotatsi giho pi:mM	o:gidohodohogimMtsamamijBM dohokemM o:doogikedeheBadaoka:n_0opaBa: gitotsatsi ggitotsatsi gihots
resi1247	Ba?mita: epo?ko?o: Be: hame? n_0a?o: tsiki? n_0a?o: o:ka noBa tsapogi	Ba?mipe?epo?k_ho Beheme?n_0ao tsiki?n_0aokano Batsapogi
resi1247	mipidZemi notsana? Be?e Bapanamine dZa:ne: iBamok Sa:?iMmoki pa:nakobagi	mepidZemenotsanoBe?hinMBapanomijaja:niBamo ha?Mmotsipa:nakobMgi
resi1247	migi tsa?pe tsanapi tsanapitsi?o tsa giSM tsanapitsi tsa?pe tsa giSM	migitsa?petsanapitsanapitsiotsagiSMtsanapitsitsa?petsagiSM
resi1247	gijap_ha?pa tseino?	jejapa?pa?tsaino?
resi1247	hame:?pe no:domoki noho ke?tsM	hame?pe n_0o:domokinahoke?tsM
resi1247	hide?he:Ba tsa Bak_hM giho nomM	ndehiBatsaBa:kMgihonomM
resi1247	ni: o: no:ja	ni?ono:dZi
resi1247	no:kodZa?o nomM	nokodZao nomM
resi1247	mike ni: ni: p\itso? do:ja?e	nikeniniBitso?do:dZa?e?
resi1247	p_ha?tsa?o dokani notsa:te dokani doBap\o gik_he dokani doBap\o gik_he dokani doBap\o gik_he dokani: dokani:pana eBi:?o: doja:kepana gi?kota:nM tSiBan_0eketsi	pa?tsa?o dokan notsate dokadoBapogik_hi dokan doBap_hogik_hi dokani doBap_hogik_hi dokanidokanipanaeBi?o doja:kepana gi?kota:nMtSiBan
resi1247	ko?igihe: si:gi	koighesigiheno
resi1247	hame:?n_0a he:Be?i k_hen_0e gi?p	hame?n heBe?itsen_0egi?
resi1247	piho So:ne gi:jM ni: hame:? gi:jM tsa?pe doma tsanaBM	pihoSohone gijM niheme?giijMtsa?pe domatsana?apM
resi1247	hame:?n_0a gi?i gi?i kami:kaBa?o: p\itso?gi:jM hame:?n_0aBa?o: p\ak_ho gi?pi	hame?n_0a gi?i gi?ikamikaBa?op\ito?gi?gihame?n_0a Ba?op\ak_hogi?pi
resi1247	nohoBa eBitso:giko pite:?ni giho dom	nohoBaeeBitsogik_hapite?nigihom
resi1247	oJakobahi hi:pon_0a?o	hoJakoBahi ipona?o
resi1247	mik_ho Bato?BM	mik_hoBatoB
resi1247	tsapoka?pe o: gitsana? noko:	tsapoka?peo gitsananoko
resi1247	hap_ha?o: pitsa?nM noho gimM a:i noma: o: notsa?nM	hapaopitsa?nMnahogi?m a:inomanotsa?no
resi1247	mitsi tsa?pe o: tsa n_0a n_0ani	mitsitsa?petsa n_0an_0ani
resi1247	hide:?gi?ome hame:?koba pi?tsaBM tsa?e?p_ha:?mi a:?pemoki no?Sapa:hi k_ha:gi no?tsaBM tsa?pe gima doho	hide?giheomeha ne:?kobapi?tsaBMtsa?atsa:?pa?mia:?pemokino?Sape:hik_ha:ginotsaBMtsa?pedM?p gima doho
resi1247	ni:ko tsa?pe gimM k_he? hama:kaM:?o i?BM	niik_hotsa?pegimMke?hama:?kaMo i?BM
resi1247	mi tsa?pe o: tsa tsa an_0eBi:do na?modon_0M n_0a kaine:nak_hM	mitsa?petsanatsan_0emido na?mMdon_0M nakane?nakM
resi1247	?o:ntsa?pe mo:ha tsa mamijo?Bigina to? dojM	oasa?pemohatsamamijaBiginatso?do?ji
resi1247	mi p_ha?tsa?o tso gikijo?ka:tsi eBitso:gi gitoBa?ka:tsi?o gi?pi?o: no:kon_0ami?o:	mip_ha?tsaotsogikijo?katseBitsogi?gitaBa?katsogi?pi?o nokon_0amie
resi1247	tsa Bameko? tsa	tsaBameSko?tsaBa
resi1247	djMSi kema	dZMSikemM
resi1247	mipoka? gi?i ideke?tsi gi?i Be?e gimana nok_hM	mipoka?gi?i deke?tsigi?iBe?e gimananok_hM
resi1247	hame: n_0a tsa?pei sigi kema	hame?natsa?pisijikemaha?
resi1247	miketsa?pe ni: tso eke? gik_hM ni: gima?peke:?pa	mikMtsa?pe ninidaninitso?ikie?gikM nigimagima?pehike?pa
resi1247	tsai J_0eJ_0e? nak_hM tsa J_0eJ_0e? nak_hM	tsan_0e?hi?nakMtsahe?n_0i?nakM
resi1247	hame:? n_0a tsa?pe gik_hi:gi imapa ke?Bi:?	hamenatsa?petsa gikigi imapake?Bi?
resi1247	mi hame:? giho nema: tsa?pe o: tsa n_0anapi patsi:	miame?gihonema:tsa?pe otsan_0a:napi patsi
resi1247	hipo: mi?o tso gitoBa?ka:tsi?o: gitsana? patsi:	hipomi?otso gitoBa?katso gitsana?patsi
resi1247	kene:?dZa nopata? ni:?pe?o ko:ne	ki nedZM nopata?ni?piokoko?ni?
resi1247	mieke?n_0ap_ha?o: e?p_hiken_0e Be?pimM	mi?ike?n_0apaoe?piken_0eBe?pimo
resi1247	dZidZa:hakoba mina:gi i:tone mMpi	dZMdZaha koBamina:giitonemMpi
resi1247	hame:? gi?i Be:japa Be?e	n_0ame?giiBeejapaBe?e
resi1247	tok_hohM:?ohigi pi: oBe:tsi Bak_h	dokohM?ohigipioBe:tsaiBahi
resi1247	pa?tsa?pei gitoBa:?n_0o hi?o hi?o gi?pi	pa?tsa?pe gitoBa?n_0oihiohi?M
resi1247	ko?idonehe: ai a:?pe ne:Ba	ko?idonehe:?pene:Ba
resi1247	hen_0e:Ba no:jM ke?a?nahe:Ban_0o tsa?pe gimM	hi?e:BanodZMhekia:?naheBan_0otsa?pMgi?ni
resi1247	mi no:kon_0api: mi?aBa p_ho?kM tsa domM	katemino:kon_0apid mi?aBato?kMtsMdMm
resi1247	tsa pe?to? tsami:nan_0o gimM tsa okogi:gi	tsa pe?to?tsaminon_0o gimMtsaoko gigi
resi1247	gik_honitsa?peipa M: tsa?pe domM tsa n_0o:domoki	gik_honitsa?peipa MBMtsa?pe domMtsan_0o:domoki
resi1247	tsa?i BaBitsik_ho?pe Batsana?	tseiBaBitsik_ho?pe BatsanM?
resi1247	sagi tsa?pe dZidZa:hakobagi dZodZo	tsagitsa?pedZMdZa:hakobagidZodZo
resi1247	Be?pina:?pe BamM	he?pina:?peBa:mM
resi1247	o:?pe noBap\o hide?n_0ae?	o?pe noBap_ho hide?n_0ae?
resi1247	sa?osi kami:ka?pe ne: he:Be?i nok_h koBegi?	tsa?osikamik_ha?pe nehe:Be?inokM koBegi
resi1247	hide?he:?pe p_hai noja:	hidehe?tetsainoja:
resi1247	pi?pinatsi pite:?ni	Bi?pinatsipite?ni
resi1247	ke?Ba hide:?tsi ha:?k_ha o:n p\itso? no:jM	ki?Bahide?etse?kaoha?pitso?nojM
resi1247	n_0opone? tsa?pe gimM an_0epM? pime?pimM tsa?pe gimM	n_0opone?tsa?pegimM an_0epM?pime?pimetsa?pegimM
resi1247	tso?ko?i e:?a hame:? n_0o noho kemM p_ha?tsa gimM	tso?ko?i?e?aheme?no n_0oho?kemMpa:?tsagi?mtsM
resi1247	o: natsana? natsana? tsa?pe?o Be: o: nedZo? o: ne:k_ho	o:natsana? natsana?tsa?pe?oBi?e onedZo?o ne:k_ho
resi1247	tsahMgiBa pi?pi mi itsi:gi a:poMkMkMna tsa dM:Ba tsa?pe gimM	tsagiBapi?pitsa?patsimiitsa?itsigi a:pMkMk_hinatsadM?MBatsa?pegimM
resi1247	nopone? nopone? tsa?pe gimM	n_0oponen_0opone?tsa?pi gimaa
resi1247	kona:pi natoBa?ka: o: tsa o?donen_0e ne?pi	kona:pinatMBa?kaotsa o?don_0en_0ene?pi
resi1247	mi tsa?pe apotsin_0a ginogi Be:te gi:?SaMgiko tsoka?p_ha:BM	mitsapaapotsin_0aginogiBetse gi?Seko gi?Segiko tsoka?pao
resi1247	gi?i Bape mi:	gi?i Bapemi
resi1247	dZa:na?peke? noja:Ba: hide?he:?pe p_hai noja:	ja:na?pek_he?noja:Ba dehe?pe pa:inoja
resi1247	mi ne:ik_ho?pe	mineik_ho?pe
resi1247	p_ha?ta?pei gi:japa	pa?tsa?pegiijapa
resi1247	hi: nema: tsa?pe apon_0a ne?pi dZakadeko:	hine ma:tsa?pe apon_0ane?pidZakadeko
resi1247	hi: n_0opone? gima: tsa?pe tsa kaBa?giko gi?pinatsi ne:i ne:i tsa?pe tsa tsagiko tsa gi:japa	hinopone gimatsa?petsa kaBa?gikogi?pinatsineneitsa?petsatsa?gikoitsagiijapa
resi1247	noma?o: kene:?dZa no?pi	noma?o kini:?jano?pi
resi1247	mikepatsa?pei ha:kMdMi ono	miketsa?tsa?pehha:kMdMiono
resi1247	ha:kMdMi anaka:	ha:kMdianaka:
resi1247	mi ne:ik_ho tsa BatoBa?katsi pa?pi:k_ha?o: Be?pi	mine:ik_hotsaBatoBa?ka:tsipa?pi?ik_haoBe?pi
resi1247	mi tsa?pei nadotM na:pi nadotM	mitsa?peoginadotM na:pi nandotM
resi1247	n_0o piki?jo? n_0o piki?jo? kohe:mi BemM n_0o piki?jo? n_0o?pak_ho dZoBi itsi:to itsi:to n_0o piki?jo tsa doma: giki?jo	n_0opikijo?n_0opikijo? kohemi?iBem n_0opikijo?n_0o:?pak_hodZoBi itsito itsito n_0opiki?jotsanMma? gikijo
resi1247	tsa naSM	tsana:Si
resi1247	mi tsa?pe?o: no?don_0M kona:pigi amo natoBa:?n_0o	mitsa?pe ono?don_0M kona:pigia:monatoBa:
resi1247	Bape dZodZo p_haine tsa?pei i:nigi ke?dZo	BapedZodZo pa:netsa?pi inigike?dZo
resi1247	adZapogi Be?e ido ido tsana? notseni tsa?pe ha:me?kM tsape gimM	adZepogiBe idoidotsananotsenitse?peha:me?kitsa?pigimM
resi1247	o: ni:?i: kai?pe	oniijkai?te
resi1247	o:n he?ko he?ko pi?o: ai kop\e Ba?Ben_0o	ohe?ko?ohe?kopiaikopeBa?Ben_0o
resi1247	sagine: gi?i Be?e patsi: p\M	tsaginegiiBe?epatsi?po
resi1247	hi: gima: gi?SM gi?SM gi?SM	higimangiSMgi?SMgi?SM
resi1247	p_he?to? tsa?pe o: namM	pe?tsotsa?pana:mM
resi1247	mi?eke?n_0a tsa?pei?o hipo: ihipo: tsa?Bana ma?maMne:	ni?eke?en_0atsa?peiohipogipotsa:?Bana ma:?maMne
resi1247	mi?pe?o: n_0ok_ha?p_ha:BM	mi?peon_0oka?paBM
resi1247	p_hanigi o?koto:na giko dZoBi higimMn_0a pa? noSM	panigio?kotoona gikodZoBihigimon_0apa:?noSi
resi1247	o:?pe p\a?BM	o:?pep_ha?BM
resi1247	ho:nipako hi:pok_ho kene:?dZa mo:nha kene:?dZa monha	tsao?nipako hipok_hokene?dZamoha kene?dZamoha
resi1247	mi natsana? pa?an_0a gi?i hi?imi: p\ami:na natsana? to?kMmM	minatsana?pa?an_0a gi?i hi?imik_hamina natsana?to?kMmMM?
resi1247	p_ha?tsami?o: gi?i ai bo:4ahMgi nopa?	p_ha?tsami?o gi?i ano?BodahM gin_0apa?takMniM
resi1247	tsa giBap\ok_ho domM n_0o p_hanapi	tsagiBapok_hodomM n_0opanapi
resi1247	no?pita ne:ik_ho notsana? tsa an_0o:gi Batsaka:mi piSM tsa noho nemM	na?pitsanek_honotsanatsa?n_0o:giBatsaka:mi pi:SetsanohonemM
resi1247	dodZi:gi dop_hotM giho domM	dodZigidopotM jihodo?mM
resi1247	no?pi?pei no?pi?pe o:npei na?mok_ho	no?pi?pei o?pi?o:?pina?mok_ho
resi1247	hame:?n_0a atsa:gi sagine: p_ha? gi?i Be?e patsi: p\M	men_0atsa:gigitsaginepagi?BeepatsMp_hM
resi1247	tsa gipek_ho gipata?	?tsa gipeko gi?gipatsa
resi1247	mi?e? tsa?pei tsa do k_hM	nie?tsa?petsadokM
resi1247	tsa miBa?a:mi4adZM tsa?pe i?pi tso:done hame?n_0a ko:negik_ho adoten_0e: ne?pimMpi	tsamiBa?a:mireSitsa?pei?pitso:done:hame?natsa konegiko adotsen_0ene?pi mMpi
resi1247	o: natsanatsi	o:in_0a:tsana?tsi
resi1247	no?piteke:?o: no?piteke:tsi?o: o: no?kota:nM	no?pitekeo no?piteketsi?o no?kotana
resi1247	gi?i n_0o:domoki?pe noho ketsa?mana nok_hM ha?hM	giinodomoki?pe noketsa mananokM ha:?hM
resi1247	tsiki? tsa?pei tsa naBitson_0M	tsiki?tsa?BetsanaBitsomM
resi1247	o:n tso miBa?a:mi4adZM giho kemM tsa pite:?ni tsa	otso tsamiBaBigihokemMtstsapite?nitsa
resi1247	mi tsa?pe mamijoBigi kemM gi?i Ba?na:pine epo?k_ho p\a eke? pik_hM	mitsa?pe mamijoBigikemM gi?iBa?na:pineepo?ko Ba?eke?pikM
resi1247	mi tso:doko: do?pina: tsa?pe tso:do tso hetsan_0otM	mitsodokodo?pinatsa?petsodotso hetsatsn_0otMa:
resi1247	tsap_ho? o:?pe p\a?BM	tsapoo:?pe Ba?BM
resi1247	he?e an_0epa kami:ka?pe eke?tsi done: tSi?BM	he?e:an_0epa kamika?peke?tsi none:tsi?BM
resi1247	ke:ne:he:Ba? n_0a a?Ben_0en_0e no?pi tsa?pe a?Ben_0en_0e	kinhe?Ban_0a:?Ben_0an_0a no?pitsa?pi na?Ben_0en_0e
resi1247	mo:han_0a an_0o:gi?pe kedZo? mana noke?tsM	mohanaan_0ogi?pikedZo?mananoke?tsM
resi1247	mamijo?Bigi tsa?pe giho kemM kaSo:?Ba pi?n_0am_0a pito?BM	maBigo?ipitsa?pegihokemM kaSo?Ba pi?n_0ama:ka:tsiBapito?BM
resi1247	pem_0a p_ha?ma hide? ne:?i	pemapa?mahi de?n_0e:i
resi1247	ko?igidZa: omehe: gi?i n_0omi:na hide:? k_hapanM tsa?pe gimM	ko?igidZa: omehe:Bgi?in_0ominhi de?k_hapanMtsa?pegii
resi1247	p_hanigimokimi dZaBakM gi?pinatsi tsoBenimM e?ke tsa?pe gimM giho	panigimokimidZaBakM?gi?pinatsioBenimMa:ketsa?pedo?gimM gih
resi1247	tsami tSiBa?o tSiBa?o tSiBa?o ko:nen_0ae?	tsamitSiBeotSiBa otsiBo konen_0e?pp
resi1247	ha?hM ne:in_0a	ha?hM nen_0a
resi1247	pa?tsa?pe?o tso:no gija tso:no gija ha?hM a:me ai tso:no	pa?tsa?ta?otso:no gidZa?tsonogihi?ha?hMa:me a:tso:no
resi1247	Be:te no?pi	Betsano?pi
ruul1235	eBiro Bikeire	cina Biro Bika:
ruul1235	na:Nka Jakite okwi:ruka ki	na:Nga nakite okweruBakit
ruul1235	kuBa:Nga era okwa:Ba kulja otu:nde	kuBa:Ngera okwa:kulja otunde
ruul1235	a:nti Nkwi:za	a:ntiNkwza
ruul1235	oBa emirimu ja:Buwa:Ngwa	woBa:ntiemirimw ejaBwa:Ngwa
ruul1235	swe ewaiswe e cirja:ndo:Ngo aBakozi tiBakwe:ndja:Nga mu maka	sewesukilja:ndoNg aBakozitiBa kwendjaNga mu maka
ruul1235	naje ni NkuBonamu	erini NkuBonamu
ruul1235	Nga je:na awe:reza omukanisa ja:Buse:Bwe	Nga:je:na awerez omukanisa jaBuse:Bwe
ruul1235	wafunajo ejo omukozi	soni wafunaje:j mukozi
ruul1235	mulaBule karai	mulaBulekara
ruul1235	awo niJ\o naBoneire	a:woliJJ\enaBonere
ruul1235	niJaBa omu maiso JJ\e:na	niJaBo mumajsoJJ\ ena:
ruul1235	namperja: ega:li	na:mperega:li
ruul1235	waBateirereku mukozi	waBatelre komukozi
ruul1235	cikumulumirambe mudi	cikumul omira:mbe emude
ruul1235	e:mpi:ja ziBu:re	empija ziBure wuw
ruul1235	ni:NkoBa naje aBakaire Baiswe Bani	niNka:na jaNkacja:Banula
ruul1235	nita:ndika okugezeseBwa omulimu gwe:nsomereire ogwa:Bja:mawuro	nejinta:ndika ogezesiBwa omulimu gwe:nsomerjiri ogwaBjamawuro
ruul1235	era omukuBi tegwa:Bula:Ngawo eka	ero omukuBi tegwa:Bula:Ngaweka
ruul1235	Bali kubi	oBNkukuBi
ruul1235	era nokuBu:lja wali:reku	era nokuBulja wa:li:rekull
ruul1235	omuddu:li agere:sa okulja o:mbiri ndja o:mpjo	omudulageresa ukuljomubirind jomupjo
ruul1235	oku Bini eBipa:li Bja:BaJ\u:Ngu Bini	okuBina eBipa:li BjaBaJ\uNgu Bine
ruul1235	ni ja:ba	ninaBie
ruul1235	weBu:lje oni jakuli:re aji	weBu:lje onejakulirajo
ruul1235	naje Nkwe:ndja okwe:Balja oka:nca nti omu mwa:ka ogwa:ce:ndai nomusa:JJ\u	najeNkwende okweBaloka:nca:nti omwa:ka ogugwa:cenda nomusa:JJ\o
ruul1235	oBa aBakali Bamwe	ouBakali Ba:mwe
ruul1235	ndo:jo ce:rekajo	ndojocerekajo
ruul1235	okwa:likiBwa eiBara erimwei	walikiBwa Bar erimwe
ruul1235	ni:nsaBa okwa:Ba oku redijo uga:nda amwei noku eja:juga:nda ejeteBwa:Nga e ja:juga:nda	nnsaBakwa:Ba okuled ejuga:nda a:mwen okwetB ejajuga:nda ejeteBwaNga ut ti jajuga:nda
ruul1235	niwaba:jo onamukagi:ri ejo	eabajo na muka:girejo
ruul1235	nalo:nda aBa:ndi	nakuond aBa:ndi
ruul1235	nokuBazi:ra oBukama Bwa:mwei Buni Bwo:na Bwo:na oBwa:Budu:li	nokuBazi:ra oBukama Bwa:mwe Buni BwonaBwona oBwaBuduli
ruul1235	waba omwe:kubi:re	wa:ba omw ekubi:re
ruul1235	oJakite je nijaBoine o:ntale mwa:ndi je:mbe	walatelijaBwenontale mwa:ndi jebe
ruul1235	JJ\embe Jika:re eisana ligwe	JJ\e:mbeJika:rasanarigwe
ruul1235	emitu:mbi J\e:Nkaine:Nkaine	anutumbekekanekane
ruul1235	ani omu Budu:li	anomubudule
ruul1235	je:na jamwi:rukirje:mbe	jatea mwiri kirje:Be r
ruul1235	oka:nca ni ja:ba atuwaire e:mpi:ja	oka:Jcani jabatu waire empija
ruul1235	eBiro Bidi aBa:na twe:pima:Nga niBakukwa:tisja:Nga oti	eBiroBidi aBa:na tweimwaudja:Ngoti
ruul1235	nti nagasoBola	ntinagasoBala
ruul1235	no:nte niwo akwe:ma	nonteeniBwakwema
ruul1235	oku somero e woBule:nzi	okusomerewoBule:nzi
ruul1235	ati JJ\e ni:nta:ndika okkaBu:mbaBu:mba	atiJ\eneNta:ndiko okkaBumubaBoniBa:no
ruul1235	niJ\o nali awo	JJ\onajaala:wolaa
ruul1235	namwe:ra igolo	namwera igolo
ruul1235	akwi:ra nakawu:Nga	akwira nakawuNga
ruul1235	o:ntale nakoBa	ontalenako
ruul1235	nitulole:ra oku mulaka oguba guBairewo amwei ne:nso:Nga ezi:ndi ziJamwi:Ngi muno	ntulole:ra okumulaka kubagubarewo amwene nsoNgezindi ziJa mweNgi muno
ruul1235	twa:jakairemu nomukwe:mba	twa:jakaire mun omukwe:mba
ruul1235	twa:Ba e kampala	twBe ka:mpala
ruul1235	musaiza muBje:ndo	musaiza mubje:do
ruul1235	nata:ndikire okwe:ga	nata:ndikira okwe:ga:
ruul1235	omukali ja:li mulimi onaciJama	gi:mukali ja:li muliBwona kiJama
ruul1235	e:nda esi:ma BikaJire	endesima BikaJiri
ruul1235	Nga omaJa tomwi:raku	nomaJa tatomwrako
ruul1235	omusa:la mba Nkumuwa	omusa:ra:mba:Nk omuwa:n
ruul1235	oka:nca ama:re gakoBa be	ka:JJ\e marigakoBabe
ruul1235	JJ\e te:nduga ku tereka	lekunoka kutereka
ruul1235	we a:ti omutegi ni:we omaJa	wa:tu omuteginiw omaJa
ruul1235	ata musiriki	ata:musiriki
ruul1235	Nga eBiro kwe:zi na mwe:ndai omu okwe:zi nikwo kumwei era nitufu:mbiriganwa	NgBira okwezi Binamwe:ndaji omukweziniNgaokumwe era ntufumbiriganwa
ruul1235	ojo emja:ka za:mwei oba waziBala otjai	oj emja:ka za:mwobawaziBalootja
ruul1235	ninetegeka ni:nfuna akukuliaku	netegeka nemfunakakulja:ku
ruul1235	naje mwo:J\o eJama ejo oJ\J\irja	imwoJ\ eJa:me ejoJ\ira
ruul1235	ati ecisa:mbagaJi mu Bigogo	a:tiamBambagaJi muBigogo
ruul1235	ciro cimwei najaBa nalasa a:ndu:lu	cirocumwe na:nalasendulu
ruul1235	tjo:dola e:Nke:nde	tjodoleNkende
ruul1235	akuBona eka ndo:jo mere	akuBona eka:nda ojomere
ruul1235	kuBa:Nga te e kampala tinalinajo mu:ntu je:na je:na gwe:kumaJa	a kuBa:Ngate eka:mpala ti na:najo muntu jelna gweNkumaJa
ruul1235	alina okuziraBi:ra nazida:Biriza	a:jin okuzir Bira nosilaakuuza
ruul1235	naba ajaBire omu musiri ejo	nabajaBur mumusire:ja
ruul1235	aoBunage oButo	aBunag oButo
ruul1235	oka:nca jakoBere timuba:Nga naBa kato:nda Ba:ndi	oka:Jceja:koBere timuba:Ngana BakatondaBa:ndi
ruul1235	tokumaJa nti noco:ga gwe:twe:siga je:na Ba:muki:Ngire	tokumaJa nti nocjogagu tosigajenaBa:muki:Ngire
ruul1235	ni:mba omu purogulamu ejo ni:Ngikolamu okumala omwa:ka kagula:mba	Jimbaomu progur a:mwejoniJJ\ikolamu okumaleni mwa:ka:Nkagula:mba
ruul1235	ninamalirirje eca:musa:JJ\u	namalirire ca musa:JJ\u
ruul1235	twa:lina Bi:Ngi	twa:jina BiNgi
ruul1235	koBa tuta:ndike nokuBa:lika:Nga amaBara	kuBa nta:ndikana okuBa:lika:NgamaBara
ruul1235	aBa:ntu tukuli:re kasa:Jire omugoBe gubairewo we akwe:ndja	Ba:ntu akreemwaBa kubara oBwakwendja
ruul1235	mulaBule karai	umula:Bule kara
ruul1235	niJ\o twa:so:kere okuba	JJ\o twa:sokera okuba:
ruul1235	Nga ndi mu ciBi:na ca:kata:nu	oNa:ndi mu kiBi:na cakata:nu
ruul1235	tuge:te kiki	tugete makuBa
ruul1235	jete omaite eci:ndi	jeto matacindu
ruul1235	ni:maJa nico cini	nema:Ja:zi Jcacina
ruul1235	atiBuni ecikuzwa okwe:co	a:ti Bunecukuzwo kweco
ruul1235	ntwi:re isasira e waise:Nga waiswe omirja:mu nakate na:JJ\ara	ntwide esa:sira ewaseNga waswe omirja:mu nakate na:JJ\ala
ruul1235	niBakoBa omwa:na oni tumutwa:leku ewa ise:Nga wamwei	niBaku omwa:n ontumutwa:lekowajiseNga wa:mwe
ruul1235	nimali:rja esinija ja:kanai	nimalijesinejakana
ruul1235	oso:ka noziBi:ka	sokanooBijaka
ruul1235	Bagalo:Ngo:sere kuBi	ba:galoNgosere kubi:
ruul1235	era Nga Nkwe:ndja okwe:Balja oka:nca	era:Nga kwend okweBaljoka:Jca:
ruul1235	omu cirja:ndo:Ngo omu dwa:liro	mucirja:ndoNgo lwa:liro
ruul1235	atete tukuJ\o:wa:Nga	atece tukuJ\ owa:Ngo g
ruul1235	leka NkuBu:lje emisa:le niJ\o:ma	baku leka:NkuBulje emusa:leniJ\oma
ruul1235	tukwi:za okufuna we twa:Ba	tukwza okucuna e twa:ba:
ruul1235	JJ\ete ti:ndja	JJ\ettinJ\a
ruul1235	omwa:na on naiza natere:ra gacwa Biga:mbo NkeBjo	omwa:n onnaiza naterera natamalaga gacwaBiga:mba oNkee:Bjo
ruul1235	tulina kwi:rajo Buja:ka	tuna kwi:raj BBuja:ka
ruul1235	muJwi wa:mukago NkusuBi:ra ekisuBi:ro ca:Nge	muJi wamukako NkukusuBira kisuBiro kja:Ngikg
ruul1235	naje oluvaJuma lwa:kuBa:ndula	najeBuBamalwa kuBa:ndula
ruul1235	ati ni Baba aiguru niBakasuka BakkaJugira iswe	imba abaguru mbasukakaJugira swe
ruul1235	erjo ljo:na libi	erjorijona reb
ruul1235	oni omwa:na alina emja:ka aBiri naisatu	on omwa:nan nemja:kaBaBisa
ruul1235	olu:site likwa:kalja:wo	olwuusiterikwa:kalja:wo
ruul1235	lwa:kite awo eJa:JJ\a Bagiki:Ngire	lwa:kita:wo teJa:JJ\a BaJ\iki:Nga
ruul1235	ate eBiga:mbo BiJ\uli:ze kwa:Ba kampala	a:te Biga:mbo BiJ\uli:ze kwa:Baka:mpala
ruul1235	oji:nza okuswa:gi:rja amakuru nole:tate	nz okuswagiramakulu noletatea
ruul1235	Batjai aBe:ka	bataBega
ruul1235	le:ro JJ\ete	atoJJ\etocsa:ti
ruul1235	nzala jo:Nkai	nzalajoNga
ruul1235	o:ntale wa akwi:ra	ontale wa:kwi:ra
ruul1235	nicimutwa:la omu kukwo:ca e:ntomi	Ncimu twa:la omu kkwoc e:ntome
ruul1235	m mwa:ka gwaiBiri ikumi naitanu	umwa:ka gwaiBiri ikumi neta:nu
ruul1235	najaBa natu:nda nafuna ekiki e:mpi:ja	na:natu:nda nafunekiki empi:ja
ruul1235	najaBa nara:rajo	naweaBanara:rajo
ruul1235	oca:li ndeBeida	oca:lindeBeca
ruul1235	mbe: aweiremu	Jeerakitimu
ruul1235	omwei Bje:garazo	omw eBjegara:z
ruul1235	eisomero lja:sa:NgiBwa:Nga ku muwa:nda ogwe:teBwa ogwa:ma:tini omu ciBuga ca:kampala omukaire	esomero ljasa:NgiBwa Nga kumuwa:nda ogweteBwa ogwamatini omukiBuga caka:mpalo mukare
ruul1235	o:ntale onu ata:mu aka:ntu	ontaloni ata:mwaka:ntuN
ruul1235	we:na aBa:m BalikukuBa	BwenaBa:mbali kukubaB
ruul1235	zo:Nka zo:Nkai	zogolandujake
ruul1235	atiBuni olina kulugajo mpola:mpola	a:tuBuni oinaku lugajompola:mpola
ruul1235	ati noira a:nsi kusai	a:tinojiraansi kusa
ruul1235	e ca:mbogo ejo e kako:ge wetwi:kala	eca:mbugo jejekakogewotwkala
ruul1235	ti Ji:ndo ja mpiti je	tiJindoja:mpetije ii
ruul1235	eBiro eBjo Nga nca:li kuBa:ndula kawe:si	eBirBjo Nga:ncali kuBa:ndula ftkawesi
ruul1235	omu kwe:zi kwa:nsje:nene	mukwezi kwa:nsenene
ruul1235	ja:mbona:Nga ani	ja:mbona:Nga:nooo
ruul1235	nico ozwa:Bona	nicomoBwona
ruul1235	kwi:ca: ninaire ni:NkoBereku omuze:ji ota:ta	kwecanare ninkoBera komuzjo ta:ta
ruul1235	oBa Baje:ndja:Nga kuBe:ta Baimi	oBa:Be:nda:NgakokuBe:taBami
ruul1235	Biji:nza okukuloBera	biJuka kuoBera
ruul1235	era kwi:ca oka:nca nijaJ\unire puloguramu neira oku mpu:Ngo nituta:ndika okuwe:reza	era kwi:co ka:Jcani jaJ\umire ogula:munero kumpuNgo neta:ndika okuwereza
ruul1235	waBona omire:mbe ojo te:ndo o:nsekanaBo	oBonoumirembjnakNuseka:naBo
ruul1235	naje leka NkuBu:lje	jenananaletak
ruul1235	odi againe omuje:mbe gwa:mwei	otagaina omujembe gwa:mwe
ruul1235	leka NkuBu:lje je gamuJ\unire ki	deka:NkuBoliga:muJ\onereke
ruul1235	batatuBu:lja kanai nakata:no	BataBikulatwananakata:nu
ruul1235	otakoBa:Nga nti awo namuka:mbi okuwemula	otakoBa:Nga ta:wonna muka:mbi tekookuwemula:
ruul1235	we tokumaJa omuJ\iJ\i ogwo nigwa:jakalawo	wut okumaJa omugigi ogoNgwa:jakalawo
ruul1235	e:nzalete ekuluga ku kiki	enzalate kulugakiki
ruul1235	omwa:nda:la ogwa:lemere o:ntale okugusja:tukiraku oiseBalo:Ngo	omwa:ndara ogwa:lemera ontal gusja:tokira:ksaBaroNgo
ruul1235	waliwo omusaiza azi:Nga e:ntomi	wa:lwomusaizaziNgi entomi
ruul1235	oBu:ndi Bu wa:Nkuru:mbe tikaba kaboko	oBundi Buwa:Nkuru:mbe etikabakaboko
ruul1235	ojalikire mwa:tja:nsozi	wejalikire mwa:tia:nsoz
ruul1235	so naje cilina e:Ngeri J\e cituja:mbiremu	soawunnajcicineNgeriJ\icettja:mbiremu
ruul1235	aBali oku Ja:JJ\a Badu:li	aBalo okuJa:JJ\a BaduliBerere
ruul1235	Baitu ama:ni ga:Nge	Ba:tama:ni kaNgaikaca:lo
ruul1235	tusuruka okuliga e kako:ge	tusuluka okulugekakoge
ruul1235	o:Ngube ca:Bako:re	ekoNgubeca:Bakore
ruul1235	mba wa:Nkuru	mbawa:Nkuru
ruul1235	tatwa:lajo be nejakalja: ja:kidu:li	jenamakiobenatululi
ruul1235	oBa Baluli:sja aBaigali Bamaisjo	neBwaBa:lilisja BanBaBagali Bamaso
ruul1235	nasu:mba madu:li	Jasusila madoli
ruul1235	e:NkuBeBe zica:mukuBira e:ndu:lu	eNkuBeBe zica:mukubiri endulu
ruul1235	JJ\e te:nduga ku pala	Nindugakupala
ruul1235	nomwa:na nimwi:rja:jo oku isomero	nomwa:na nimwiri aj kusemerwa
ruul1235	omaite nti eBiBira eBjo twa:Bitemere muno	omatenti eBiBire eBjotwa:Bitemere muno
ruul1235	ati Badi aBali aiguru Bakwe:ndja okulugajo	a:ti BadaBalaguru Bakwendi okulugaj
ruul1235	Nga NkukukoBera	najeNga:NkukoBera
ruul1235	era Nga ati niJ\o tukwi:kara nomukali wa:Nge amwei nomwa:na wa:Nge	era:Nga:ti JJ\o tukwjkala nomukali wa:Nge a:mwe nomwa:nawa:Nge
ruul1235	teniJ\o eJ\o emire:mbe J\e: BakoBa	tuJJ\eJ\a mire:mbe J\i Ba:koBaBB
ruul1235	aire aji:mbo:kere	araimbokere
ruul1235	ta:ndika sawa ikumi na iBiri paka sawa iBiri ezaBwi:re	tankaswkumi naeBirimpakasawa iBiri ezaBwi:re
ruul1235	nta:ndika okusoma	nita:nika okusoma:
ruul1235	we oca:Baza isana	woca:Boza sana
ruul1235	Baitu e:Ngeri	bajtukwalineNgeri
ruul1235	omukono gu:mpi	omukwa:no okwemgi
ruul1235	ewaiswe tezirijo	ewajisw tizirijo
ruul1235	ni:nfuna akafo ok ca:lo ca:kaluBa:Nga	nifunakafo okucalocaka:luBa:Nga
ruul1235	J\o:na ezo ti misa:le	aJma ezotimusa:le
ruul1235	noli:nda eci:ndi	amunend ecindi
ruul1235	eco cikutege:za ti:Nca:li	wecikutegeza tiJca:lo
ruul1235	mbe Nca:Bulaku	mBwali waBa:Ja Bataa
ruul1235	ntwa:Ba ntusoma	twaBa:ntusoma
ruul1235	ojo ti mpwise ati	ojo timpwi:sa:ti
ruul1235	ota:ta J\ijaba:Nga ecaca:mbogo ekako:ge	otwa:taJ\ijaba:Nga ecaca:mbugo ikakoNgi
ruul1235	oBwi:re teBuku:re	okwi:re tiBukuro
ruul1235	aBakaire Ba:leka:Ngaku eBisusu	aBakajere Bwa:leka:NgakeBususo
ruul1235	ona:Nka owakaima nawa:Ngula olutalo	ona:Nka owakama nawa:Ngwloutalo
ruul1235	awo oluvaJuma olutalo nilwa:weire	a:wo oluBaJima olutaloni rwa:were
ruul1235	nazwi:re e cirja:ndo:Ngo niJira cigu:mba adi	nazwjire kilja:ndwoNgo neJira kigu:mba:li
ruul1235	aBadu:li iswe:na tulina emitwe ziko:to	aBa:uliswenakuakul zikoto
ruul1235	kusaikuBa:Nga Budi nakutega	kosa:kuBa:Nga aBudena:kutega
ruul1235	kuBa:Nga noma:ma jena jali nairejo e ca:mbogo	kuBa:Ngano ma:majenaja:laire jeca:mbugo
ruul1235	muca:mu niBairuki:ra	omuca:mu neBa:ruki:ra
ruul1235	nta:ndika okwe:ga niJaBa:Ngajo naJegesja:Nga	ta:ndika okwegini JaBa:Ngajona:Jegesja:Nga
ruul1235	ni:NkoBa oBa omusaiza abe:Nge Bje:maro	niNgo oBa omusajz a:beNgi Bijemaro
ruul1235	omukazi apaikula:mbe	omukaz kikula:mbe
ruul1235	jamukubire mu mutwe	jamukubire muta m
ruul1235	aBadu:li Nka mwa:li Balumi	watulajemwa:li Balumi
ruul1235	ndowo:za nokamulole:ra	took kumi neca:ulera
ruul1235	tuwa:Nge twi:kirize tusi:mbe emisa:le	twa:Nge twjkirize tusi:mbe misa:le
ruul1235	kaju:mba ako emitwa:lo inai okwe:zi	kaJumba:kwotwa:kasana kisasiBa Nga emitwle ene okwezi
ruul1235	eci Bacigotegotere	ecire Bacigotegotere
ruul1235	tukole tutja mwa:na wa:Nge	tukore tutja mwa:nawa:Nge
ruul1235	olu:site Basemeza	lu:siteBa:semezam
ruul1235	okule:ta ka:nda	okuletakaluko oBwatika
ruul1235	mbaire Nkwe:ndja okumuJ\una muwerje omukozi	mbajireNkwenda okumuJ\una amwre omugoso
ruul1235	omuze:ji naikiriza oku:mbja:ra amwe nokutwa:ra omwa:la wamwe	mwuze nakiriza okumubja:la a:mwen okutwa:la umwa:ra wa:mwe
ruul1235	naje Bo:na	nBaBonaBalekNge
ruul1235	eJama jo:na BaJ\imaJira emja:ka	eJoma jona BaJ\imaJira emja:ka
ruul1235	erate nomusaBa awu:ra nakola co:kkoBa	era tenomusaBa aBuranakolacjokkoBa
ruul1235	namu:mbja:ra era ati	namumbja:ra era:ti
ruul1235	naBona Nga ndo:wo wakwi:ja ca kulja	nagona:Nga:nda ocwakujacjakulja:
ruul1235	kuBa:Nga ca:Juma:Nga e:Ngeri J\e:ce:twogetwogere	Ba:Ngacja:Juma:Nge:NgeriJ\ecjetwogetogere
ruul1235	ogulja emere	ejemerom
ruul1235	eciJu:mba ciriwo awo	cisimu bacuruwa:wo
ruul1235	amawemukirano gaizire ani ewaiswe	amaw mukra:no gazira:nowaso
ruul1235	Bago:Ngerja naje mwi:ra:Nge Bo:na Balina okuba:mu	BagoNgerjanaje mwira:Nge Bona Ba:nu nokuba:mw
ruul1235	mukali musai	umukale musaw
ruul1235	a:nti noBa:remu	mwa:ntinoBa:remu
ruul1235	o:nsja amuBwi:rje	onsi akugwire
ruul1235	naje JJ\e aca:Jalikate	ne:JJ\aca:Jalikate
ruul1235	jakola:Nga ki	jakola:Ngaki
ruul1235	tulina amasomero a:mpi	aamasemora:mpi
ruul1235	nsjo:me:Nge amaizi ni:ntu:nda omu ciBuga ca: woBule:nzi	sjomeNga mazi ni:ntunda omukiBugacawoBulenzi
ruul1235	gani ma:no	kani ma:nomn
ruul1235	Jakite oiruka ki	nakina olukaki
ruul1235	Bakwi:ka noBona Baikirize nti okato:nda oni alijo	bakwi:kano Bona Bakirize ntokatonda onali:jo
ruul1235	era Nga twa:ta:ndikire woBule:nzi awo	ira:Nga twa:ta:ndikirewoBulenza:wo
ruul1235	zamugaJuro muno	za:mugaJira omuno
ruul1235	nijo jali egwi:rewo eita:Ngi e woBule:nzi awo	Jjoja:li egwire weta:giw Bulenza:wo
ruul1235	ni:mbajo e kampala ejo muno	ni:mba:jeka:mpale ejomuno
ruul1235	erate nomukoi wa:mwe ni:mba mmule:teire kaita	eraton omukowa:mwenembamuletejirakajita
ruul1235	akase:nte ako	akase:nta:ko Nizi
ruul1235	je we omaga wamuBoineku	joumagawamubweneko
ruul1235	leka leka leka ojomusaiza ata mwa:ndi	tekarekaleka oloBusagasa:mwa:ri
ruul1235	na:NkoBa ni nti iza twa:Be e kampala	na:NkuBanintiza twa:Bekampala
sadu1234	ts\_himos@` te G@ xM gM z\a ga	ts\imos@` teg@xMgMz\aga
sadu1234	nu ve teG@` mo lE la	no ve teg@`molela
sadu1234	i xM x@` tes\o d@ kOm ku ase	ixMxE tes\o to koNklase
sadu1234	z\o nes\a J_+a zE	nts\o dis\@`J_+adz@`
sadu1234	sEn ts\i a NM	s@ts\@`N@
sadu1234	t_j_hEts_hui wat@` k_ha as\i gE dzu@`z\i xM pa ts\_hi nu	tetso Ga t@`k_has\i g@`dzoG@`ixM vats\ino
sadu1234	nu ts\o tit_jEn ts\o tedze xM de a ga	nots\o titets\o dedze xM dEka
sadu1234	nu ts\o mu a sasz=wasi ts\_hi la	nats\omoasasMvasits\ila
sadu1234	tsautsz= te t_hi kua z@`	tsatso teti kaz@`
sadu1234	tena ne ts\o kuafa NE ga	tenanets\ok_hafa Nega
sadu1234	bM dze t_ha z\a beJ_+i b@` l@`go z\i	bMts\Mtaz\a beJ_+ b@lage
sadu1234	ne de s\Om g@` s\Om z\o g@` z\o a	nide s\ogas\o ts\o gats\oa
sadu1234	E k_hut_ha na m@ nebi z\i p_hi lE	nak_hotala manebiz\ipi lE
sadu1234	ts_hz= ne u ts\i ma do la	sonemots\i mado
sadu1234	k_huam@`p_ho te G@` g@` de ts\o s\odzz=mi pan gu lE lE	k_h@`mpo te g@ gE tets\o s\edzo nei pangoEllE
sadu1234	lez\i E ts\o legE ba xM	liEts\o dig@baxMp
sadu1234	ne i de a az\a NonE	nE ed@` az\anne
sadu1234	ts\o ts\_himos@` gE sin fa NE ga	ts\@ts\imos@` gesip_haNiga
sadu1234	z@ ts\o J_+i tebo na t@`pau p_hi aga	z@ts\oJ_+i tebo na t@`pap_ha ga
sadu1234	mama t_h@` dM N@` nu ts\o mama t_h@` dzo	mamatadM NEn@`ts\o ma matadzo
sadu1234	aJ_+@`zo ne te nu te d_jozo s\Om	aJ_+ezo nete nod@`diozos\o
sadu1234	z@ts_hi gM lE s\i ts\o dz\ip_hE t_h@` pa gM p_hi x@`	z@tsi gM les\its\ots\ibe ta pa gMpi x@`
sadu1234	pa dzM ki lE pa mi idzz= z\o te ts_hEn te ts_hEn a p_h@` k_h@`	padzMkile pami idzMz\o tets@` tetsap_hEk_h@`
sadu1234	ts\a ts_h@` ts_homog@` te	ts\asanetsomogate
sadu1234	kuat_h@ p_hi ne mM na mi s@ ts\o	kotabelM mMnomiz@ts\o
sadu1234	tex@` tsitsu t_ha	ti x@`tsitsotsa
sadu1234	mudz@`p_ho te te du ku E	modzapo tele doxE
sadu1234	GM J_+i nu No koko gE zo	@`gMJ_+i no No koko gezo
sadu1234	i loxM ga du lE ma do ts\o ga du lE ma do	eloxM gado le matots\o gado le mato
sadu1234	mimi a k_hua k_hua ne dz\olik_h@` tebi ts\a ts_hz= lE	miak_hok_hanets\o lek_ha debits\atsM lE
sadu1234	i gE t_hilo te mo ne ts\o tex@` pa ki ts\o t_hi z@` zamEzo ne G@ xM z\a ga	igEt_hi lod@mo nedeo tex@`pakits\otsiz@`zamezo ne g@xMz\aga
sadu1234	dz@ts_hazo d@ nex@` ne dz@ dze ne ts\o te ts_hu te ts_hu a nu l_jomMmM a E	dz@tsazodM ane xEnedz@dzenets\o tetso tetsoanolomM mMa aJ_+ezoz\E
sadu1234	te bibi nu sz=dze gM mo gE te na	tebibe nosMdzekMmo ge t@` na
sadu1234	te mo g@ ma xok@ ne mo g@ ma xok@ na ne	temogE maxok@ nemogE maxok@`nane
sadu1234	ts_holo xM ke a t_h@` t@`mM na J_+a ki nu	tsoloxMkead@`t@`mM naJ_+akino
sadu1234	zi d_jo k@` ts_hualazo pa NE nu zi te ko k@` du ledzi d_jo k@`	zelo kEtsalazoba Neno zede ko kEdo ledzedokE
sadu1234	te k_hu ts\_hi lE gE	tek_hots\i negE
sadu1234	sinkuz\i gE z@	sinkMz\igMza
sadu1234	sz=ts\ane ts_homog@` te ne	nesMts\anetsomo gatene
sadu1234	xM ts_ha z\o te ga s\i	xMtsaz\o te gas\i
sadu1234	k_hut_ho to sz= lu ts\_hi sz= sui lu s\i E ts_ho d@d@ teG@` NE ga	k_huto tosM lots\isMse los\ets_hodadza tez\aNega
sadu1234	J_+a k_ja gM i E	J_+atagM ige
sadu1234	te be nu ts\o zi G@`	tse bents\ozgM
sadu1234	ne J_+i s@ te s\ata a ts\OxO	noisM tes\atats\axa
sadu1234	ta a ts_he z\a te ku na sM E	tatsixea te kona gesM@`
sadu1234	i ts\o le z\o faxui la sa	its\oz\aneo z\o fanxe laza
sadu1234	t_jExua pa mi ne z\i fen tsOn pami ts\o mi s\a p_hi a la	texa pamine if@`ntso ba mits\o mis\ap_hiala
sadu1234	ne mu dz@` ne nE	teimodzEnen@`
sadu1234	J_+i t_h@` k_ja ne	nts@`g@`nE
sadu1234	i xM ts\o ta k_huam@`	z\ik_hMts\o ta k_hamE
sadu1234	J_+a pa ki i ku ne ku ts\o	J_+avake iko nekots\o
sadu1234	i zomMnM neG@` ts\o idzz= na	izom@n@ ne ats\o idzMnao
sadu1234	ts\o mEtsa nedze z\a ts\a	ts\ometsaneze z\ats\ats
sadu1234	Non@`le No ne gM nena kua z@` GamolodM mo xM ne ts\o sui mo lE dM i fu fu ke E	Non@`ne NonegMno nap_hats\@`ts\ix amolod@mo xMnets\isemole leifufukE
sadu1234	sin p_hitsOn ne s\o ne ts\o	simpidzo nes\onets\o
sadu1234	p_j_ho a vE z@`	pz\ots\o momts\oaveza
sadu1234	ve ki lE a k_hau	ete le akaa
sadu1234	z\o zi z\a g@` tsz= z\a do	z\oziz\a g@tsMz\ado
sadu1234	p_h@` k_h@` kua p_hi na pa ts\_hi z\o s@ts\i z\o mi s\a p_hi la	ts_h@`k_h@`kapi navats\iz\os@ts\iz\o mis\ap_hi la
sadu1234	i xM ts_hz= a teG@` ne ts\o	ixMtsatez\a nets\o
sadu1234	nu u a na dE	no vara de
sadu1234	ts\o sauts\i p_ha zo xM ke zE na ki nu	ts\osats\ip_hazoxM kez@`a naki no
sadu1234	i k_ja ts\_himos@` na sua E	igats\imos@`tasa
sadu1234	pa sua dz@dz@ ts\o zi fa mo	pasadz@dz@`ts\ozi famo
sadu1234	nu n@` idzz= a pa de	no n@`edzapa te
sadu1234	J_+i ts\i ts\o tena nep_hi z@` na	MJ_+its\its\o te nanep_hiz@`na
sadu1234	dzo s\a na pa ts\_hi nu z\o k_hEsz= pas\i s@	dzos\anamats\ino k_hatsMpas\isa
sadu1234	z\i t_j_ha J_+o na v@` le	its\aJ_+io na v@`lE
sadu1234	de g@` sz= ts_ho NM ma noJ_+i	dedz@`sotso N@ manoni
sadu1234	t_hOt_hO d@ ts\o kulut_huat_hua s\i nedze po d@ ts\o	toNto lEts\o kolot_hatsas\i nets\i pu lets\o
sadu1234	z\o i E ts_he p@ te k_hui ve ki lE na kia ts_he p@ ne k_hui gM tsa te ku v@` na k_ja i E	z\o itsepM te k_heveki len@` k@`tsep@ nek_hoEgMtsate ko v@` nak@`i
sadu1234	i xM ts\o ts\_himos@` gE sin	exMts\ots\i mos@` gesip_h
sadu1234	k_hui mo dz@ sz= to a nena ts\o Non@` ts\o z\a N@` z\i mo mo papa na N@` z\i ne ts\o	k_himodz@sMtono nats\oNu n@ts\ez\@`NMimo p@`p@` na NMe n@ts\o
sadu1234	idzz= d_jou ts\_hi p_hi a	xets@ dots\ipa
sadu1234	k_huan lE k_huan k_h@ ts\o ts_h@` p_hi	k_ha lek_hak_hMts\ots@`pi
sadu1234	lebM ne J_+i tso tatsO	debo niintso tadzo
sadu1234	ts\a nes\o te k@` NE	ts\anes\o te kaNE
sadu1234	gE tansz= nex@` ne na k_hua k_hua ne tex@` gE ta ma ts_hz= lo	ge tansM ne xE ne nak_hoane texE ge ta matsMlo
sadu1234	sz=dze te t_h@` k_huan	sMdze te taf@`
sadu1234	tena ne ts\o Nodze	tenanets\omze
sadu1234	pa ts\i xui ne ts\o de ts\_himos@` k_ja sinkuz\i ts\o	pats\ixenets\o dEts\i mo s@`gaseigoz\its\o
sadu1234	dz@mu sa NE E	dzEmusaNE
sadu1234	te No ku gE z\an s@ nu ts\o No s\o s@ ki gMmM ts\o J_+a ts_hM z@` ne ts\o	te No ko gez\is@ nots\o Nos\os@ ki gMmots\oJ_+atsMz@` nets\o
sadu1234	tes\a tex@`	des\ade x@`mtt
sadu1234	xO mM bodz\o a pa ts\o xM te G@`	xomM abots\opats\ogo xM te g@`
sadu1234	b_ja se p_hi mo pa pa ts\o b_ja se p_hi	bz\alsipi mopap@`ts\on bz\osipi
sadu1234	i k_h@ ts\_hi a ts\o ts\a p_hM se p_hi la	ek_hats\ets\ots\apMse pe la
sadu1234	No ne lilEp_ho NE E	No nedilEepo NE
sadu1234	dz\ip_he ve z\i na ts\_hi ne	ts\ibibie nats\ene
sadu1234	we dz@` m_jo a gM ts_huts\_hiwua xM te ku ane sM s\i ma dzu nu dz\omo g@` ma t_hu	wedzEmio getsots\o waxe te koanesMis\i madzo nots\omo gE mato
sadu1234	dz@ p_j_ho nu ts\o l_ja k_huE to te ts\i J_+a k_ja u	dz@pz\o nots\o liaNk_hato tets\i J_+akavo
sadu1234	dM p_hi ts\o i E na J_+i ts\i gM na pa ki z\o s@ ma do	dMp_hits\o enaJ_+its\i gM napakiz\o s@`mado
sadu1234	pa nM du lE d_jo G@` na pa ts\_hi z\o te ga tsan t@` na pa ki	panMdo le doGEnavats\iz\o tekatsat@ na wake
sadu1234	J_+a ki nu ne J_+i s@ f@` ne J_+i f@` z\o tsuz\i dzM	nag@ no neJ_+o sap_h neJ_+ fEz\ots\o its\o
sadu1234	tes\o ne ts\_hisui NE E	tefe n@`its\tENE
sadu1234	nu xata ts\o Non@`s\ine	no xatats\omo n@`ts\i leo
sadu1234	No ne E lilEp_ho E ts\o	Nonelilapoetso
sadu1234	zz= ts_hi a ne ts\o t@`ts_hu utau ts_hi E	dzMtsiz\@`nets\o t@`ts M taotsiz\@`
sadu1234	p_hi ts_he lE nu ts\o a s\o a s\o na fi du lE	ps\its\e lenots\o as\o as\o na fido lE
sadu1234	ts\o i ts\o ma mo a la na de	ts\o its\o mamolana dE
sadu1234	t_hawo xM tes\a g@` ts\_hits\_ho tedz@` kua z@`	tsaoxM tes\agats\its\o dedze kaza
sadu1234	zEnts\_hin nu lit@t@ a d_jozo ve z@` lE ma dzo	z@tsenolito tadMobezale madzo
sadu1234	dzz= to naJ_+a ki aga	dzite kato naJ_+akiaga
sadu1234	n@`dzz= tex@` mo a tedze nu Ga ts_h@ te mozo NE E na	nadzMte xemmoadets\e no xatsx te mozoNax@nte
sadu1234	te te nu wa mE NE E	tetenowa meNE
sadu1234	z\o z@z\i tsu p_hi a ne dze ts\o i xM to ke zE na pa ki	z\oz@z\itsop_hianedzets\o ixM tokez@` navaki
sadu1234	a nE No me ne J_+i s@ f@` tantsz= J_+@ E	a n@`Noomens@`fE tatsMJ_+E
sadu1234	te J_+i bo ta ts_ha nu NonE	tenipotatsanomne
sadu1234	mo Go ts\o lepipi z\a a na ki ts\o O te tso ts\o lepi la	moGots\e lpepets\akits\o o tetsots\i lepela
sadu1234	te po nu z\o nE k_hua xM	tepo nMneek_hak_hM
sadu1234	nu nete nu z\o sz= ma sz=	no neti noz\esMmasM
sadu1234	tebi gM tsui a nebi ts\_hi nebi i tsui ts\_hi anu	tebi gMtsoE ne bits\i nebi tetetsots\@`no
sadu1234	tex@` ts_hi a teG@` ne ts\o	texEtsiate G@` nets\o
sadu1234	tex@` z@ a te te ne ts\o ts\_himos@` gE z\a GM NE E	tMxEza te tenits\ots\imos@` gez\agM NE
sadu1234	E J_+i s@ te lE	l@`J_+os@ tile
sadu1234	a J_+iwua tes\o pE a ts\a	a J_+iwa tes\op@`ts\a
sadu1234	ve gM a ts\o ku p_j_ha lE do nu ts\osz=tsz=lu nebi gu z\i a mi mo z\i	begoats\okopal@` do nots\osotsolo ne bego z\@`mimoz\i
sadu1234	mi mo ne ts\o si d@m@	mi mono nets\osMdom@`
sadu1234	a t_h@` dzo lE	at@`dzole
sadu1234	zEmMb@l@ xM te bi du p_hi asa z\a	zEmbo n@ xMtebitoap_hiasaz\a
sadu1234	k_h@`l@` nedze	k_hal@` nedze
sadu1234	i ts\o n@` a wama gM a	ets\o nawa ma ga
sadu1234	mo te pa pE	mole papE
sadu1234	bM z@` na ts\o ts\_himos@` te G@ xM ts\_hi la	bMz@`nats\ots\imos@` ti g@xMts\i la
sadu1234	tsi k_huam@`p_ho te G@` gE	tsi k_ham@`po tegMgE
sadu1234	lepipi a t_h@` ts_hu p_hi	lipi pi@`ratsop_hi
sadu1234	na ki ts\o i ts\_himo ts\o ts\i a	akits\e ets\i mots\oia
sadu1234	nu p_hits\_hip_ho ne G@` @ da z\i a lMt_ha da z\ia t_h@` naJ_+i z\i ne	atits\ip_ho ne goEdaz\alMtsad@` daatandanE
sadu1234	i koko z\o tsuz\i dzM nu xata	ikogedzo its\ono xata
sadu1234	dzz= du ze p_hi la	dzMtozep_hi laM
sadu1234	tedzebo ts\o G@mMts\_hi E dzosz= k_ja ga	tedzegots\o g@mots\edzosMkiaga
sadu1234	dz\omo dze tsEntsEn gu z@` a J_+a de E	z\omodzetotsagodz@`J_+ate@`
sadu1234	tena nep_hi z@` te	tenanep_hiz@`ate
sadu1234	Nodze ta vixM te k@` ne ts\o	NodzetavixM te k@`nets\o
sadu1234	a z\a No tedze g@` ma s\iz\O No ts\o	xaz\axotets\e kE mas\iz\a mots\omu
sadu1234	ledze xotamoJ_+i tes\o tsa tso	ledze xotamoJ_+e tes\otsatso
sadu1234	lisz=d@bM t_ha gM sM E	tes\odetagesGE
sadu1234	de a n@` pa ki ts\i ts\o	dea nabakits\its\o
sadu1234	z\oz\o a duts_ha la pa ts\_hi nu	z\oz\oadotsala pats\ino
sadu1234	nu lats\a pa k_ha z@` na k_ja	no lats\apakazaanaga
sadu1234	p@xo dz@ J_+E a ts\o	p@xodzMJ_+@`ts\o
sadu1234	tsOm E ne ts\o	saNgdets\o
sadu1234	nu bM t_ha gE mu dz@ ne s\o ne ts\o	no bMt_hage modz@ nes\o nets\o
sadu1234	lumu ne	be mone
sadu1234	nu te G@` nu ts\o	no te g@`nots\o
sadu1234	sz= gE ne mi mi xM du	tsMpeneoi mixM do
sadu1234	de ts\o Nodzz= k_huap_ho NE	tets\o NodzMk_haxoNe
sadu1234	ti@` tsu NE E	tiEtsom Ne
sadu1234	k_hus@xM pa ts\_hi g@` ts\o taJ_+@` ts_hoz\i ts\o	k_hoz@xM pats\i g@`ts\o tanitsoz\its\o
sadu1234	t@ts_hop_ho ts\_h@` ki lE na k_ja t@ts_ho	tEtsop_hots\ekile nagat@tso
sadu1234	i ts\o i ts\_himo ts\a paukau	its\e its\ivots\apaka
sadu1234	ne mudz@`mo te te ne tex@` de asa la z\o lats_hO	nEmodz@`mote tenE texateasEalao lats_ha
sadu1234	sz= ma dzu anu tedze ne ts\o wuats\_hE k_huibM t_ha gM d@	sMmadza no tedze nets\oko wants\ek_hepM tagM d@ gk_hk_hk_h
sadu1234	GM te tsa i m_ja xM ts\o ts\_hi No ku s@` ke z@`	g@ tetsa emz\axMts\ots\i No kos@`kez@`
sadu1234	J_+a te p_j_hEtsa xok@ a te mo g@ ma dzu Na na dE	nialE pEdzaxukE te boNgE madzo N@` radee
sadu1234	ts\o i ts_huala ts\o tulE	ti@` itso lats\M tolE
sadu1234	tek_hubo ts\o	tek_hobots\o
sadu1234	ts\_himos@` ne G@ xM ts\_hi J_+idz\i a la	ts\imos@` ne g@xMts\iJ_+its\ala
sadu1234	ne sz= i ts\o Non@`s\ine G@`p_ho neG@` ts\o du lE a asz= ts_hz= kM lo	nMsM its\o nets\in@g@pon@`ts\otol@` asMtsMkulo
sadu1234	n@` de atsz= gE tsEnts\i dzu n@` kM a na de	@` ats\o getsois\idzo naakMlade
sadu1234	ts_ho te ts\o ta i t_ha logo t_ha mEnfan ne t_hi na Gop_hu a ts\o	tso tets\o tateta lagot_hatnam@ fanets\ina opEts\o
sadu1234	masa ts\o i gE logo ta ts\_hi la	masants\o ige logo tats\ila
sadu1234	muso ts\a g@` l_jo ts\a do a	nomosots\a g@`lots\a doa
sadu1234	nu ts\o go dze t@` ne	nots\o godze tan@`
sadu1234	ts_hualazo G@ gE ne ts\o kuafa xM NE E	ts_halazo g@genets\o kafaxM NE
sadu1234	tex@` wetsz= na ts\_hi a ts\o	tex@` widzM nats\@`ts\o
sadu1234	sM a idzz=	sMG@`dz@
sadu1234	nu te G@ k_huazobo fu z\o fu p@`	no tM k_hadzobofMfup@`
sadu1234	te t_ho t_hi zE	tetotsizE
sadu1234	No gE z\atsz= t_ha Go ne mo	@`uNgets\atsMtsaGo n@ mo
sadu1234	z\idz\a ma nEn t@	its\aman@ t@
sadu1234	mu dz@` ga a	modz@` ga
sadu1234	ts_h@` ne ts\o lauJ_+@` tsu ti@` tsu NE E	ts@`nits\o laoJ_+itso tiz\Etso NE
sadu1234	numosE J_+i s@ mo Go fi lE	nomos@`J_+is@ moofilE
sadu1234	dusz= s@ts\i zM a la	tosMs@ts\izMala
sadu1234	ts\_himos@` gE ts\_hip_ha na k_hau	ts\imosE gets\ip_hanak_hao
sadu1234	i p_j_ho a mMlM zo z\a	epo amM lMzoz\a
sadu1234	z\o te t_hM sM aga	ts\o tep_hMsMaga
sadu1234	i xM ts\o p@xo te dz@ J_+E	z\ixMts\o p@xo l@dz@J_+E
sadu1234	ne E zEnts\_hin te d_joGo ne am_ja li la	nez@tselitio ne amalila
sadu1234	soz\o i xM dzu s\i gE tedze	soz\o ixMdzos\i gebo dedze
sadu1234	gMlE ne No n@` s\i nE	gMlene onEts\ine
sadu1234	tex@` t@ ts_hi a teG@` ne ts\o Nodzz= k_hua	tiEt@tsiz\atigE nits\oNodzMk_ha
sadu1234	a m_ja pu a t_h@ naJ_+i ts\o bE E	amz\apta naJ_+@`ts\o bE
sadu1234	nu ts_ho te ne	etso denE
sadu1234	z\o bM t_ha gE Ga dz@ na ne s\o ne ts\o l_jomMmM a z\a E	z\o bMt_ha ge Gadz@ nanes\o nets\o lom mM az\E
sadu1234	Nodze tes\a t_hosakM te s\o g@`	Nodze tes\atosakM tes\og@`
sadu1234	net_ho ne Nodzz= k_hua xM ne	ninetone NodzMk_haxM ne
sadu1234	p@ G@`G@` ne mo nu t_h@` k_hau t_h@` p_hi	b@G@G@n@ monotsakatsap_he
sadu1234	nu z\a ne na t_ha pa z@ gE nu	noz\ane nat_ha vaz@ gen@
sadu1234	nu z\o ts_haputo ts\_hi m_ja p_ha to pa lu nu ts\o	noz\otsapo tots\imapxa to baldo nots\o
sadu1234	nu ts\o po a i ne i nene te gE k_hui te dz@ ts\o po a Non@` z\a le na gM p_hi	nots\o poaini eni neitegeok_hidMdz@ts\o poamM z\ale na gMpi
sadu1234	M ki lE na k_ja zi t_h@` pa	Mke nageaze davaxx
sadu1234	te ka te ka na k_ja t_h@` Go gu ts\_hi na k_ja ts\o	te kate kanaka tao gots\i nakats\o
sadu1234	nu k_huam@`p_ho gE nu	ok_hamboEna
sadu1234	k_hua p_hi a ts\o No nE s\i nE i gE lebM ne ts\o	k_hapi@`ts\omo nEts\ine igele bo nots\o
sadu1234	tso te ts_hEn z\o te ts_hEn na pO tu lE	tso dets@`iz\odetsa napatu le
sadu1234	mi mo z\i ne	miboEde
sadu1234	ts\o J_+iso ts\a l_jo s\i NE ga	ts\oJ_+isots\a los\iNga
sadu1234	p_hik_hui i ts\o	p_higo@` its\o
sadu1234	ts\o tex@` tesz= p_hu lo ga	ts\o texE tesMpuloga
sadu1234	mo pa pE nu ts\o mo pa na ts\o	mopapEnots\o mopa nats\o
sadu1234	mMJ_+i g@` m_jo x@` pu sz= de ts\o	mMJ_+igamo xabusM dEts\o
sadu1234	tsau z\au tsin sua aga	tsaz\atsez\sagaz\
sadu1234	tapuf@ gE ts_ho d@ ts\o tena lE a s\Om ts_hu lE	tapof@`itsodEts\o tenaleas\otso le
sadu1234	Notsz= t_h@ t_huisua nu	NozMtat_hoisano
sadu1234	numos@` dzo a nu xapM ts_hEn a la	no mos@`dzola xab@ts\@`na
sadu1234	tsuanm@` x@` Ga dz@ d_jo sogua ki lE na k_ja	etsomExE gadz@diosogoakile e naka
sadu1234	xa gui de	xak_h mete
sadu1234	ts\o nasz=p_ho gE dzalado ts_hi E	ts\io nasMp_hogezaladotsi@`
sadu1234	dumi ts\o lots_hMpi te pi ve tu lE ts\o O te pi ts\o li la ki	d@`mets\o lMtsMpi lEpi ve tolets\o o tepits\o lilaki
sadu1234	tex@` ne Nodzz= gE tes\a g@` sMdz@ ts_hu	t@`x@` nEmodzM tes\ag@`sMdzotso
sadu1234	dzz= du du te s\i na zi te pau gM te s\i t_ha	dzMtozizito tes\inazite pagM tes\itsa
sadu1234	tena ts_hz= a te J_+i te nu z\o	tenatsa teJ_+i ti noz\ot
sadu1234	gabM dz\olik_h@`	gab@ts\o p_hek_h@`
sadu1234	tena ne ts\o Nodzz= k_huap_ho gE vixM zo NE ga	te nanets\o NodzMk_haxogE vixM zo Nega
sadu1234	p_ha p_hi a tena lE a tM lE	papetonats\atMgMle
sadu1234	ts\_himos@` te gE z\a ts\i NE	ts\imosa tige z\ats\iNE
sadu1234	k_hEsz= ts\o zi s\i aga	k_hatsadzodzes\iaga
sadu1234	NolE te xO te xata atsz= gE sz=ts\_hin NE	monEtaateo no mone xato adzo gesMts_hegi
sadu1234	ma k_hM lo	mak_hMlo
sadu1234	aneg@`mo te i sa	ane gE mo teesa
sadu1234	ts_hz=kM d@ zis\a lodzu No mits\_hazo te b@ kM lE	tsMkMle sazits\a odza m@`mots\Male bM gMle
sadu1234	p_hits\o te p_he z\inl_jO te p_he ledzi te pau na J_+a gM te	s\its\o tepE z\ilia teE lidzM tepa naJ_+agM te
sadu1234	dz@ nu ts\o ts\i su u E	dz@nots\ots\iso @`
sadu1234	lauJ_+@` tsu	laJ_+etso
sadu1234	tena ts_ha ku	te natsavogM
sadu1234	tsui ts_he z\i ne NonE xaN@` gM noJ_+i zE nu	dzots\e nem n@` xaNe gMnnoz@`no
sadu1234	ts_h@` xM tsa z@` te ko ts\o	sExMtsap@` te gots\o
sadu1234	J_+ip_hMmo z\o zM no	J_+ipemoz\ozeno
sadu1234	i koko ts\o Non@`s\ine mi gu xO ts\o mi J_+i fi gM	ekok_hots\oonEs\i ne migo xats\omi nfegM
sadu1234	ne ts\o No n@` s\i nE	nets\omo nets\ine
sadu1234	dzz= te pe lE du lE	dzMnepera dol@`
sadu1234	na k_hua k_hua ne nex@` ne	nakoxanE ez\anE
sadu1234	k_huadMmo mudz@`mo te te E kutsi p_h@` k_huan a	k_hadM mo modzEmo te tekodzep_h@`k_ha
sadu1234	z\im@` t@`	im@ta
sadu1234	sinkuz\i gE ts\_hip_ha na mo ba gM dz@`	stinkoz\igEts\ip_ha nao mobagMdzEtt
sadu1234	mutu bE xM ts_hu gE atsz= E xEnts\i dzu dzu ne fi z\i nu ts\o	modzo bexMts\oxoge atsog@xMts\idzodzo nela fiJ_+inots\o
sadu1234	nu ts\o sinkuz\i ts\_himos@` te G@ gE ve NE	nots\o sinkoz\ts\imos@` tegM ge veNE
sadu1234	Nodze k_h@sz= pa pan dz@dz@ d@ ts\o	udzek_h@sMpaNpadzMdzedzets\o
sadu1234	No nu Non@`s\i	Nolomo mas\i ne
sadu1234	i gE zo te sz= xM sam@ z\i E ts\o i E sz=ts_hin pa aga	igezo tisMxo sam@z\@`ts\o ige sMtsi paga
sadu1234	z\inwe k_huadMp_ho te G@` E mudz@`mo te te ne	ok_hadMpo te g@` modz@` mote te nE
sadu1234	siJ_+iJ_+i ts\o tsua tsE nu ts\o numos@` l_jo NE ts\o	siJ_+eJ_+@`ts\otsado nots\o nomos@`gi No Ets\o
sadu1234	i tsuz\i te mo dzM a n@` d@ t_jO dzM lipa NonE	etsoite modzMn@` d@`xatEodzM lipaNnE
sadu1234	ts\o z\a NMmo xM z\a ve mM z\i	ts\oz\agM mo xez\a vEmMz\i
sadu1234	J_+ibobo a ma z\a	J_+ibo boamaz\a
sadu1234	tebi J_+idzz=mi tebi du z\i a ts\a	tepedzime te be dov@`ts\a
sadu1234	p@xo dz@ ts\o bE a s\ikM idM ta z\i a ts\o	xExodzots\o bEs\i kMi dM daz\@`ts\o
sadu1234	k_hobM te na ne ts\o ts\_himos@` G@ gE ts_ho ts_hz= a texM NE ga i xM NE E	k_hobMte na nets\ots\imos@`g@ getsotsa texM Nga eMNE
sadu1234	ts\_hits\_hi ts_huts_hu gM bE ki lE Namo nu ts\o i xM i fu fuke E	ts\its\iits\ots\ge begele Gomolots\o xM ifook@`
sadu1234	GamolodM mo ve ki lE a ts\i p_hi	omo nodomome xil@`ts\ips\i
sadu1234	ne i gM k@`lomo d@ k_hau zE	nEaigakalo mo d@`k_haz@`
sadu1234	ne ts\o tena ts\_hi g@`	nets\o t@nats\igE
sadu1234	atsz= E sz=ts_hin dzu a ts\o	atsMsMsedz ats\o
sadu1234	idzz= ts_hi a utau te s\o ne ts\o z\anxou NE E	edzMtsMz\avotao tes\o nits\o z\ixou Ne
sadu1234	dz\ip_he ma ts_he lE z\a dzo du ma ts_he lE z\a	ts\ibe mats\elets\odo mats\e lea
sadu1234	z\o No gE va ts_h@ G@`	z\oNge vatsMG
sadu1234	ts\a tedze xM ts_hz= a x@` ne	s\atets\e xMtsane
sadu1234	teG@`bo ts\o tena lE nu ts\o	te g@`pots\o tenalenots\o
sadu1234	i na pafa ma dzu	ono pop_ho maro
sadu1234	z\o z\a metsa mo mo EsE na t_h@` noJ_+i	z\oz\a metsamo mase nat_h@`none
sadu1234	teG@` pa ts_hi s\a gE nu z\o tsOmJ_+@` tsu	tig@`batsis\a genoz\otsoJ_+intso
sadu1234	sui G@` d@ mi z\o G@`	seG@d@`J_+iz\o g@`
sadu1234	nu ts\o k_huam@`p_ho te G@` E	dzots\ok_h@`mpo te gE
sadu1234	xas\o s\iz\au nu xas\o fi a z\a gM	xas\o s\iz\ono xas\o to feEgM
sadu1234	ts_h@ te ts\a M ki lE na k_ja	ts@` dets\a Mkile naga
sadu1234	i p_j_ho dz@ z\o te p_j_ho te p_j_ho a te ga p_he p_hi	ipodzez\o tetepz\o tepats\o te gapipi
sadu1234	ts\o zi pa s\i ts\o de	ts\ozibas\its\o tets\
sadu1234	idM ts_hu p_ho ne te ts\o i z\Eva s\i te pi gu	idotsopone tets\o its\e as\i te pego
sadu1234	ts\o t@`ts_hu gE p_j_holo ve lE	ts\o t@`tso gepz\o lofe le
sadu1234	tex@` tOm a teG@` ne ts\o	texE votoate z\@`nets\o
sadu1234	mama ne s\o t_h@` ti	mamanes\ot@` ti
sadu1234	fusz= la pa ts\_hi nu	fosM la pats\i nMN
sadu1234	tex@` ne ts\o	tMx@`nets\o
sadu1234	ts_ho te ne tsz=ts@` te ts_hEtu ts\_ha	tsote netss@`detsantots\a
sadu1234	sinJ_+a gE ts\_himos@` te gE	stiJ_+ats\imos@`tege
sadu1234	ma si pa nu k_ha wa d@` ts_he lE a t_h@` ts\_ho E	masiba noka wadaselatats\oE
sadu1234	ve gMlE a ts\o ts\_hiz\oz\o bM gM lE g@ atsz= gE	vegM l@`ts\ots\iz\oz\a bMeGa atso ge
sadu1234	ledze pa mo te mo k_ha N@`	nets\i ba mo d@` mok_haN@`
sadu1234	ato atsz= E	ato atsMe
sadu1234	nu te po a ne	no tepane
sadu1234	z\itsisz= mM ts\_hi gE nabM p_hi a ma x@` Go lu la	edzisM mMts\ige nabMpa maxaolo la
sadu1234	ts\o z\a ts\a m_jats@ nedze ts_hu ki lE na k_ja i gE lap_ha xM ke zE	ts\Mz\ats\a matsMnedzetsok_hile naga ige lapaxM kez@`
sadu1234	t_ho z@` ts\o	t_hoz@`ts\o
sadu1234	te po ane ts_homog@` neG@` k_huan a de a ne	te pon@`z\@`tsomokEnEakufantEnE
sadu1234	tse a z@ts_he ts\i a J_+a neG@` g@` NE atu neG@` g@` ve NE	tseaz@sets\iaJ_+anegag@`Ne ato nEg@`veNe
sadu1234	tex@` z@ a te te ne ts\o ts\_himos@` gE i tate NE E	texEzM ate t nits\ots\imosEgE itateNE
sadu1234	ts_ha wuaka saz\a NonE	tsaGakasaa nE
sadu1234	dumi nena ts_ha dz@` neG@` ne	dM minatsadze niaJ_+@`
sadu1234	tipa pa tsan nu tipa t_h@` t_ho	tipa patsano teparato
sadu1234	ts\_hi ts_hO tu lE nu ts\o dz\ip_he dzu dzEnu ts\o ts_hO tulE nu ts\o	ts\itsotol le nots\ots\ibets\odza nots\otsoto lE nots\o
sadu1234	i zomMnM	esomon@
sadu1234	tsz=z\O i gE	tsMts\a igE
sadu1234	tsui ts\_hi asa z\a noJ_+i zE nu z\o t@`milibM idM bi ts\a gM	tsuts\asaz\amnE nouz@` not@`mele bMi dMbits\agE
sadu1234	ts_hoz\i k_ja sz=u pa ts\_hi ts\o	tsoz\ik@`sMva bats\its\o
sanz1248	ts_>il izwinitsara iX_wij tSibitSib helt:alla salaw q:uRal barq_>ibda tSirkaderX:_waja ik_>ul	rtsil izietsireX itSibitSbelt:alasalaqal bresbarRebda SerderXwa hik_>ul
sanz1248	burtla q:abR a agur kat_> helizite daqel tsik_>alte dirX_weri niS:ala bart:sik_>al dirq_>ade daqeldaqel q:uRaq:uRa q_>ar dirX_we harhar Zu_?\rala q_>ar dirX_we harhar Zu_?\rala lu_?\buj tsik_>al berk_wanaj barq_>araj saq:araj dune? birX_we S:i uq_>i q:in:e tsab niS:ala S:ilt:se ts_>aq_>le q:in mus:a tsab	burt:laqabRa agurkat: helizit:i daqiltsik_>alt:i dirXari niSala bartsik_>aldrq_>adi daXeldaqiluRaquaq_>ardirXi har harzurallaq_>ardirXi har har zuralla dubuintsik_>al beranaj barq_>aisaqara j duneebirXeSe q_>iin nitsabniSela Siltits_>aq_>elleqiin musatsa
sanz1248	razi iXuble il durX\u_?\ra tSirkawqun:e qa_?\S kaRibtsar hel aZdaha	reRazi jXublidar haratSirkawqune Xa_?\SkaRibtsaril aZdaha
sanz1248	hel t:ura uq_>a_?\n bik_>ul Supirtal t:uraaRibda helka aaturda zaprawit	hel t:uraq_>embk_>uSupirtal turaRibdhelkauruzapalts
sanz1248	hel sa_?\q_>a_?\n zamana tSula S:a zunra S:ante bik_>ults ab u abdaldew ma_?\q_>a_?\t:a	hil saq_>anzamanatSula Sa zundaSan t:ebik_>ultsab abdalde maq_>at:a
sanz1248	hel tSak_>a biX_wara ja sub ja xunul wiX_wij >\a_?\Runil tsab t:silibk_>an wiX_wij >\a_?\Runil tsab S:ante razi birXulak:u tsarat_>le	it:ulgiheltSak_>abiXur jasub jaxunud juXjtsibtsilibk_>a biXe antsaw SantirazibirXulaguzaradle
sanz1248	aRts_>allara darq_>ible tSariXuble aRts_>alla darq_>ible xuibil bar agure t:silibtS_>i	aRts_>alar darq_>irutSariXuble aRts_>a darq_>eble xujbil barq_>aguretsilibtSi
sanz1248	tsin:a uruXdexlij dek_w_> iXub urk:ar rik_>ul berq:ib tsab il agur tsar	tsina uraX dexli dek_>iXub rurkarrik_>ul jarqibtsaldila agurtsar
sanz1248	ik_>ul tsaw qurban il q:ul:uqra arZaqanda	t:kum sik_>ultsaq_>urban t:a_?\kims il qulXr arZiq_>Xanba
sanz1248	na dul dila da_?\>\la amzudex bart:Sij bahan:e dila barq_>ij bahandan hatSibilde het:u	nadul dila da_?\XlamZudekbartSibhane dilsubi atSisbarebhand hatSibilit:urd
sanz1248	hana dul bursulda Xabar qix:unajla bik_w_>an Xabar tsab	ana dul bursulda Xabar qiSxunala bik_>an Xabartsalb
sanz1248	ts_>aq_>le q:uRal buZibte tsab Xalq_> arS:i dirX_wri niS:ala s:us:ul:a ma>\a_?\ra ts_>il at:se dul bursil:e helt:i dibX:eri na heXt:i iXi irgulew dul dursul:e	ts_>aq_>alequRalbuZebt:etsab Xalq_> arSidirXer niSela susul maarratsil atsi dulbursill hele debXeri nejXtiiXi irRulew durdursalbe
sanz1248	nik_>atse birq_>a rik_w_>e latsli tSiburqa_?\ rik_w_>e it batit:i marka tSibirq_>u azajla rik_w_>i ts_>il kembal:e uq:u rik_w_>eri mila_?\q:al:e buk:u rik_w_>eri itit:e tsak:_wale berRuble zari kabirxwit:e t:Sak:_wa zar argar rik_w_>eri helizid >\a_?\q_>luppal bursiri salarka Xalq_>	nik_>atsibirq_>arik_>ilatslitSibarqarik_>li itbatit:i markatSibirq_>ualza hele rik_>its_>il qemball uqurik_>iri meleqali bukurik_>iri itit:tSakuarbirq_>ub zarikabriiak:alza razbarlik_>iri helizidaq_>lubbalbursilisalarkaq_>al
sanz1248	helt:i dit:Sible qili saatS_>ibda	ilte ditSible Xelisat:ebdar
sanz1248	hek_> ts_>a>\a_?\ldark:i pirmal:a xari makajtagurka gurhas:ib maX hek_> qar qable turabiq:ade hek:a hak_>barq_>ib maX qili kabiq_>adi amhala deXbira dirX_wi helt:i tsik_>alra dirX_weri niS:ala muXre hit:iiqan S:aladikaraj sarka k_w_>ijna qili kadirRadi	hek_>ts_>a_?\ldarkiphirmarlaxari makajt:a gurkaRurhasi maX hek_>qarqa_?\ble durebeqadi hek_>ak_>barq_>i maXXilikabeqadi amhala deXibiradirXhelt:itsik_>alda derXireniStSelu amuXrhere idejqani Sela dikara isarkak_>nqilikad irRadi
sanz1248	helt:i t_>ult_>e duts_>ul dukade met:sal:a nerR dirq_>adi metsla X:ink_>i dirq_>ade metsla bart:sik_>e dirq_>adi nis:e?la dirq_>adi digla dirq_>adi ts_>il lu_?\buj tsik_>al lu_?\buj harhar tsik_>al kaX:ali daxadi q:azali kur>\laj ts_>il at:se dul bursil:e qa_?\ri daxade helt:ur ta_?\dal kurek:ali harhar tsik_>al dirX_we niS:ala	helt:it:ult:i dults_>ul dukadi metsala nerR dirq_>adi metsla Xink_>edirq_>adi metsla bartsik_>e dirq_>adi nisela dirq_>adi digla dirq_>adits_>illubbujtsik_>al lubuj harhartsik_>alkaXalij daxadi qazalikurlajts_>ilatsi dulbursilluqa_?\ri daxadedurt:edarqurekkali huri hartsik_>al dirXini
sanz1248	wallah ha?ibda hel t:silibk_>an:it:se harik:_wa bursa ha?ibda ul daq X\a_?\kimdex dit:Saqun dila ut:siq_>arlij	wal haebd heltsilibk_>anitse harakubursaibdul daXakim diXditSeXun dile utsiq_>arlehe
sanz1248	abdaldew u bik_>ults ab watsara ala rut:si aZdaha agur tsar libil Xalq_> aS:ala kulpat berk:un libil S:ante berk:un hana ura uk:ande	abdaldewubik_>ultsab watsar alarutsi aZdhagurtsar libilXaltsala kulpat: berkun libil San t:e berkun hanaura uk_>ande
sanz1248	ha hetil het kat_> hilawa tSar iXuble t:urasa_?\q_>un:e sala_?\rk_>a haberX:ur dila	illahekahiliuatSaliXubet:urasaq_>unesalerk_>aaberXurpadebmul ebdela
sanz1248	hel gurajt:sur zamana dila ulbe het kaSled kelgun	helura it:ultsamanat:ila wulbe hekarSlekelgun
sanz1248	dul isluZba admide du	dul islulba t:aq_>libpaslulSeni admididu
sanz1248	a hext:i ik_>ulda dik_>ardex ak:_war uts_>rantaj miSi kabit:sur dam tSujnara agurda het:u	aixt:i est:untsibidu ik_>ulda dik_>ardixwak_>ruts_>urandahemiSkebitsurdamtSuinaraRagurda it:u
sanz1248	X\a_?\Suk:a tSegure it er ikarurk_>ultsar wiw Xewel	haSuk_>atSegur i errikarruk_>ultsar biw Xebel
sanz1248	ts_>idex wats_>at:sed kusa dik:uldel	tsiniX watsatsikusa dik_>uldehal
sanz1248	hatira q:uRal dalditSaqible wik_>ul tsab hel wallah ja sub wiX_wij >\a_?\Runil tsaw ja xunul	hatiq_>uldalit:etSaq_>Xebl ik_>ultseb walleRdi jasudiwXemtsib jagunuul
sanz1248	ts_>il at:se t_>upugle qulexme lidil tsik_>al daqil lette	tsilatsibur sillet:upugle kulaXmeelal leriltsiwuldaqillet:e
sanz1248	tsa zunraS:u agurda k_w_>iibil >\a_?\bibil zunra rart:Sibda	tsazundaSagulik_>ijzi abbilzulrartSibda
sanz1248	ts_>ili ramazan bik_>ul t:silibk_>an administratsijala lewde	tsili ramaza bik_>ultsilibk_>an galwadimistratsileb dehen
sanz1248	tsellij ik_>ulde heXRuna barq_>ibde	tsilli ik_>uldajXuna barRebdeu
sanz1248	sabeRib wallah bik_w_>ar SaXtalt:se daxante bik_w_>ar dabrawultsabe	tsabelbewulmal hebigwarSaXt:altse daXantebik_>war dabrawutsabe dawaj
sanz1248	xunul ter hanara	xudult:eranara
sanz1248	wets_>nu k_w_>ira dus tSa_?\Rir dikadi	wetsnukirauzaludlebtSRir dikadi
sanz1248	nu belk_>un tsab q:uRatse statja heXil X\a_?\dur barq_>ib tsab tSum tSum tse birq_>ulde	u belk_>untsabquatsist:atiaXel hadurratsatSumugsut:iXtSum gikt:aartsebirq_>ulde
sanz1248	tsajna markala hit:i tSeruqun tsar qar qalsa qa_?\rS barq_>ij	tsajna markalla hit:itSeraXuntsar qalqaltsa XarSbarq_>ij
sanz1248	>\isaq_>adi ik_w_>ar >\isaq_>adila itwarja q:ulluq:e ahadurX:u it wetSna tSinak_>al t:urawqut:el ja juldaS:e ja q:ulluq:e kam abirX_war	isaq_>adik_>war isq_>adleturequluqihadurXu ik_> beSinarSirek_>alturuwXute jejuldaStSe jaquluq_>ikama birXwar
sanz1248	buts_>are hel berk_wij ajXuble babq_>i berkun:e babq_>i aberkun:e gurhadertS_>ibda helil	butserrehelberke jajXui babRi belkui bawq_>aber kunde guradehts_>ibde helirk_>
sanz1248	tSiduqun:e hel aZdahaj bebtS_>aqibts ab bebtS_>a qibtsab aZdaha	tSiduqudne hel aZdahaj rebtSaXibtsarbietSaXibtsaq_>aZdaha
sanz1248	maSin kabature hajRi k_w_>i ditSib	maSinkabatur hajRek_>ilitSi
sanz1248	hari ramazan wik_>ul tsaw selsawetlit:se tsa bar t_>aSi t:saqa hek_> aS:ala tsa bar hel aRts_>alla darq_>ijsat t_>aSi t:saqa	hari damazan hak_>ultsaw Selasi wetlitsertsabart:aSitsaqhajk_>aSala galawatsabar helaRuts_>ala darq_>esabt:arSitsaqa
sanz1248	ilil hatira q:uRal dalditSaqible	elzamana ilil hatireq_>qul dalditSaqeble
sanz1248	gursaatS_>ibda dul padjemni arts haas:ibtede	k_>urtsatSibrat:ul padijumni artsasiltede
sanz1248	amma tsabi kiljanus hel barq_>ibil tsab mar Xabar tsab Sutkala Xaburte ak:u	amats_>adigillalidabarq_>ebilts ilmarRabarzaq_>iXdi iXtitSutkalRaburdeku
sanz1248	uS:kul ba k_>ebde uS:kul k_>ebli xar niS:ala kamtsede Xalq_> kamlide ts_>il uts_>ari baS:eri niS:ala duX\ilt:se t:Sa>\a_?\l:a ixle baS:eri sa>\a_?\t k:aal dirkul na helit:e q_>an:i	uSkulbak_>ebde uSkulk_>eblixarniStSala abra zawanjakXamtsedehalkamlidets_>il utseri baSiri niStSala duhilbtsetSaalla uxil baSiriq_>nisa_?\t:kaaldirkuln helit:a habaSiriq_>anne
sanz1248	helt:i Ra_?\jmi k_>ed kaduqun:e X:ula s:ik_>urbera harhar tsik_>alra k_>ed erit:iwerk_>ut:e Ra_?\j kabatS_>ib tsab helt:i Runa musni k_>ed hext:ud hext:ud X:ula qa_?\ra k:alk:i k_>ed kurek:ala k:alk:mi k_>ed ut:an musni k_>ed nuS:a ba>\urmat:ser tSida daxade s:ikala merg k_>eb hext:u s:ikala mergle baxul hel s:ikala merglerka k_w_>el >\a_?\bal s:ika turakaq:ib durX\ne bal:i kaxub	helte Ra_?\jmik_>edkaduXudne XulR sik_>ur bera harhartsik_>alnik_>ed erit: werk_>ut:e Rajka batSibtsab helteRud musnik_>ed ixud iktudXulaqa_?\rrak_>alk_>ik_>iadqur ek_>alak_>alki mik_>ed ut:a musnik_>ednuSSa bhurmatsetSel daxadi sikala merk_>eeb jekt:u sikala mergile baxul el sikala mergilerkak_>eel bal sikat:urakaqeb durhnibballi
sanz1248	nu du wak:_warxar aRts_>alla darq_>ij uS:al	nuhele duwakurkaraqts_>adarq_>idq_>ar diriXan durSal nawerna
sanz1248	wallah Rubza	allaRuze
sanz1248	S:ilt:sew er ik_>ultsaw tSak_>al tsa?arah admi wak:u	Siltse erik_>ultsaltSak_>altsara admi waku
sanz1248	ts_>il rik_>ults ar dam arillalij Xurej glij wiq:anda	ts_>il rik_>ultsar dam arillali Xurili wiq_>qandar
sanz1248	uruX diXub s:ikni Ziq_>ni ak:_wi tawbu astaXpirul:aghnu Ziq_>ni tsad heXt:ur ta_?\dal heX X:ula ark_>ut:se ark_> lebde heXka heX t:Similsa kaq:ib helt:i t:Similsa kaq:ible tsada?le tsada? tibuqun:e helt:al tsara belXanaj abiXub hel tsa belXun tsa taX\turabuqun:e agur biX_wi belXun:e helila	uruXdiXub sikni Zaq_>ni akit:abast:aR ir ullahna zjq_>nitsad heXdurtedal he Rula ark_>uts Xulaark_>ilebde heXikajXtSimilsakaq heltitSimil sakaq_>qibletsadaletsada dibuXui helt:altsarabelXuna ebiub heltsabel Xuntsa ta_?\ht:urbXui aguri biXwi belXundi helila
sanz1248	u ak:_war aRts_>allara darq_>ibda q_>ulhulera daSibda u ak:_war aRts_>allara dirq_>anda uq_>a_?\n ik_w_>ar	uakaraXts_>alar dark_>iebda Xts_>ald bariq_>arq_>ulhaltaSiban uakaraXts_>ular dirqan uqenekwaRra
sanz1248	ts_>il at:se dul bursil:e muzal:a sala bik_>ul k_>ebil tsab ts_>il ga_?\ ilk:a qu bik_>ul k_>ebil tsab ts_>il at:se dul bursil:e tse tsabe >\a_?\X\>\a_?\X\le qumurtul tsad helt:i dam	ts_>iladts_>i dulbursille muzallasala bik_>ulk_>ebiltsabts_>ilmihaledirkaqubik_>ulk_>ebiltsats_>iladtse dulbursille tsetsebe lqumurt:ultsa dilts_>idan
sanz1248	a u ik_w_>ar witiqut:e heSt:uw Saharit:sew abalXan Saharit:sew	eaujk_>uar wit:iqut: iSt:uS haritsi abalXansi haritsir
sanz1248	il durX\u_?\ t:urahawqun tsaw hel zamana q:aplit:ser da_?\>\a_?\na iS:ib tsaw	il durha t:urawuquntsawilzamana qaplitsir daan iSibtsa
sanz1248	itil darq_>ib hadirRan:e ts_>il	it:ildark_>eb hadireRandatsel
sanz1248	istalin webtS_>ible bis:ul Xalq	istani webtSible bist:ulXalq_>e
sanz1248	dura het meqlew kelgunda ut:Sul ukun:e	durait meqilebi kilgunda utSulq_>ukulne
sanz1248	Saharit:sed dak:_wi	SawaretsiedSbitapurte daki
sanz1248	tset_>le barq_>ij >\a_?\Runile wallah bik_>ults ab hin hit:iriRan mus:a birq_>ants ab deq_>a haderX:ure hin hit:iraRij	tset:le barRijaRnle wallaabigultseb hinit:iriRabnutsabirq_>antsab deq_>aXederXwar hirit:iraRej
sanz1248	rut:sira razi riXub tsar ilra Sak itSibtsaw it:i Xalq_> bik_w_>an mar burk:ar ik_>ul ilit:se tsik_>al ha?iblek:u	rutsira razirXubtsa illa SakitSibtsamna it:iXalbik_>an marburkar bik_>uliltsitsik_>ala iblek_>u
sanz1248	agure bursib tsab it:i X:ulatat:se ilt:ali wallah hel ik_w_>iri wa_?\X\ hinra dik:antew iSt:u bik_>ul	hagurebudsibtsa bit:iXula t:atse iltali walla helik_>iri wa hinda dikantewiZt:ubik_>ul
sanz1248	hel Runa X:ulas:anad qazal:a tse	elRunaXulatsanadRqazallatse
sanz1248	>\a_?\sil burt:Si het:i Raj abik_w_>i hettal abursi	aasilburtSete waj abik_>ital abursi
sanz1248	helRuna amzudexla q:uRatse mus:a tebde	kelRuna amzudexllaquRatsi musat:ebde
sanz1248	het:u agurilda	maldabiitawagurilda
sanz1248	ts_>il dertSible tsin:a mat:sara agur tsaw qili	tsil dertSibletsina matsara agurtsawqile
sanz1248	gursajtSible hel	natsanalisk_>ursatSibla he
sanz1248	tsa Zuma_?\>\ kelgunda tsa Zuma_?\>\	tsaZuma pujedilewkelgunda tsaZuma
sanz1248	sa_?\>\a_?\t tsa ditSible dut:Silla sajRibtsede du	bulnutsat:tsaditSibdutSus ejRibtsiddu
sanz1248	daxanda qus dik_w_>ij dam >\a_?\X\ mus:a balXad	dawaj daXanda qusdik_>i dam ahmusa balXat:
sanz1248	duts_>i k_>ul duts_>i k_>ul erit:i sark_>ul lerel rut:si rak:ujal ik_>ul hel	duts_>ik_>ul duts_>ik_>ul erit:isark_>ulerel rutsi rakujalik_>ulbil
sanz1248	qili wiagur tsaw ler tsin:a hel rut:si	qili begurtsaw lertsina hel rutsi
sanz1248	ilt:uw kelgunda aRts_>al bar banitSnilew	ilt:u kelgunda awtsalbalbanitSnie
sanz1248	kelgunda tsa batsdel k_w_>el abalXad saweRib tsa	warun iZlekelgunda tsabatst:ek_>el batsk_>el abalXatsabeRibtsakapitan
sanz1248	sajRib wallah saldat >\a_?\Rnil tsaw ik_w_>ar	apit:an sajid walla salda taRnantsiribwats
sanz1248	darq_>ible har tsik_>al tSula buq_>un:ets ab urX:ab k_>apa barq_>ib tsabi	darq_>eble hartsik_>altsula buq_>unetsa burXawapa barRebtsa bi
sanz1248	k_w_>el admi tsan bikardel >\a_?\b admi xun:a ba?le t_>aSk aRible maSinte birq_>ulde het:i Xalq_> helt:ub helt:ub	k_>admitsambikardil a_?\badmihu aXuna balit:aSkaR blbini maSindprapuskatbiraq_>uldeeti Xalqatsiwilizatsia it:ubit:ub
sanz1248	xujal du_?\rX\u_?\ led:e nuS:a >\a_?\bal nuS:a daRistan:ade k_w_>el >\u_?\rus du_?\rX\u_?\de	Xujaldurhulet:i nuSa abal nuSa dRest:ana dek_>wel rasdarhude
sanz1248	heX q_>uts_> iXuble >\a_?\si tsaw dukalt:i kerX\a_?\n tsaw ik_>ul Za_?\ndaruw tawlu tawluewitS belk_>un:ede	iXq_>utsuXubla hasiXbdukatsitkr hantsa bik_>ul Zandarawt:awlu tawlu iSbelk_>wdd
sanz1248	tSidal ts_>a>\a_?\l:ark:i daxade bet_>al:a aqli tsada?la tsada?liS:u ut:siurS:be agure u_?\ldaS:e agure tuXumla hana tuXumtia_?\rkara ts_>aq_>le bit:sil helit:e daxul tsada?la tsada?la mau_?\bk_>ni bik_>ul tsab hana helt:i dirq_>adi	ixt:untSidalts_>a a_?\larkedaxadib healaqlitsa dalatsa daliSu utsurSbegur juldaSeguri t:uXumahlu aguri hanatuXumt:ijarkarats_>aq_>li bitsilhelie daxultsa dalatsa dalam ejubk_>ni bik_>ultsabana ilt:ind irq_>adi
sanz1248	haburX:ul biX_war rik_w_>ar tsarara badra bikat_>ible tSarsabarq_>a Xalq_>li da_?\>\le ts_>il bits_>a	XaburXulbiXarik_>urtsararabadrabikat:ibletSalsapalXajadala beRatSiblitsil bitsadl
sanz1248	qiliw kelgunda tsa batsdel k_w_>el batsdel aX:u	qili kel undatsabasegenbasdel aXul
sanz1248	er dik_>ulda Xuzmag lebde q:uRatse kabit:sure	erdik_>uld Xuzmak_>lebi quwatsikabitsure
sanz1248	k:alkmaj er tSimaurk_>ut:a ik_>ul er tSiwertS_>iblek:u ja_?\X\ barq_>ible	galkmaj ertSi mark_>ut:a ik_>ul ertSi bertSibleku jah barq_>al
sanz1248	agur tsar rut:si t:ura	agurtsar rutsi t:ura
sanz1248	hel rut:sil ra?riS:ib tsar buk:un:e k:alk:i kabikaraj	rutsil raSibtsar dukunel bukune kalki kabikaraj
sanz1248	t:urahaq:ible helt:i S:antera libil razil barkalla bik_>ul	t:uraXqibli hediSamt:ira libil razil barklabik_>ul
sanz1248	waS waS dihaduqunda	waSi waSdiaduXunda
sanz1248	agurda >\a_?\rmija le witeRibda	agurda armijellets_>kiwa iteRebda
sanz1248	u ha?ibda dila qal >\u_?\t_>b uquntsab qiliw tSak_>al wak:u aba rebtS_>iblets ar	ulla hibdadilaqalaq_>t:buXuntsal qiliwtSagal waku abrebtSibletsar
sanz1248	helij urk_>tSiw uqunda	heligurutSiwaXunda
savo1255	telo saraputuna tei ai lo B_oeJJ\i lautu ota lo maJiM\ala soma andaki Jumbae tei	telo sara putune te alo B_oeJJ\i lau totalo maJiM\ala so manda kiJombaite
savo1255	lo te lo Nai muzi amuM\una mbazu	lo tolo Namuzi amiM\ana mbazu
savo1255	teze lo ma lo ndunduroNo sileli soa mapaM\ana ma Ngelea o ite sue tei	tezalo malo nduduroNa sileli so mapaM\ana mal NM\elea oitesue tu
savo1255	to mauna ka aB_oei	to mauna kaaB_oe
savo1255	kia no M\oi loB_ou lau piaM\ue	kienoM\o loB_oulau piaM\ue     M\
savo1255	telo M\omalo M\oi M\aJJ\e mburiNka Ngelei	telo M\omalo M\o M\aJJ\e mburi NM\a Ngele
savo1255	te M\oi izi iB_oa tulola lo mane mbaM\ue	terekoiziB_oatulalola mane mbaM\u
savo1255	tulola zeB_oa izia lo iB_oa tulola zeB_oa Ngola samu zeB_oa lo zalalia keze azu kaM\olia keze ze ka manamanaliM\ue ze laM\aso palai M\oi	tulola zeB_oa izalu iB_oa tulola zeB_oa NM\ola samu zeB_oa lola zalala kezeM\NM\azu kaM\ola keze ze kamana manaliM\u zeB_oa laM\aso palaM\e
savo1255	teiM\u pono	keM\u pana
savo1255	sondoali tulola to piaM\ue	sondoaletulola to piaM\ue
savo1255	loma raM\e tulola ko lona mbo lo poM\ala aB_oua lo kama pa endo mbatuM\ana kama neM\a taui	loma raM\e tuloloko lonombo olo poM\a laB_oualo kama endo mbatuM\ana kama neM\a tauM\li
savo1255	soM\aB_oili zelo raM\eB_oili	soM\abeM\eza raM\eB_oil
savo1255	teM\o M\oi pa neM\a sua molala mbo te ze M\oi tei sua kaka saB_ouliM\ue lo ndulo molaM\ana zoB_oei kama kauM\u	teM\oM\upa nelo samolala mbote zeM\uM\u teso kaka saB_oilo lo ndulo molaM\ana zoB_oekamu kaM\o
savo1255	sukili saili lo sua loB_oa lapi	sukili sali lo sualoB_oa laaa
savo1255	lapoi M\anaM\ana	lapiM\ana M\ana
savo1255	ma ndulo kapisi B_oilili sua mapaM\a	mandulo kapi si B_oilele sa mapaM\a
savo1255	telo kulotu kao aB_oualo ataleM\ana taui	telo kulotu kao aB_oolo ataleM\ana taM\ul
savo1255	ze ota patu lona iM\e toala lo samu lau eB_oua telo lau rerea lo poM\oro mbatuM\a laB_oa sua loB_oa mbaM\ue lona	zio tapatu lo niM\e tala lo samu laueB_oua telo laurerea lo poM\o ro mbatuM\a laB_oa sualoB_oa mbaM\uelona
savo1255	tialo M\aB_oi kao mbaialo mba mola siM\i M\oM\orali lau liaza soM\a aB_ou te ko andakkon soM\a aB_ou teto lo mola raM\ili lau sarai	taloM\aaB_oikao mbaalomba mola siM\iM\oM\orali laulilaza soM\aB_ou tekoandakona soM\aB_ou te to lo molaraM\ilaB_oa sara
savo1255	telo pa maJiM\a lo patu	teM\alo pamaniM\alo paaea a
savo1255	roko sarili ta mboM\uena	roko saril tamboM\ona
savo1255	tulola eM\ata sua maNana zamba tulola ze lo ndulo Nai mapaM\ana mba koluza zui	tulola eM\ata samaNana zamba tulola zelo ndulo NamapaM\anamba koduza zue
savo1255	ko ko ka alu kambuM\ue	koko kalu kambuM\e
savo1255	zu kona eneli kambua teitu ko ka mboM\ue	JJ\ikonaenle kambo teete kolo kamboM\ue
savo1255	ropo tulola izi iB_oa lo ropola lo te teiM\u loB_oa laM\aso lou laJJ\ua telo teiM\ue ai lo JJ\aiJe toB_ooali tai sala zeJe lo B_oeJJ\i lo taB_oe mbatu ota alalia lo taB_oula telo tei keJe ota mane B_oiliB_oili ndukundukuM\ue tei	ropotu lola iziB_oa lo ropola lo te teM\u loba laM\asuloM\ulaJJ\o telo teM\o alo JJ\aJe toB_oala tesalazeJe lo B_oeJJ\ilo taB_oe mbatuota alala lo taB_oula telo tekeJe ota mane B_oiliB_oili nduku ndukuM\ete
savo1255	oma poM\oro mbatuM\a laB_oa mapana NoiJizu teJe ailo iB_oaM\ula mbo leM\e tei	oma poM\oro mbatuM\a laa mapano NoJizu teJe aluiB_oaM\M\ula mbo leM\ete
savo1255	taM\a pia keto taM\a pa tuana Nai mbela toB_oa aNgutiliM\ue	taM\a piaketo taM\a pa tuNM\ana Nambela to B_oaNM\utuleM\u
savo1255	zu lo poi lo sua loB_oa lapina ma lomatatu tomatatu lo Jari lomata	dulo pozlo sualoB_oa lapina ma lomata tomata tulo Jarilomata
savo1255	kuli zamba keto toB_oa mbo pau izia pau iziM\ue	kulizamba keto toB_oa mbo paM\uizia paM\uziM\ue
savo1255	lo lo kama pale lo Nai kesila ka raM\e aleM\ue lona	lolo kama palelo Nakesila ka raM\ealeM\uelona
savo1255	JaM\oala no Ngele pale teno kaJJ\ia mburiNka zauM\ali lau mbo	JaM\oalano NM\ele pale teno kaJJ\a mburiNika zauM\ali lau mbo
savo1255	moka ka no no kinu tei kia aM\e M\eza kinuM\alaM\e te aB_oezu ota kao maJiM\a kambakambala te	moka kanono kinu tekeaM\eza kinuM\ullaM\ete aB_oe zota ka maJeM\o kamba kamba late
savo1255	mola tuB_oila mbua telo mola manamanalia telo selo manamanalia telo kaJJ\ia ndulo kapisi	mola tuB_oila mboa telo mola mana manali telo selo mana manali t telo kaJJ\a dulo kapisi
savo1255	te ko andaki Jumbakona tei mbamboa teme taM\a ai tuB_oila mbo tei	tekoandakiJumba kona te mbambo teme taM\a tuB_oila mbote
savo1255	ma noB_oa mandaki koB_oa samu kuroli tukaM\o oma aB_oe Nai samu te lameB_oiJi soma memere samu pono	noma mandaiko samu kuro tuka M\omaB_oe Nasamu te lameB_oun somemera samu pon
savo1255	aluatu mbua ko kulaM\a lo mane lo mbinambina mbo ei roko	aloa tu mbuako kulaM\alo mani lo mbinambinambo saeroko
savo1255	poNgala eM\ata kama aiB_oa ndukuli kia ai te ka lau mboM\ue	poNM\ala eM\atakama aB_oae ndukuli kiteka laumboM\u
savo1255	B_oirili kia noB_oa lo penu te lauM\ue lona lo penu lo mumuno te ekati lola te M\alololi tai lolo polozi	eB_oirilika noB_oa lo penu telaM\uM\elo lo penu lo mumuna tekati lola te M\aolololi talona poloM\i
savo1255	telo tei mbua mbua mbua mbua ko totoae lo kauNa lo maJiM\a lo kauNa	telo tembuambumbuambua ko totoali lo kauNaM\ lo maJiM\alo kauNa
savo1255	katiJe mai samu mai kemo lo ndulo kapisiJe ekati sumbali tai	kateJ me samu me kemolo ndulo kape siJiketa sumbali tell
savo1255	mba tulola toB_oa ma toB_oa mapamapa laka saB_ouliM\ue aina elakati au tai tei	mbatulola toB_oa matoB_oa mapa mapa laka saB_ooli na la katiautaide
savo1255	pindi pala laJJ\u tulola liazaM\ue	pendi palaJzo loliazaM\u
savo1255	telo lo Jarina tei none te Naie nona	telo lo Jarina te none te Naenona
savo1255	tulola ndukiputu loB_oa tei patu ko tumbutumbus soma andaki ka kau kaM\a paleM\ue	tulola nduki putu loB_oa tepatu ko tumbu tumbosomandaki ka kau kaM\a paleM\ue
savo1255	tulola pa maNala lo ma lo kaluM\a zepo sue lo tanda mapana	tulola pa maNala lo ma kaluM\a zepo soe lo tanda mapana
savo1255	tulola toB_oa mbola mbola mbola mbola lo polo lo mane au tau tulola loB_oa aB_oeM\ue	tulola toB_oa mbolambolambola mbola lo polo lo mane autuau tulola lo B_oaB_oeM\o
savo1255	ndukiputuna M\asei	nduki putu na M\ase
savo1255	loB_oa endo andaki Jumbalo loB_oa taua kelo luJJ\a tia kelo lo mbotu lo maramaneze mane M\oi liaza kuli mbaM\ue ei ka mbaM\ue	loB_oee ndoandakiJumbalo lo taM\a kelo luJzatea kelolo lo mbotu lo mara mane zemaneM\u leaza kulimbaM\o ikaombaM\ela
savo1255	to tonezalo to kama aeM\ue lona	to tonezala toka maeM\uelona
savo1255	laM\aso pala te loB_oa tamaJJ\i lo korikori tamaJJ\i lo lo ka tataM\oli	laM\as pala te loB_oa tamaJzi loB_oa ku kuri kuri tamaJzi lo loM\ka tataM\uli
savo1255	NgiluM\i tulola zeB_oa ota mama ko maJiM\a zeB_oa pozoM\o patu mbua mbua mbua mbua	Ngiluuti lola zeotaze mamu ko maJe zeB_oa pozoM\ompatumbuambambambua
savo1255	tulola lo M\oi endoM\ana M\oi mbamboi poM\oa ei iM\iaM\ana JaM\oi te iM\iaM\ana mburiNai	tulola loM\o endoM\anaM\oimbambu poM\o kiaM\ana JaM\u te iM\iaM\ana mburiNai
savo1255	telo kuili kaka saB_ouli ma ndaisa patulo ma mbua tei zelo	kele kulikakesao ma ndaspolo mambuatezelo
savo1255	tulola ko M\oi pa iM\iB_oa sua pa mili lau tulola ko iM\ia keokeoM\a ze seM\eM\ue	tuloa koB_oaimboiM\iB_oa sapamili ladulolako iM\a keokeM\aze seM\e
savo1255	lo loB_oa tonena taM\a lo mbamba napula epiatu taulitu	loloB_oa tonena taM\a lo mbamba napuloepatu taunleto
savo1255	neu JJ\aila telo	neu JJ\ala telo
savo1255	ka lo eM\e lomata ze te mbatu	kalo eM\elomo tas te mbatumu
savo1255	tulola kakamiM\u lo kama zuiM\ue lona ma kama apoi to Jumba lo ka sondoati	tulola kkamiM\ulo kama zuM\uelona ma kamapo to Jumbalo ka sonduati
savo1255	mba tulola loB_oa kama mba lo ndulo samu M\oi lou laJJ\uM\ue lona	mbatulololoB_oambo kaB_oa mba lo ndulo samuM\uloulanzuM\uelona
savo1255	telo ala tei	teloalate
savo1255	mbua telo kao Nai toa suM\u kao mboM\ula lo mbualo pa andaki Jumba te keM\eaM\o JJ\aila epialei lo Nai kato taM\ata	mbua te lo kao Nato suM\ukao mboM\ula lo mbualo panda kiJumba te keM\eaM\o Jzailo epeale lo Nakato taM\anta
savo1255	eo lo ko lo kapisie te tei sua	eoloklo kapesete teso
savo1255	lo pono saB_ouli laJJ\u tulola lo ka liazaM\ue	lopona saB_oulana tuloala lo kalizaM\o
savo1255	mbo ota sara tulolaze lo mapa l lau tautu lo eM\e lo elu leM\ei	mbota saratetu loze lo mapallaM\u tatuleM\e lo eluleM\e
savo1255	to M\oi lo polo leB_oo laJJ\ua keze sapilia keto ma zena zeB_oa louM\u matali sua papale lau loi zu aina lou laJJ\u tai lo polo	tuM\olo polo leB_oo laJzokez sapile keto ma zena zeB_oa loM\umatelo se papale lau loM\zoaneloulandu telo pol
savo1255	apoi ai ekati naka saB_ouli kia no pala salaM\u pono tei	apoekatenaka saB_oukia no pala salauponate
savo1255	lo leM\ea telo teiM\ue lapoie kuli mbatu lana tei	loleM\ea telo teM\u lapoM\e kulimbatu lana te
savo1255	tukaM\o late tei kotokotoli kazikazili tuka lo ka lona oma M\oi kototu lona ka pau tondoM\a malitu	kaM\o late tekotokotoli kazikazile tuM\ kalo kaliM\o na mu koto tloka paM\u tondoM\a malitu
savo1255	pale lo taua teze poi lo ropula pititia teze M\oi neu sotei	pale lotaM\ua tezekelo ropula piti te teze M\e Jeusote
savo1255	te lo suana lau enei no Jari tonena atalo te no kekealitu lo B_oeJJ\i mba laui M\oi	telo suana laM\ene nona Jari tona natalo te no kekeli lo B_oeJJ\i mba laB_oM\ue
savo1255	lo kama liazaM\ue lona lo suana	lo kamaliaazaM\o lona lo suana
savo1255	tona lo B_oaka late tuka lo B_oaka lo kama M\oma M\oi mboM\ue lona kama pande tondoe lona kama	tono loB_oakalate tuka loB_oakalo kamaomaM\u mbouM\uelona kapande tondo lona kama
savo1255	kulo lo sua lomata	kulolo sualomata
savo1255	pa mapa	pa mapa
savo1255	zu alae ko kakamora koB_oa lo B_oere ko te eneliM\ue	loelo ko kaka mora koB_oa lo B_oereko teneliM\ue
savo1255	tulola mbo tulola ze kulaM\a laka teiM\ue ma aB_oena kati naka pale tai ata tei	tlola mbota lola ze kulaM\alaka teM\o maB_oeneM\a te naka pale toaM\atate
savo1255	kaJJ\ia lo pa kaJJ\ialo laua telo kakau ponola mburiNka zauM\ali lau mboi	kaJJ\alo pa kaJJ\ala laM\otelo kakau pona la mburiNe kala zauM\ala lou mbu
savo1255	ndaisa patulo	ondasa patulo
savo1255	zu teno lo sua laB_oeli tei	ozu tenalo sualaB_oelite
savo1255	zena kauNana ma tauM\ia tauM\ia tauM\ia kama M\oma M\o M\oi liaza mbai lo loma Jumbakona	zena kauNana ma tauM\ia tauM\a tuM\aa kamaomoM\oM\ulazamba lolo lo ma Jumbakona
savo1255	lo lo mane koB_oa NgeleNgele leM\eM\ue	tlolo mana koB_oa NM\ela NM\ela leM\eM\u
savo1255	no napu toala te noB_oa lo napu loB_ou lau alea te lo raM\ili tukalo te mane pisuza sue	no napu toalate noB_oa lo onapuloB_oulaM\aM\ateno raM\ili tukala te mane pisuzasu
savo1255	mbua lo kauNa loma Jumbakona ota epiatu poM\a sukilia palei	mbualo kaNa loma Jumbako notepa tu poM\a sukila pale
savo1255	telo keM\e seraM\ia telo tei ko mapae tei	telo keeseraM\a telo teoko mapate
savo1255	saNgusaNgua teJe lau lau sue aJina	saNM\u saNM\a telilaulau soaJena
savo1255	tulola toB_oa kama zu lo B_oakana mbotu zu tona olo salatu	tulola toB_oakama isilo B_oakana mbot izu tonaolo salato
savo1255	tulola lo Nai lo mane lo kukuatila loB_oa mbolaM\ue	tulola lo Nalo mane lo kukuatila loB_oa mbolaM\u
savo1255	Jero ko puto tala ko JJ\aB_ou	Jeroko puto tala ko JJ\aM\a
savo1255	pai JeJea telo kao mbai	Jipa oJeeJatelo kaomba
savo1255	te kukuazalo pena M\oi lau lameli tei zelo tei	te kukazalo penoM\elaM\u lamili tezala te
savo1255	ko kakamorakona pozoM\o kama akei pozoM\o kama ndaisa kameM\i zelo ka koB_oa laka paleM\u	kokaM\amora kona pozoM\o kama ake pozoM\ kama ndase kamiM\izelo lo kaa koB_oa laka paliB_ouN
savo1255	aJina ekati mbo tuNituNi tai tei	aJene kati mba tuNi tuNi tete
savo1255	omalo M\oi mburiNka Ngelezu	omaloM\e mburiNkaNgellezo
savo1255	tulola loB_oa te teiM\ue kati ndu maina mbo tai tei	tulola loB_oa te teo kate nduumana mbotate
savo1255	lo lo lo lo lautu lo samue lona	lo lololaM\o tulo samue lonaa
savo1255	ze ota patu patu mbua mbua ze ota patu patu mbua mbua zeB_oa mama ko ka pozoM\o kao ndaki mapasa isaNaM\ue	zeo tapatupatu mbuamba ze o tapatupatu mbumba zeB_oa mamako kana pozoM\o kao ndakimapu sisaNaB_ou
savo1255	mbua keto mbo ruM\u keB_oa keto tia te lo pa Nai samba to sondoaliM\ue	mbuaketo mbo ruM\u keB_oaketo tiatelo pa Nasamba to sondualiM\o
savo1255	te ko ko taka saB_ouliM\ue lona sikape mbo raM\e keB_oale	tekoko taka saB_oulio sikape mbo rakeB_oale
savo1255	mba teto mba maJiM\a kambakambala sarato kama minoni tei	mbate tomba maJ kamba kambala sara to kama minoni te
savo1255	te koB_oa malaNa tulola toB_oa laulu zepe kulo pazalela lomaNga mbo zepe ota mane mbo leB_oo tei	te koB_oa malaNa tulola toB_oa lauluzepe kulo pazalele lomaNM\a mbozepe M\ota mane mbol leB_oote
savo1255	loB_oa M\au tuM\a tei	loB_oa M\autuM\a te
savo1255	telo mboM\ue	telo mboM\
savo1255	pae taM\a lo ndala pozoM\olatu au sua zu pae neutu te ze B_oiriB_oirili lau pia sua	pae taM\alo ndaM\alapodoM\ola tuaM\usuazu paneM\u tu teze B_oiri B_oirili laM\u pasul
savo1255	nanaM\iza pono sala tei	nonaM\iza pono salate
savo1255	ze mane kuliM\ue lona	zemane kuliM\uelona
savo1255	zeno toB_ooaliM\ue noB_oa tone loB_oa M\anaM\ana salaM\u	zeno toB_oaliM\u noB_oa tona loB_oa M\ana M\ana salaB_ou
savo1255	zu alatu mba sua mapae moka ela mapaM\ana ata teteM\ala	zuala tumbaso mapa mo kelo mapaM\a noa ta teteM\ala
savo1255	ma kiki mbolo kikili solo mbolo lali soM\a lo tei soM\a kama	ma kik mbolo kikili solo molo lalisoM\a lo tesoM\a kama
savo1255	mbo pa andaki no neu JJ\aila sondoaM\i tei kia kona elakati nau undu tai zu n ndai leB_ooleB_oolano paka tai apoi lo sua lo maJiM\ala soma suana te keM\e sakai tei	mbo pandakino neu Jzala sondotekia konolaka te naM\undu tazu ndaleB_oo leB_oolano paka teapilo sualo lo maJiM\ala sodo suana te kesakate
savo1255	piNiti koB_oua teze zeB_oa kaM\ue lona	piNitikoM\atezeB_oa kaM\uelona
savo1255	mai tauliM\ue loB_oa kuli l loziM\a loB_oa aB_oe kia mai tuNili kia mai mane mai samu sumbaliM\ue tei	me taoleuloB_oa kulilozeM\e loB_oaB_oeka ma toNilika mane mane mesamu sumbalute
savo1255	tulola loB_oa koB_oa loB_oa kaka saB_ouliM\ue lona	tulola loB_oa M\oB_oa loB_oala kaka saB_oueliM\ue lonea
savo1255	lo lo ko koB_oa lo Nai poM\a lau zaM\ea teM\o lo taM\a ma kesi taM\ata ko ka pauM\ue lona	lolo okokoB_oa lo Ne poM\a lau saM\ea teM\o lo taomalo kesi taM\ataM\oB_ou ka pauM\ueloa
savo1255	telo ailo toaJe piali tai tei	telo M\alo taJe pele tete
savo1255	palea telo samu kuroli zu lo poM\oro maNgeM\a	pale telo samu kuroli zulo poM\oro maNM\eM\aaoa
savo1255	telo Jaka saB_ouli ai ko B_oeJJ\i koB_oa paletu lo maB_outu toalaJe lo B_oeJJ\i tuM\a M\oi lau	telo Jake saB_ouli akomo B_oeJzi koB_oa paletilo maM\u taleJilo B_oeJJ\i tuM\aM\o laM\
savo1255	kendana mboi tei	kenerana mboM\ite
savo1255	telo lo tuM\a toa lau tei	telolo lo tuM\a tonalaute
savo1255	tulola zeze zalaM\ue lona alu zala teze kama oma M\oi sondoaM\i	tulola zezezalaM\uelo nalu zala teze kamamaM\sondoaM\e
savo1255	zeB_oa kombakombaM\ue	zeB_oa komba komba
savo1255	telo eo laB_oeli zeJe	tlo eolaaB_oelizeNi
savo1255	te lo mamakon tei ndaisa patulo ai zumba	telo mamakono te ndazi padu lo azumba
savo1255	elakati lo ailo polona mai Jou tai teitu	lela katiloalo polona maJiotute
savo1255	saraputuna ko B_oilaB_oela soma loma andaki kau lo M\oi paleM\ue	sara putuna koB_oilaB_oela soma loma andaki kau lo M\epaleM\a
savo1255	telo ae ala nona mbo tai aB_oe te loB_oa ma ata aB_oe JoB_ou soM\ae aB_oena teB_oe ata leM\e sala	teloe alenona mboteaB_oete loB_oa mataB_oeJoB_ou soM\aB_oena te B_oata leM\e sala
savo1255	lupia apoi lo ndai laNgaM\a laB_o B_oata mapaM\ae	lupiapelo ndalaNM\alaB_oata mapaM\a
savo1255	mbua kelo mbo sumba eM\ali laJJ\ui	mbkalo mba sumbaeM\al laJJ\o
savo1255	teM\o lo sua zu lo mandaki tomata te pale somae	teM\o losua zuzulo mandaki tomo ta te palesoma
savo1255	kambua tei teitulo ni	kambua tetetuloni
savo1255	aiB_oa mauna ota tei	aB_oa mauna otate
savo1255	tulola zeB_oa liazaM\ue	tulolezoeB_oa leazaM\uM\aa
savo1255	tei lo taNgalu saB_ouliaze lo nito lo alea kapisiM\aze saB_oulizu	telo taNM\alu saB_oulaze lo nito loala kaps seM\eze saB_oulezu
savo1255	sukili tuka no sukili laJJ\u kia noB_oa M\oi kao loB_oa polozi zalaliM\ue lona	sukili tuka no sukili laJJ\ukia noB_oaM\oikao loB_oa poloM\zizalanliM\uelona
savo1255	mbaia tei zet ai kukuazalotona	mbaza tezata akukuazala tona oo
savo1255	toB_oa lo tanda sua loB_oa erili tulola loB_oa kama M\aB_oiM\ue	toB_oa lo tanda sua loB_oa erilu lola loB_oa kama M\aB_oiM\e
savo1255	teto to JaM\oi lo inda solo lameliM\ue	teto tooJaM\uelo inda solo lameleB_ooo
savo1255	loe lona tei	loelona te
savo1255	toB_oa lo kenda kololi telo azua kelo rurua kelo lo muzila to to kulaM\a loB_oa mane leM\e lau mbaM\ue	toB_oa lo kenda kololi telo zuakelo ruruakelo lo muzila lo tokulaM\a lo mane leM\elaumbaM\u
savo1255	tuka kona M\oma aJi M\oma nona te Jaui aJi Jau sua pa endo kokozalotona ota pambalatu tei	tukakona M\omaJiM\oma nona te JauaJiJausatendo kokozala tonota pambalatuti
savo1255	lona M\aB_oitu	lona M\aB_oitu
savo1255	lo loB_oa te teiM\ue lona o elakatime poNgala lo iB_oaM\ulame maiB_oa ela samu zalali Ngola samu lo lo zeme maiB_oa ela laM\aso pala keme eM\ata za sua maNaza kia maiB_oa kambu neM\a sua molumolula mboM\ue	loloB_ou te teM\uelona oelakatime poNM\ala leB_oaM\ulame maB_oela samuzalale NM\ola samu lo lo zem maB_oela laM\aso pala keme eM\atale so maNazaka maiB_oa kambu neM\asomolumolula mboM\
savo1255	tei soma ponoe	tesoNa pon
savo1255	lo Jari loB_oa ninie saraputu	lo JariloB_oa nine sara putu
savo1255	ze ka manamanalialo loB_oa izi iB_oa tulola zeB_oa molaM\a sakemia keze kulo zoB_oua keze zeB_oa ka koiM\ue	zeka mana manalalo loB_oa iziB_oatulola zeB_oa molaM\a sakemekeze kulo zoB_ouakeze zeB_oa ka koM\ue
savo1255	tulo ka ndulo maNa ruM\u keB_oalo lo sumba aNgutula mbualo tei tukalo ndaiB_oata NgeleNgele keB_oaM\u laB_oae	tulukanduru maM\e ruM\u keeB_oalo lo sumba NM\utula mboalatituM\elo ndaB_oa ta Ngele Nele keB_oaM\u laB_oe
savo1255	ropu solo telo neu lo nduru lo putola saraM\ue lona	ropu solo telo neulo ndurulo putolo saraM\uelona
savo1255	teiu pono	tem kana
savo1255	ropola no M\e ka noB_ou kiano liaza tai tei	ropolano keka noB_oukeano liaza taiti
savo1255	telo muzila lo M\oi iB_oai	teloM\e muzile taM\o taM\o liB_oall
savo1255	pa endo kokolo tau tulola ze M\aB_oia keze mbaM\ue lona	kaendo kokolo tautulola zeM\aB_oa keze mbaM\uela
savo1255	ma aima JumbaJe mataM\i teM\o NgeleNgelei ai loB_oa mba kakami kia loB_oa mba teM\o teM\o NgeleNgelei ai loB_oa mba kakami teM\o ota leM\e lolomi ai loB_oa ma aina te kau toM\oi tei	maamaJumbaJemataM\teko teM\M\oNM\ele NM\ele a loB_oa mba kakamikia loB_oamba M\lteM\o to NleteM\o NM\ele Ngele aloB_oa mba kakami teM\ota zeM\e lolomi aloB_oa ma aina te kau toM\ute
savo1255	ai mapa loB_oa atale mbambo liB_ouni kia lo elakati kama aB_oe su zui soM\ae zena kama	amapalo B_oatalembambo liB_ouni kela kati kama aB_oe nzusoM\azena kama a
savo1255	loB_ou keme kotiM\u pono tei	teoloM\ul tema kotiM\u pono te
savo1255	mbua telo mbo lo JJ\ai loB_oa tone lo saB_oulitu lo JJ\ai napu toalalo sarazu	mbua telo mmbaM\o loJzai loB_oa tonelo saB_oulo Jzainabu tolalo sarazu
savo1255	tulola zeB_oa ma lona M\oi kuro tulola ze mane zeB_oa samuM\ue lona	tulola zeB_oa ma lonoM\u kuro tulola zemanezeB_oa samuM\uelona
savo1255	melona laua telo lau telo mbozalizazu	melona laB_oo telo lau telo lo mbozalizazu
savo1255	telo ae ala no mbotu	telo aalano mbotu
savo1255	kuli tulola ko kulo JJ\ai M\ombula pa Nai katoe pale sua zu lo maJJ\ali katoe	kulilola kokulo JJ\aM\ombulo paNakatoe palesuezilo maJJ\ali katoe
savo1255	epi tulola loB_oa suana lo ko niuniu mburiNka siM\ila koB_oui	epitu lola loB_oa suana lo ko niu neu mburiNka siM\ila koB_oueM\
savo1255	tuB_oi sara tuolola laM\aso lau lameli tulola lo samu kaJJ\e te lo roNoroNoM\ue musaNa sua kapikapisiM\u palaM\ue	tuB_oela saratu lola laM\a su lau lamelitu lola lo samu kaJ te roNo roNoM\ue musaalo sua kapi kapisiM\u palaM\u
savo1255	zu lo maue M\oma lo mapa	zulo maue M\oma lo mapa
savo1255	leM\ei no kimboM\ue	leM\eno kimboM\ue
savo1255	alalia no lolomi sua lo maB_outulano mbo ai ko M\au koB_oa tuM\a toano mbo ndukuli lau mba	alalano lolumpilo maB_ou tulana mbo akoM\aukoB_oa tuM\a toano mbo ndupuli laumba
savo1255	zu aiko kakamorakona maitei taemu te mba lo kemoM\a te zautu tei	zuako kakamora kona malse tamuna tembelo kemoM\a tezaM\utu te
savo1255	tulola lo zepo zeB_oa ei lo lo lo Nai loB_oa taM\a lo lo ropu la te tulola lo loB_oa lo Jari loB_oa auM\ue lona	tulolo lo zepozeB_oa elolo lo NaloB_oa taM\a lolo ropulate tulola loloB_oa lo Jasilo B_oauM\uelona
savo1255	moimbi no loNgotu lole aJi ata ndukuli solo sue om pa ndaie lona tei	mombinaM\o loNM\otu lo laJeata ndukulo sol soma pa ndaelona te
savo1255	loB_oa poM\oro poiM\a	loB_oa poM\oro poM\a
savo1255	tulola zu tepe tepe laui lo sua lo lapi tei	ndulolo zu tepe tepe laM\ilo sualo lapite
savo1255	tulola toB_oa kama ma saB_ouliM\ue lona eo aM\ena te kaui	tulolo toB_oo kam ma saB_ouliM\uelona eM\aM\ente kaM\ue
savo1255	minoni tei	uminone te
savo1255	ma tulola lo lo kama to to ka roNoroNoliM\ue ota to maJiM\ala alua teto kama mbo ota ma toB_oa mbo lo mbamba sondoali lo Jumba loB_oa aui mbo ota kauM\u	ma tulolo lolo kama toto ka roNo roNo lo toota to maJiM\alaaluM\a teto kamambota ma toB_oa mbolo mbamba sonduM\ali lo Jumba lo B_oau mbota kau
savo1255	ndaisa patulo eM\atano mane mbo tai	ndaspatulo M\atan mana mbotoe
savo1255	pe pa andaki Jumba lameJi kia ai ka liazaM\ue tei	pepanda kiJomba lame kiakaliazaute
savo1255	telo loB_oa mboM\ue mbuaM\o kaJJ\ia ambenili	telo loB_oa mboM\ue mbuaM\o kaJJ\ambeli li
savo1255	JaJai mapaM\a lo kakamorala te ze Noimi soM\ae	JaJJema lo kakamoralateziNomi soM\e
savo1255	telo eo tei	tealoeo ke
savo1255	ka lo no no M\au zu kimbo zeJe tone	kalo nonoM\au zukimbo zeJi tone
savo1255	te ko andaki Jumbakona Nai toa M\anaM\anaM\u palai apoi teM\o ai lo tanda zumba lau toM\o kou tei	tekoJu andaki Jumba kona Natoa M\ana M\anaM\u pala apu teM\o lo tandazumba lau toM\o koute
savo1255	kulo ma kulo karula sua mbatu lau zaM\e i i M\ombula sua mbatu lau zaM\ea lo loB_oa kama suaza aB_ou tulola lo ko ko poi ko andaki Jumba ko poM\a lo paeta ale tulola loB_oa kam koB_oa kama loma raM\eM\ue lona	kulo ma kulo karulo sambatu lau zaM\e iM\ombulo sambatulau zaM\e loloB_oa kama suazaB_ou tulola loko kopokoM\aanda kiJumba koB_oa poM\ala patale tulo lolo kama M\oB_oa kama loma raM\eM\uelona
sout2856	kipestafi e me aN kutfale mai pak nfal faat nen maarik nen itok eNmrom faat nen kipestafi me aN kutfale mai No maarik nen kiNa trausi kitli na mtulep ramai pak talNmat me wak kpur iskei ikpas komam	alekipes tafi emeaN kutfaleme pak nfalfat nen nale mrik nen nintok mromfatnen Name ipestafi inamaN kutfalema No mariknen keNaat rawsi keitlina komama mtulep rame paktalmaat mewakpuriske ikpas komam
sout2856	siwer kafo mailum nd`ook pan totan tefla	kafosiipare kafo Na iluNnro pan ntatan tepla
sout2856	me kineu namroan neu amroki na kafo nd`ik teni e Nakit ni eton kin ruklinki	me nekineu namroanewamra kinakafon rki tene Nakit neton kin ruklin ki
sout2856	maarik nen imrokin nen rakfo pan pam ntal ko nawi ko nand` ko tete nafnaN nen kin ito mrokin nen rakfo pan pami	mariknen imrok inarakfopanfam rafan paam ntal ko nawi ko naan roko tete nafnaN nen kin imrok itomro kinn rakfopan paami
sout2856	selwan ku lefeki efat neNakit kpafo lek nasi tafra iuserek naNis neNakit niN	Noselwan kulfekif efat Nakit pafollek nasitafra uusureki naNis neNakit niN
sout2856	rana rato rapan los elau	Nale rnaratorapan loselaw
sout2856	me tafra ito wat ur elau	metafra itowatur elaw
sout2856	malnen ntwam ipam nua nait iskei apu islatlu nafil iskei eNmrom naal Na kaipami	malen twamipam nwantiske Napuk isatlu Na nafil Na iskemrmnalNa kapaami
sout2856	ipo to peikir kin pak etan teflan kefo nd`akut tete pan pami malnen ipato eNmae panpan po na ler na imai	ipoutopekiir kin paketan teulankepo nraku tetepan paami malen ipato emaepan an pan iler naima
sout2856	ina ind`oN wi ki nalaN No ito mai ito nd`us mai pak NmeltiN panpanpan imai na ilek sees ne No ina nd`oN wi nalaN NaaN kpamer si me teesa sees imer si nalaN ntwam ind`oN wi ki	ininroN wikinalaN o ito ma iton rus ma pakmeltiN panpanpan imena ilekteseesnin araun roNwikinalaNN pamertraemsi lektsss imersi nalaN intwaam inroNwike
sout2856	na kpura Na ikatktof kpura Na komkomki ntwam itarkpek kaimat pe	pol napuraNa ikattufpuraNa ekomkoNki ntaamiktarpe kaimatte
sout2856	me selwan kuna kpato nd`oNo kpato nd`oNo isil sa itaf sa ipa taos nlaN	niselwan ku nakpatan rNo patan rNo isilsa itapsipa tas nlaN
sout2856	kaNaaN preN nas kafo NaaN preN nas ina kpafreNsi nas kpaneu tua ki kelim timen kelim	ataNaNperek nas kafo NaNprek nas nepafriN siinas pane utweki timen kelin ara timen kelim
sout2856	neu namroan neu amro kin iteflan na kafo tae tli pak nalelewen neu a	no namurno aparo kinitaflka nakafoteetlipak nallewenewa
sout2856	iskei maal ruto ruto puserek	naletiski maal ruto rutopusrek
sout2856	malen apan pan pan pan pan atu sol aas pan kaimotir panpanpan inom me ato nd`af ato nd`af pa	alenapan panpanpanpan atu solaaspan kaipuetirpanpappan ilomaton raf aton raffa
sout2856	me litrapoN ipato mkpaN na nfal faat alek kin rateflan tu	melit rakpoN ipato NpaN nanfalfat alek puliskin  rateflaantuN
sout2856	No naur nd`a nen me Nmaat ina ifisktofir	No naurinranen me Nmatina ikisktofirrr
sout2856	taosi kin nand`omien nen rupan tua	taosikin nantumenentupam twe
sout2856	me nlaken nser ne nser nen too isuun to ki	me laken nserne nsernento isuunto Nki
sout2856	me tene ipi teni too rato rapan los elau	metene pipiteniito Nki r ale rato rapan loselau
sout2856	kefo nd`ook puetsok nkal Na ipak etan nen kin kemailum tol nanwei	kifon rok puisuk kalNapaketan nen kin ki meilum tol naanpi
sout2856	nd`oNo kaitu ruto kol mapul ito kol me ito kpand`er	umrkokaituknar urtuk kol mapu tutitokol meitopanrer
sout2856	rund`ik wou ki malen kpafa sot ni plisman kpaweslu pulkpou kpaweslu polet kpafaai naal kpakaro me kpafa nlaken ipitlak manpus nmaotao ni pak apa	run rikow ki malan pafa oasat niplisman pawis lukulpou pawis lupelet pafanal pakaromekpafa  itlakmanpus maotan itotelpepasaeaapa
sout2856	me amuurin na kafestaf mus nlaken akit tupi maan me itfale kin maal ito preNsa kit ito pam kit	meamuri nakafstafmus laken akit upiman me itfalekinmaal itopreN saakit topaamkitt
sout2856	tiik tiik taos kineu ato pak ato pak naurur taos a pak pentekost kafo tae til pentekost sukp ni pentekost aleker taos komam taos nand`e taos niNmam nen a pentekost rufri me taos erakor Na itiik	tik tik s kino atopak atopak naurur tosapak penik kaNtts alaket taskumam tsnt ssnikmam nenaentikaskarupnik netaosarakwar Na itik
sout2856	Nakit maarik naot tiawi tukkoperet naor keskei amrokin pak nalelewen neu Nmas amrokin nafsan ni erakor kefo mer tae ler	kuperisen ki mariknt itkupert narkiski amro inpaknalelewon umas amur nafsan arakorpe marteeler
sout2856	teni emar rutuwes teni kaledoni me malnen Nar runa rulak No rulak mai pak erakor No ruipe muf mai	teniemarutuwes tenkaltoni memalen Naru narulak Norulak me ipakerakor Norkuepe mukmaerr
sout2856	nlaken waak ikano tae nafsan nen kin akit nataNmool tuto tli	laken wak ikanor taen naksaa nen tikin akit natamul tutotli
sout2856	itok itai nafil panpanpan kaipaai nafil eNmrom naal Na	itok itai nafil panpnpan kapa nafil rutu paketNa tumromnalNa
sout2856	teetwei wel kufmuur kpasol naleenaan knen	kiitwe welkupmur repa pasol na nale naan knen
sout2856	rupi natopu me rutae naNmer rutae nataNmol ni natkon lekor ptaki nataNmol	rupinatopu me rutaa naNmer rutae nataNmul ninatkon leekorptakinataNNul
sout2856	ipan pa npanpa npanpan mer pak erontkpau	aleisipanpanpanpanpanpanperpakeron tpaw
sout2856	tenen kin tenamrun itakel kefo peikin kin teflan kin itae na ipreN namrun itakel ipeikin ki	tenen kin ipriN ten amrun itakel ipoN pekin kin teflan kin tene ri amrun takel ipekin ki
sout2856	nlaken kin to tefsofus rupreN tenen isa me runa iwi	nlaken mekinta tefteft rokriN tenin isa mpro nauwi
sout2856	kitli na kefo sak mai malnen ita pi twei mau No ipaakor ntaf	kilflin nakrsakme imaleninas itaptwo imoNo ipaakor ntaf
sout2856	taakpes imalier ni too nlaken isees No kisef pan kus namlas	taakpesi malierkom niton lanises Noo kiseffan kus namlas
sout2856	kpaleeles paNmori sua tiawi kipe mat mees nen koipe tu wel utu tefla tefla wel kparor	koleles famer iswa tiaikipematmesen ko petel utu teflatef welparor
sout2856	selwan elau kemat No kefo mer ler	selonelawu kema No kefomer lir
sout2856	nafte kin ruleka ki namter me runa isa me rupreNi me runa iwi me tene isa	aften rulatinamter meru nasa rupriNi meru naiwi metana sa
sout2856	me komam malpei ukano kal ki nkal ni nanwei	mekomamalpe ukanokalkin kal ninaanwe
sout2856	kineu a selwan ato weswes No aptour ptour apiatlak teesa iskei inom mer piatlak kaaru nanwei ind`u	orekino selwan ataeswes No aptaur eour riapilak tsske nomerplakaaru sennwin ru
sout2856	waak nen ipi waak nmatu	wak nen ipiak nNatuk
sout2856	selwan nai nen ito ipitlak faat iskei itu kor namten	selfan nainenito ipetlak faatiske tukor namten
sout2856	rumuurin to natkon to rumuurin to natkon to kineu kafo tae tli tefla na iwelkia taos mees tund`oNo malpei naNmolien ni malpei	umur inntaonatkontoa onumur kintolatkortoulka keno kafataetl taflat na welk tasmes tunro wlk malpenamkulin ni malpe
sout2856	sukp ni malpei itefla mees puserek naor iskei a me malpei Na Na ikerkerai	sukunimalpeitefula mes welkiapofren storan usrik nariskea memalpe Na Na ikerkra
sout2856	tu sak pak elaN erkao maarik naot nen Na wanki kaltakpaukara kaltakpaukara	aletusak pakelaN irkaw maarik naotNen Nawan ki kalatakpau kara kaltkou kara
sout2856	malpei mal ni naatap na atap Na ipitlak naatap iskei Na atap tae mau ruto wok elaN	imarpeme main natap natap Na ipitlak naatap iske imeatataema upul rutowokelaN
sout2856	tefla niNmam malpei itefla ukano trau iwel kineu ato esa me neu ifla paakor tenaor ni esanpe kineu asef apan ur eNmae	tefla nimamalpe itefla okanotrauwel kinwaflaote esaamepo ifren wiflapakortenaoriesanpe kin waseffapan urema
sout2856	ipi nlaken kipe Nmit me naNis ni etmat Nmas kin ipram naNis ni etmat kin akit tutkos to	minlaken kipeNit me naNis niet matNoskin ipra naNis etmat ki nakiuitkostost
sout2856	mees kin to natkon ne kpafo itarukp naor kpur	en maeskinto natkoene teftne terup naorpur
sout2856	selwan kupaski malen kumai pak elau epakor kulek nakpraat sees nen kin kipato sal elau iplak nmaaNwen ipi nmaaNwen kpur	peslol nkupaski malen kumaipak elaweepakor kulek napratses nen kin kipeatasal elaw iplak nmaNwen pin maaNwenpur
sout2856	tu su pak etan natiik nai rusoso ki koraf ekoraf ne maarik naot nen Na kin raflekpau	tusupaketan ne natik nai nrusoso kie ekoraf ekoraf ne marik naotnen Naakin kalo rakeraklekpaur
sout2856	me isok ipturki ntas panpan kaiptol No kimro kin naN kefo mer mai mai fam	me isook iptur kintas panpan kaiptol Nokimroki naN kefomeromrmafam
sout2856	ikpelNat faat tefla isol kaai inom ipa itao faat ikpon ipak suNm Na pa ipreN kaai	ipelNatpateflasolka eneom  itaofaatiponte oksu Naafa ipren ka
sout2856	napu nen kupa kupu na serpaal ni naniu ne kpafan kemalik kpatkpili leele kin	napu nen kupa kupu na serpal ninaniw nen pafan kemalikpatpili elek in
sout2856	tu nd`us pak etan No eNmasin nand`e ni apu kalsarap mana	aleet tun ruspak etan No eNasu innanreniaapukalsrapNana
sout2856	kefo sos teesa nanwei Na me kefo nd`ikin kin na kineu kaipe pan NaaN pauski teesa nmatu	kefsos tesa naanweiName kefontkin kinakinokaipepan NaNpaus ktasan matu
sout2856	malfane tupo ler kin ruler Nar rupak eNun pan kin No iNmol iNmol ipo mer ftomki nataNmol	malfan etufolir kin Norulir NarupakeNunpan kin No i iNun ipomerftom kinataNol
sout2856	rato panpan No naliati iskei tenen ipitlak nmatu ipitlak nmatu neNa rapan sari	ratot topanpan No nalet iske tenen ipitlak nmatu iplak nmatu neNa rpan rapansari
sout2856	rukraksoki me kin Nar rukmer tfaNi mer tfaNi Nar rukfo kano	rukrksaki mi Nerikin NarkmarkpaNi rukmarkpaN Narukpakanor
sout2856	apan alek aas rutu aas kpafkpof nen kin atap leka tete nd`ak mau	apan nalekaas rutu askpakpof nen kin nataplekateten rakmau
sout2856	tuipe sraf tuipe sraf naor kpur a tuipe sraf naor kpur mees ne tund`oN teesa iskei ipes iwelkin itli na ifla sos aN na kpamai	tpetpes raf narpur e raf narpur meesnepukro tesiskiipe welkin itina welkiniflasosaN inapama
sout2856	nanwei Na kefo pak etalNmat islat nafnaN ikpaunamru kemai psi esuNm me nmatu kin kefo preN nafnaN me	e naanwe Na kifopaketalmaat islat nafnaN ipau naamru kema ipsiesum men matokin kefopriN nafnaN me
sout2856	me kineu kafo mailum net naik seserik ruen fam panpan No elau kimat rukoiler	mekineu kafomailum net neikseserik ruen faam panpan No elau kimat uruko iler
sout2856	No teesa Na ina kpata mtak mau me ind`ik kori sees Na nen kin na takfak sanpe me tak pan kpawelu me uta preN tkper kafreN keskei tkper keskei me kapreN nana nmetwes kapreN nmetwes me takfo pan kus tokos to	No testaNainapatamtakmau me inrikkorsises Nanen kina takfaksampe me taknrupanpawel lo me kafriN tper kafriN fanskesketper keske me kafriN kina nanmetwes kafriN nmetwes me takpopan kus tkoosto
sout2856	nmatu ito esuNm ilekor teesa No taos malpei nmatu rutap pak hospitel mau	nmatu itwe sum ileekor tesa No taosmalpe nmatu rutapak kospeteospetel mau
sout2856	ito nd`oN namrun No kitok mrokin na nafte kin selwan kin itok panpanpan na itok tk ali itok takind`oN kin pan ki nd`oNo na ipi nataNmol	kitonrok namururnNo kitok morok kina naftekin keiselwan kin itok panpan pa na ito tataktkalim ito itok tak in rok Nkin pan kin roNo na kipinataNol
sout2856	tete nd`ak taNmra rumai tiawi rutae	teten rak taNmra ruma tak irute
sout2856	ekasufat rik	iNampenNokasu
sout2856	if wel aN kuf murin No katuok nmatu neu me aN kpatao nmatu NaaN	ipel aNkuf murin No katukun matu neu meaNpataun matu Na
sout2856	teesa rupak ektem rufo tae nafte kin iwi naftekin isa	tesarpaftem rufotenafteiniweonaf tenesarrn
sout2856	rapan panpanpan rapato NmeltiN ki talNmat No wak kpur iskei imai	rapan pan panpan rapatu NeltiNkitalmat No wakpuruske ima
sout2856	kefo preN nand`omien nen keur tete naor kptae	kifopapriN nan romienen keurtasenaor pute
sout2856	me akit nen atlak ntan tu kano tu tiik ki nen tufuet ntan ke ler ipi tumas ihevi tumas ipa elaN top Nawanki	me apit nnatelak ntan tukantuti ikimanenen tufuet ntan kele kompon seiten faatu auis teroN tumas iefituma ipakelaN toop No wan
sout2856	me tenen ito nfal nfal faat naNien taNmam naNien taNmam	me tenen ito nfalfat naNen tamaN naNien taaN
sout2856	nmatu kin ikuk nmatu kin ipuri ipreN kapu	nmatukin ikuk nomatukin nipouri preNkapu
sout2856	ipi ntwam me ipiatlak erfale Na ito teesa nmatu nen ina ito ipak elau pan na iler na imai	ipim twam meipielak erfaleNa ito tesan matu nenina ito ipakelaopan ne ileer neima
sout2856	nlaken sofkal ikano nd`ir pak elaN nlaken itap min nalkes Na iur etan me	pin lakem sokral ika non rirpakelaN laken itap minaatkeso Naaiuretan me
sout2856	atao amai esuNm tu panpan No	alata matesuntopanpanNo
sout2856	kotfan nd`ak iskei ratli na rakfan los elau	kotfan rakisk ratlinarakfan loselau
sout2856	iofa mai tik ntan teflan namlas imakot kot wes pan kin imtaki maarik nen ki	iofamatikntan teflan namlasimakot ko tiwespan kimtak ki maariknen ki
sout2856	maab laap rumai mantu sokfal taakpes Na kin ipi naot ser maan laap nen runomser mai tu naor iskei	man laap ruma mantu sokfal tapes Nakin ipinaot ser man lap nen ru nomser maitu naor iske
sout2856	apu ni elaknar No apu niN elaau rupan tuer kin kailer mai utu	apuun nielaknar No apuuni elau urupan tuwel kin kaler mautu
sout2856	faat sees ind`ik faat kpur ki na aN kpafei me kineu kafo ind`ok	fatsensintikfatpurkinae aNaNkpafi me kinukafo inrok
sout2856	aleka mees na naNmolien ki naNmolien kipe kerkrai malfane	eleka mes na namolen ki naNmolen kipe kerraimalfan
sout2856	katapel ipak elaN isol kaai ipak esan kin faat itkos	ale katapel ipak elaN isolka ipak esan kin paat itkot
sout2856	esan iswai kefreN ptaki eNmrom kefreN imal	esaan iswe kefremptaakiemurom kefrekeNarku keNarpan me imal
sout2856	malen kin utkos kin paNmorki pak	maler kin utkos kin omroki totelpepaksakpe
sout2856	rusoso ki kakpumrik No kakpumlep Nawankia	osor ki kapumrik nokapu mlep Nawanikak
sout2856	No ipo pa	o ipopa
sout2856	kuminNi kefo nd`ikin na aN kupan mees e e mau ni a natopu nen pato kukraksNmand`i imaetki kia sNmand`i	kumin Nin kefonrkikina aN kupan messeet Ne kaunia nnnatopun en pato ku kraksNanrin imaiet kike ipotsNanri
sout2856	teesa ipa isat ipak elau pa laas naniu ipan na kesao ntas	teesa ipa isat potel ipakelawopa o isat las naniw anakesaonntas
sout2856	No iplake iNmool to No iNmool to tukp mees	Noiplake imolto No Nmol to tuk messs
sout2856	sokfal me kimai me ind`ik maal ki na mlapuas ki na aN kin kpafo na kpafo Na wis nalkes tua kin keminNi	sokfal mekima me inrik inrik maalkina mlopwas kina aNkinpafona pafo Nawis naalkistukin kimini
sout2856	ipan sor tete sernale nen kesol faat sees	leipan sorna teeser nale otel kesal pases
sout2856	ikatktof nana	ikatktof nanan
sout2856	malen rapreN kipi nafsaplilwen	malen rat rapriNik kipinafsap lilwen
sout2856	naliati iskei kaipe mai to erakor to kin me apo pa ana kalel aas No san kin apakes pa naplel rutmer tfaNir tefla akano nd`af	naletiske kape mato erakorto kin mapopa apanakam kaleelas Nesaan ki napakeespa naplel urrNertfaN irtefla a kanon raf
sout2856	No ipi esuan natrauswen sees nen ipaamau wes	o ipesoa natrawusensesnenipamawes
sout2856	me ito pes me ito palus imai mai mai mai na isak elau krikai	me itofes meitofalus imaamaimame isakelauklika
sout2856	kaatol teesa teesa nmatu imer iskei teesa itol mees weswes mau ato esuNm to ato preN talNmaat Nmas	kaatol san san matwmerske lakteesatol meesataweusmaoteesuNta mepriNtalkmaakmas
sout2856	nlaken komam utu kanal reki naNmer ni me me ruto oof polet mai pak hospitel	lakan komamutou kanal me ki naNerie sakpeme potleori me rutof polet maipakotpetennnnt
sout2856	No naftekin rund`oNo No tekpur knen kafo tli tefla Nar ruleperkat top	Nonaptn run roNot Nateekpurknen kafetlitopla naruleeparkatop
sout2856	me imuur teesa nmatu ne No ito tkpolu	me imur tesan matune No itotpolu na
sout2856	me kin natrauswen ni tiawi Na naren reki naNi naor naNi naor Na ilaap a Nawanki	aore mekin natrauswen itawi Na ren iriki naNinaor e naNinaor Na ilaapar Na wanki
sout2856	No rund`ik mama No ati rand`ik teesa ki na teesa nmatu ki kpafan Nakit sao ntas elau	Norurun ri mamaaNoatran rik teesakinasan matukin pkan Na kipsaomtaselau
sout2856	anpanpanpan rupan preNi ruto naor iskei	panpanpanpan ruwan periNrutu naoriskei
sout2856	me ato erakor pa	meatoerakoorpar
sout2856	tete naliati kefo pato eNmae ilemis kit tuto imai ipreNsaki kit	tetenaleettiikefopatweNma ilemis kit uto ima ipreNsakikit
sout2856	me naik seserik runaN malfanen elau imu	me nesiserik runaN Nalfanen elawimu
sout2856	imrara imin ki na ntas ipaketan nataNmool isiwer nakputuon ikano me malren atua Na itli na nai ke ser pak naor keskei	imrara imin ki nantasipaketan knataNmol isiwer natpuNtuan N ikan memalle natuaNa ikli na naikeserpak naorkefke
sout2856	No malfane tem teesa nanwei Na kefo pak esuNm ni tem teesa nmatu kefauski kefo pauski kutrok na teesa nanwei neu kefo taulu teesa nmatu NaaN iwel tem ina iwi	no malfanee tem tesanaanwe Nakefo pak esuN ni tem tesanmatu tefauski kifapaus ki kutrok na tesanaanwe newokefo taulu tesa NaN esan matu NaN wel tem ina Norewi
sout2856	sukp ni malpei itefla	supnini malpetefla
sout2856	malen rapato los pan No too ind`ik taakpes ki na aN kpafei to me kineu kafei sak	malen rapatolospan Noto inriktaakpeskina aNpafe ito mikinwkafe isak
sout2856	Na wan kin kin namroan neu itefla	Nawan kin e kin namroanewitefla
sout2856	me tafra rupo ind`ok mai	me etafra rupo inrok ma
sout2856	selwan ntwam ina rakfan fam kpoN	selwan kin ipan pan ranarafanfam toam ilin rafanfamkuN
sout2856	nawesien ni nafnaN ipi nawesien ni namtu nmatu kin ipreN nafnaN	nawesen inafnaN ipi naweseninmatu nmatu kin ipriN nafnaNN
sout2856	runa rusu pak elau No runa rupaakot rupaakot tete rupaakot kram tete rupaakot masmes tete rupaakot safel pik sernale niN talNmat	urna rusupakelau Nor runa rupako rupakot teterupaakot kram tet rupakot mas mes ite rupaakot sapel pik srel Nintalmat
sout2856	mees rufla mai paakor kpulkpoN rufla wes pan nawesien pan ipi kotfak aliat	ma koruplama ipakorpelNo rik naepa naeen man ifikotfak alat
sout2856	malen kin nataNmol kaaru nen ifla tu msak nlaken kin tekaaru kipe pan tu natopu ki	malen kin nataNmul kaaru nen iplatomsak nlaken kin tekaarukifepan tu natopuki
sout2856	ato ntau ind`u No a pak malfane ipi malapoa atkos ntau ipaat	to ntain ru no Nopas sen opremriksa ris riskul malpani ipimalapaoleatkos ntawipak
sout2856	me raiten ifla mal ko tmen ifla mal kin aN kupiatlaken	mereiten iflamal kotmen iflamal kinaNkupatlake
sout2856	trawot nen itu me esan ilaotu wes tu rusoso ki elunak	trowotnen iitu me esan ilaotwestur so s elunak
sout2856	atae naN kefo nd`ikmam ki nakpet nafsan naN itili No ipo nd`ikmam kin	ataen naN kefo nrik mamki nopet naksan niN naN itili No iponrikmamkin
sout2856	ntwam ina ito islatlu nua nait iskei kaipami	entuaminatoksattu Nanwanaitiske kapaami
sout2856	katuoki nmatu neu me aN kpatao nmatu NaaN	nukatuk nmatun leu me aNpataun matu NaN
sout2856	too No taakpes rapiatlak ratmer piaselkir rato ur naor iskei	toNo taakpes rapatlak Naratmerpaselkir ratouru naoriske
sout2856	tiawi ni teetwei tae mau	tiawinitetwe ataptaemau
sout2856	ikerkrai ipitlak faat nen itol kulek ind`u rapato nlak nkas sanpen to tenen aslati aneitjum nlaken akit tutiiki esa	ikerre ipitlakfat nen itool kulekin ruin rapaton tlak Nkasaento tenenasatenetom lak enakitu tiii nesa
sout2856	esa ruta laap mau me esand` naNmer	rup laesar talaapmau me esanr naNperNN mmm
sout2856	No rupo tua teesa nmatu iskei malnen imuur na teesa nmatu ne	No rupotwaa tesan matu iske mal ne nimur na tesan matune
sout2856	amrokin afla kraksok namroan NaaN ko	amur epalakraksop namuranNanko
sout2856	ikuskro to ileka katapel ipan ind`ea faat isel kaai isati pan inom mer tao faat Na isol kaai pa	ikuskretot ileka katapeelipa ifan inrefar isolka isat ipan inom mertapa Na isolkaipa
sout2856	kefo mer ler pan kefo sos teesa nanwei Na	kifo merleerupan keposos tesanaakfeNa
sout2856	me akit tupi talpuk iskei	me akitupi talpukiske
sout2856	me nmatu nen rupi nmatu ni nafet ofisa	men matunon rufin matini napetopeser
sout2856	kuna kpafak sua	kunakfakswa naarte tafkeaskot iratlaN itol
sout2856	me tete nd`ak trawot ilunak nataNmool ipreNsaki man nataNmool	metetenrak trawot ilu nak natamol ipreN saakiman natamol
sout2856	tu msak panpan ale ilel na tete munwei nen ketae Na paNmor nlak namsaki Na	latumsak kanpanale ileel na tetemunwe nen ketae NapaaNur nlak namsakiNa
sout2856	amuurin na kaNakit traus natrauswen sees iskei natrauswen nen ipaakor maarik taakpes	omur kinaka Naki traus natrus enseiske natrasinen ipakor marik takes
sout2856	me ito marmar pan pan pan ikrokur kori kin iwat nd`ookot pan pa pak natik raru ina imtaki kori me imer ser imer palus	me ito mar marpanpanpan ikrokurkorikin iwapnrokot panpalpak natikraro na intak ikori me imer sef imer palurs
sout2856	upan paakor elaknar No sailas ito esuNm neNa to selwan ilek mam	upanmpaNkor elaknar No slas naot marik naot ito esuN mne Na ato selwan ilekmam
sout2856	No isol kram No masmes kailer kind`ik mtulep kin naN aN kpatok me kineu kamer pak talNmat pan kafan lel wak kpur na kia ikpas kit	Nosol kram Nomas mis kaler kin rikimtulep kinaNaNpatok me kino kamerpak talmaatpan kafan leel wakpur nakakpaskit
sout2856	No ina amuur na kand`ik mus ki na kol	Na inamur rekan tikmusi na tuk kofol
sout2856	ntau komam ramer tuer tete nand`omien sees ru mer neNar wesi pan tuer kin	intank konuraw mer tuer teten nanrumn ss rumer neNar wis ipan tuer kiin
sout2856	itaos malpei nmatu komam taos nkal ni nanwei	or itaos malpe nmatu komam umtak umtak kitaos Nkal ni naanwe
sout2856	rato mai pak elau emten malen tiawi ruto sol serale	aleratomaipakelawemten e tawirutasalserale
sout2856	malen kuleel histri kusupneki kineu afla leeles asupneki me aN nen NmeltiN ki tiawi kufla psir ko kufla tilNmori me kuf nd`oN natrauswen	malen kulelestri kusup neki kinwaflaleeles sup neki naaNnen kutoweltin kitawi kuplapsir ko kupla tilkmorik nakusnrok natrausen
sout2856	rufla nd`ikir ki na rupreN tenen nawesien natkon rumai pakruk naor iskei rupreNi nd`ak iskei inom	fla nrkrki na rufri ntanen nawisen natkon kularumarupak ruk nariski rupriNi nrakeske inom
sout2856	No ina webe naik seserik rumai kaifam nafnaN wi pan	No inawepe naikseseri ruma kafam lu nafnaNuwipan
sout2856	mpak ina itarkpek ntwam itaf rupuetsok ntwam rutai kot nanuen	mpakine itarkpakale mtukaamitapal ruputsok ntuamalruteikot nanuen
sout2856	too ito taar No maal itao ntaf maarik No kimai	to ito taar lekaaNo maalitaon ntaf napemaarikNokime
sout2856	kaaru ipiatlak nmatu selwan ralak ratap mer tao mau	kaaru ipetlak nmatu selwon ralak ratak meretaermo
sout3282	wen aId fInISt DeI wQz stIl De@ @n aI tUkIm h@Um @gen	wen aIh{d fInISt DewQz stIlDe{n { tu:k@m@Ulm @gen
sout3282	ju: dId@nt h{v t@ g@U b{k O: enITIn	ju: dId@n h{f t@ g@Ub{k@nu:zINj
sout3282	n fA:D@ went daUn t@ si: D@ eIdZ@nt hIz neIm wQz @nd hi:d let It t@ hIm	@fQD@ went d{n t@ si: D@edZ@nt p{sw@nz hIz nem wQz bIli:pQs@nz {n hi:ld It t@hIm
sout3282	dZVst neIl It t@ D@ aUtsaId Qv D@ hu:f	dZVst nelIt tu:t D@ ets@Ut@du:z
sout3282	O:l Qv eI sVd@n ju:d si: wVn Qv De@ teIlz g@U Vp n DeId bi:n @weIv D{t t@ @nd fr\@U In D@ e@ @n D{t wUd@nt bi: lQN bIfO: D@ VD@z DeI dVn D@ seIm	O:l @v@zhVnnw@d si: wQn@dQteI@Ulz g@UQt nDeh{d bi:n t@ wev {t tu:@nfr\@UInde Qn D{t bVn bIlQNfO:D@QD@z De dVn D@sem
sout3282	sVm @Uf@m meId eI hi:l Qv eI fVs li:vIN Qf	sVmwQn m{vh{t@vD@f@Usw@li:vInQf
sout3282	wen ju: g@Ut@m In {t naIt ju:d dZVst gIv@m wQt DeId gQt t@ h{v	wen ju: gQt @mIn@t n@Ut ju:dZVs gIv@n wQt Ded gQt t@ h{v
sout3282	O: mIdlINz DeI kO:lju:m naU d@UntDeI wi: ju:zd t@ kO:lju:m SA:ps	O:mIdlInz DekO:lhIm new@d @UthI wju:zd kO:lh@m SQz
sout3282	seIm {z wen m@fkIn wQz r\Ili:vd ju: n@U wen DeI wQz O:l pend Vp fO: eI lQN taIm n kUd@nt get aUt wen D{t wQz r\Ili:vd wi: hA:f eI deIz hQlIdeI fO: D{t	zemQz wen m{fi:kIn wQz r\Ili:vdZIn{wQn DewQz O:lpendVpt@f@lO:Nt{m ku:n gIt ep wen D{t wQz r\Ili:d wi:h{d@h{f@dez Ql@tIf@t{d
sout3282	D{t wQz daUn In D@ kO:n@ daUn D@ kO:n@ Qv D@ vIlIdZ	D{twQz d{n In D@kO:n@ D{n D@kO:n@ @ vIlIdZ
sout3282	faIv @klQk hA:f pA:st fO: faIv @klQk In D@ mO:nIN ju:d gQt t@ get De@ n fi:d@m je@	flI@klQk{{z f@U@ flIb@klVp memQl ju:d gQt@ get dIIn fi:dIm
sout3282	D{ts D@ sO:t Qv tS{p hi: wQ	D{t@z sO:@z{p i:g@U
sout3282	hi: wQz baU fO: jI@ @Uld@ D@n aI wQz aI ekspe	hi:wQz bIt f@U jO:@Uld@n@Uwet@s{
sout3282	It wQz Vp In De@ eI fju: jI@z b{k wen sVm Qv aU@ pi:p@l peId eI vIzIt @Uv@ De@	It wQzVp enn@@fju: jQz b{k wen sVm@bepi:p@l pe t@ bIzIt @Ub@te
sout3282	D{t wQz DIs fi:ld In fr\Vnt hI@ wQz O:l hQps aI k{n r\Imemb@ D{	{twQz we DIsfi:ld In fr\Vnti: wIDO:lQps wQtk@n r\Imemb@ D{tt
sout3282	@nd wen aI wQz {t benInd@n s@U h{p@nd D{t D@ @Uld r\IN@z DeI gQt pr\ItI l{pt @n dId@nt du: It ver\I wel @n D@ tS3:tS wO:d@nz DeI t3:nd@m aU n DeI sed DeId h{v eI jVN m{n	Qnd@wenwQz @t benIndIn s@U{pd D{t D@ @Ud r\IN@z hegQt p@tI l{pzIn dId@nt du:It bIIwelQn D@tS@tSwQz @nd set@ndQn DeDe sed dedh{v @ jVN b{nz
sout3282	jes O:l Di:z lIt@l TINz DeI kr\Qp V dZU@r\IN jO: @Uld eld@lI laIf ju: n@U ju: TINk @b@Ut@m	jIzO:ltIhIz lIt@l fINz D@ kQfQp DIw@In jI@Ul@ {ld@IlaIf ju:n@U ju:d tINk@bewt@m
sout3282	In benInd@ntS3:tS D@ belfr\I wQz O:l @Up@n {t D@ fr\Vnt ju: kUd si: D@ men Vp De@ pUlIn D@ r\@Ups @n aI wQz f{sIneItId wIT D{t	In benIndIntS@ks dIb{lfI wQz O:l @Up@n bQt t@ fVnt ju:ku:d si: t@ men Vp De pu:l InD@ r\@Ups {nd eIwQz f{sInetId wId{
sout3282	@U It wQz ver\I ver\I seld@m D{t ju: h3:d @baUt eI m3:d@	QnlIw{d b@i:b@i:z s{d Qm dIt ju: h@d @b{t@ m@d@
sout3282	s@U aI went In n gQt mi: gVn	QlwenhIn gQt mi: gQn
sout3282	aI sed wel aI D{t@l wQnt du:IN r\Ipe@r\IN aI sez In @baUt Tr\i: jI@z taIm hu:z g@UIN t@ du: It ju:	n@UzItwelQz D{t@wQnt du:In r\IpeIn @UzIz Inbet tr\i:jIz taImu:z g@Unt du:Itju:
sout3282	tu: str\eIt t@ bi: hO:sdi:l@ t@ get eI gUd lIvIN laIk	du:steIt bi:Qs di:l@ tIgIt@gu:d li:vIn lQ
sout3282	D{t kQst T3:ti:n kwId tetsmeId It wQz meId t@ O:d@ aI wQz D@ f3:st wVn t@ h{v eI Tr\i: Tr\i:r\aU kentdr\Il	n{tkO:z s@tINInkwId tIts meIti:wQz m{dO:d@@Uv@ D@f@st wQnt h{v@tr\i:ti:r\Vk{ntdr\Il
sout3282	@U De@ wQz eI lQt Qv w3:k wIT eI ti:m Qv hO:sIz	@Ud@w@t@lQt @v w@kwe@ti:mh@UlsIz
sout3282	De@ wQz eI keIs In bO:t@n	DewQz @keIs@bO:n
sout3282	@n bIg @Uld k{nd@lTIN hVN Vp In D@ mId@l Qv D@ belfr\I	D@bIgO:ldk{ndO:lfINO:NQp InD@ mIt@l@ t@ b{lfi:
sout3282	DeI wQz O:l In pr\ItI gUd fet@l je@	De wQz O:l In p@ti:gu:d fetS@l dId hi: ju:z t@g@U t@tS@tSIzwel D@l je
sout3282	@nd wel DeI ju:zd t@ tSVk hIm O: w@d kIl hIm @nd tSVk hIm @weI sVmwe@ tIl hi: r\QtId @nd gQt D@ b@Un aUt Qv hIm	Qndw@t@ju:z@tSVkhIm@w@d ki:lIm {ntSVk hIm @wesVmQ t@ li:b r\QptId@n QngQt DIb@Un Iwd hQbhIm
sout3282	@n ju:d su:n n@U If hi: wQz @baUt	Qnju:d su:n n@U If hi:twQz @beztd
sout3282	aI d@Unt ev@ sm@Uk@m du: ju:aI d@Unt laIk bO:t aI O:lweIz meId maI sIg@r\ets	@U@Ut nev@ sm@Uk@mdju: weId@Unt l@k bQtweIO:lw@z meIdbaIzsi:g@r\ez
sout3282	fVnI TIN aI aI h{d eI tS{p aId gQt@n eI sIg@r\et keIs wQt wQz gIv@n t@ mi: wen aI wQz f3:s stA:tId sm@UkIN sIg@r\ets wen aI wQz sIksti:n	wenIfINI eIh{d @dZ{pQh{gQtIn D@ sIg@r\etkes wQz gIv@n t@ mi:wen {wQzf@sttQd Iz sm@UkInz si:gr\ets w{n eIwQz sIksti:
sout3282	jI@z @g@U wen D@ lIbr\@lz wQz In aI O:lweIz TO:t D{t ju: n@U D@ lIbr\@lz DeI wQz ju: n@U @baUt {z gUd {z enITIN fO: D@ w3:kIN m{n IspeS@lI	jIz @g@U wenD@ lIp@lz wQz In {O:wIzsO:t D{t ju:n @Uld@lIb@lz DItwQzju:n@Ul bVt u:z ku:d@z enIsIN fO:t@ w@kIn m{nIspeSli:D
sout3282	aI sm@Ukt eI paIp fO: eI lQN taIm aI stIl sm@Uk eI paIp naU @baUt wVns eI mVntT	w{sm@Ukt @p@Ut fO:d@ lQNt@Um sd@ls m@Uk@pI ne bewQwQns@mQn
sout3282	@n wi:d gQt {n @Uld s@U	{n wi:gQtn @Usel
sout3282	jes wi: h{d fO: jVNst@z fr\Qm weIlz wQt wi: br\@Uk In	jet wi:h{d fO:jVNkst@s f@m welz bQt wi: bI@Uki:n
sout3282	d mi:	ku:dju:tel mi:@b{t D@ fQg bQt jO:p{kwQt ju:dId wIzIt e
sout3282	@U n@U wi: nev@ ju:zd t@ bQD@ @baUt D{ n@U	@Uln@U wen@vju:z t@ bQnd@dbet D{t n@U
sout3282	s@U aI mest D@ skIn V	t@UImes @skIn@
sout3282	@n kO:s wi: wI@ du:IN It fO: eI neIb@ hi: dVn It fO: eI neIb@	{nku:@wi:vz du:nIt fO:@n{b@d hi:ddVnIt fO:@n{b@
sout3282	aId gQt mi: gVn O:lweIz k{r\Id eI gVn	wQd gQt mIg@Un O:lw@zt@It@ g@Un
sout3282	aI h{d sIksti:n SIlINz eI wi:k wen aI gQt m{r\Id In naInti:ntwelv	weh{d sIksti:nS@n@nzwi:k n@U{t mQId@ n@Uni:ntwel
sout3282	Dem smO:l sIgA:z	De{m smO:lsIgQz
sout3282	@nd get D{t @nd DeI ju:zd t@ paUd@ It Vp n pUt eI lIt@l sVmTIN Qn wIT It	ndget D{t Qn Deju:z t@ peldetVpz@n pu:t lIt@l sVmpInlQN wIDItt
sout3282	hi: dId gr\@U eI lIt@l bIt Qv bA:lI aUt De@ @nd Den hi: dId@nt r\ek@n mVtS Qv It	hi:dIdg@UllId@ b@t@b{lIVp De{n Den hi:dIdnt r\ekmVtSQfIt
sout3282	wel hi: hi: wUd@nt bVt sVm Qf@m DeI gQt mi:nz Qv faIndIN aUt ju: n@U	Itwelhi:i: wu:d@nt b@t sVQmdIgQt mi:nz @fInIn u:tSInV
sout3282	n@U D{t w@nt p@UtSIN	n@U {wQn p@UtSIn
sout3282	eI fju: Si:	fu:Si:
sout3282	kVm h@Um wi: wI@ b@UT dr\VNk	kVmQnwI v@Udr\Vk
sout3282	@n maI fA:D@ @U hi: dId gIv mi: eI dr\esINdaUn	{n weIfQD@O:lwi: dIdI mi:@dr\es Ind{n
sout3282	aI laIk eI sIgA:	welVk@zsIgeI
sout3282	DeI sed bVt DeId nev@ faUnd It n DeI dId@nt n@U wQt bIkVm Qv It bVt aI n@U	Desed b@t dId neb@fenIt@ndId Iz@n@wQpItkVmQw@ bVt aIn@U
sout3282	wel aI s@p@Uz sVm Qv It wQz kVm baI tr\eIn bVt In D@Uz deIz DeI ju:zd t@ wO:k@m maIlz ju: n@U	weleIs@p@Uz sVmQbIt wQz kVm bItr\en b@t In d@Uz dez D@ju:s t@wO:k@n m{lzju:n@U
sout3282	@n De@ wQz eI tS{ neks dO: t@ Vs hi: wQz eI r\u:n@geIttS{	DewQz @tS{p nekst tO:t@vQs hi:ju:zd t@ r\Vn@gedtS{p
sout3282	hi: wQz D@ f3:s m{n D{t gQt Vs hA:f eI deI Qn D@ fA:m @nd @nd gQt aU@ mVnI r\eIzd Vp eI bI wen hi: wQz In paU@	hi:wQz @ p@fm{n D{t gQt Qzh{f@deQn D@ fQmQn Qn gQt@mVnIr\ezdVf@bIt wen hi:wQz Inpel@
sout3282	De@ w@nt n@U nOIz aUtsaId	n@wQnn@Un nz heps@Ud
sout3282	@n hi: wQz eI tS{p stUd @baUt sIks fUt ju: n@U	{n hi:wIz @tS{ps du:d v{t sIk fu:tzn@U
sout3282	ju: ju:zd t@ dr\Il jO: w3:z@l @n DeI ju:zd t@ kVm Vp p@h{ps {z TIk {z D{t	hIju:z t@ dr\IljO: w@zl {nd De ju:zd t@ kVmQp p{ps@fIk@z D{t
sout3282	sVmtaImz aI pUt eI sIgA: end In aI O:lweIz sm@Ukt sIgA:z ju: si: l{t@ pA:t @U taIm D@ lA:s faIv jI@z	sVmd@Un@Uzb@Ut@ sIg{r\I{n dIn@we O:lw@z m@Uk Ig{IzIzI l{t@Ip{tt@UIm l{st fQf jIz
sout3282	wen aI went Vp t@ hIm hi: flu: {t mi:	ku:k@lweneIwenQpt@wImji:flu:h{d mi:
sout3282	wel aI l@UdId Vp Di:z hQpp@Ulz Vp Qn D@ kA: hA:f eI kO:d @nd ju:d gQt t@ maInd haU ju: l@UdId@m t@ get hA:f eI kO:d @U Qv tSQpt hQpp@Ulz Qn eI kA:	wQleI l@UdId Vp Di:z QphO:lz Qn D@kQk h{p@kQd {n ju:d gQt t@ meIn @Uju:l@UdIdhIm t@ get @{p@kQd@ @btSQptQpO:lz QnD@kQ
sout3282	Its n@U si:kr\@t t@deI bIkQz ju: k{n baI bUks wIT It O:l pr\IntId In De@	Is n@U si:kr\It t@ D{ bi:kO:z ju:k@n beI bu:ks wQtIt O:l pIntIdInDe
sout3282	D{ wQz fO: pens aI TINk D{t D@ laIm D{t w@nt ver\I dI@	D{t wQz fO:ms@UDIkIt D@l@UIm D{t wQntwO:Idi:
sout3282	DeI sO: sVmTIN Int@r\estIn DeId g@U De@ If ju: w@n pr\QplI pr\Ipe@d fO: I	De sQl sVmfIN IntQIzsIn Ded g@Ud ev@ If ju: gQt@n pr\Qp@li: p@ped fO:I
sout3282	bVt wi: kept l{m n laI@n DeI w3:kt Qn D@ fA:m fO: sevr\@l jI@	b@t wi: kIp l{m@nl@U@Und hIw@kt Qn D@ f@m fO:s{v@l jIz
sout3282	D{t wQz {t kwi:n vIkt@r\I@z dZu:bIli:	D{t wQz @t kwi:n vIktO:@zdZu:bIli:z
sout3282	aI r\Imemb@ Qn h@ dZu:bIli: wi: wQz O:l gIv@n eI ti: Qn D@ vIlIdZgr\i:n De@ {t benInd@n	{ r\Imemb@ Qn@dZu:bIli: wi:wQz O:lgIf@n @ti:Qn D@bIdtSgr\i:n dIbenIndIn
sout3282	@n aI wi: ju:zd It Vp t@ @U wel wi: ju:zd It O:l D@ taIm wi: wQz De@ eIt jI@z D{t wI@ D@ f3:st jI@aI wQz @Uv@ De@ aI sed Il nev@ bQr\@U n@U mO: tu:lz	n@UwIju:zdIt Qpt@ IwIju:zd @Utt@UmwIju:z sI etjIz I@f@st j@h{d wIzIeIst@dQl nev@ bQ@n@mO: tu:lz
sout3282	If DeI nju: DeId b@UtId enI VD@ weI DeI w@d s{ksIm ju: n@U @U jes	If De nu:Deb@UtId enI QD@weDe wu:d s{k@l mIn@l @Ujez
sout3282	@n hi: sez wel wi: d@Unt set nVn aUt	{n hi:sIz wIl wi:d@Unt sItnQnu:
sout3282	nev@ si:n eI wUm@n sm@Uk @UnlI In D@ hQpgA:d@	nev@su: h@w@Umz m@Ug@UnIIn DI QpgQ
sout3282	fA:D@ kVm n fetSt hIm In D@ kA:t n wi: tUk hIm daUn t@ bUtS@ n hi: dr\est hIm n @U aI TINk hi: gIv mi: @baUt fIfti:n bQb O: eI paUnd fO: I	f{D@ kVm fetShImnt@ kQt{nwi: tu:k hIm dent t@ bu:tS@@n hi:dr\est ju: wIkIntjIgIm mi:bet fIfti:n pQb@pen fO:I
sout3282	maI fA:D@ w@nt r\IlIdZ@s {t O:l bVt hi: wQz str\eIt	mVf{D@wQt@n r\IlIdZ@s t@ tl wQt hi:wQz str\{k
sout3282	wel aI kUd@nt du: D{	wIlaI ku:d@nt du:D{
sout3282	bVt aI laIkt hIm hi: wQz eI ver\I laIk@b@l m{n	b@t aIlVksIn hIwz D@wIl@wei:lVk@b@d m{n
sout3282	aI ju:z t@ h{v plentI Qv r\u:m evr\IbQdI wQz @fr\eId Qf@m kO:z DeI gQt sVtS gr\eIt bIg hO:nz bVt DeI wUd@nt h3:t enIbQdI	@Uju:ls{t plentI@ r\u:m Itr\ImQtIwQz @fedVmIkO:z hI gQt s@tSgr\et bIgQnz bQt dewu:d n@f DendI bQdi:
sout3282	ju: n@U n DeI ju:zd D@ @Uld wImIn ju:zd kVm daUn fr\Qm lVnd@n @n lIv In hQp@hVts {z wi: ju:zd kO:l @m pIk Di:z hQps	j@n@ {n De ju:zd D@eQl wImIn ju:zd kVm d{n f@n lVnd@n {nddIbINnQp@@t sIz wi:ju:zd kQlQn pIk Di:z Qps
sout3282	In D@Uz deIz benInd@n wQz wel lUkt A:ft@ baI D@ 3:lQvkr\{nbr\Uk	In D@Uz dez benIndIn wQz wel lu:kt {ft@ b{ D@@l Q kr\{ndbu:k
sout3282	aI t@Uld maI sVn If hi: maI gr\{ndsVn aI sed If DeI wQnt ju: t@ setIn D@ w3:z@l aUt kO:s aI nev@ TO:t aI sed d@Unt f@get aI gQt eI h@U meId p3:p@s wIT kO:n@z SA:p kO:n@z fO: hUkIm aUt	aI t@Uld m@UzsVn fi: m@Ugr\{ndsQn aIz If DeIwQnt jd sIt n@ w@lzd letk@Us aInev@ tO:t n@Uz jIt d@Ut f@get @UgQtp@pm{t p@p@s w@ kO:n@z S{pkn@z fO: u:k@mI
sout3282	In D@Uz bUks D{t aI r\ed @baUt It DeI sed D{t DeI Vnd@stUd De@ wQz sVmTIn In D@ k@Ults maUT	In D@Uz bu:ks d@t vr\ed@b{tIt De sed D@t DeQnd@st@d DIt wQz sVmtIn Ind@k@Uts me
sout3282	@Ul mIl@ ju:zd t@ kVm r\aUnd wIT @Ul hO:s n kA:t @nd eI b{g Qv SA:ps sev@n bQb	@UlmIl@ ju:zd kVm r\@Un{n@Ul@Uz @nkQtjpek@z SQpsIv@n bVb
sout3282	kO:s D{t fr\aIt@nd Vs n D@ r\@Ups gQt r\aUnd Di:z k{nd@lz @nd Vp DeI went n O:l Qf@m went aUt @n kO:s wi: wQz O:l In D@ dA:k n hi: bO:ld aUt t@ Vs O:l leI daUn Qn D@ flO:	kO:s h{t tr\@Ut@nd@s {nD@d r\@Ups gQt r\@Und hi:z k{nd@lz {n Vp dewent @n O:lQb@m went het@n kO:s wi:wQz O:lIn t@ dQk nd hi: bO:ld {ttu:@zlled@Un Qnd@flO:@
sout3282	bVt @Uld wIntS @nd waInd@ De@ DeI DeI keIm fr\Qm kO:nwel fA:m {t gaUdh3:st Vnd@ mIst@	bQt Qld wIns@n waIndh@d@ dedekem f@m ku:mwelz p{m@t gIwd@stQnd@mIst@
sout3282	Si: ju:zd t@ teIk D@ tSIldr\@n t@ sVndIsku:l @n @r\eIndZ aUtINz fO: D@ pA:s@n Si: wQz ver\I fQnd Qv D@ pA:s@n	Si:ju:zt@ tek D@tSIldn sVnt@sku:l r\eIndetIns f@ D@ ps {nd Si:wQz wer\i: fQndD@ p{s@
sout3282	O:lweIz meId mi: @Un f{gz	O:lw@z m{t me@Unfegz
sout3282	n D@ f3:s jI@ lQst D@ hVndr\@d paUnd aI gQt nVTIN	In D@ f@st jIeIlO:fs IhQnd@d fIn@Uh{NgQt nQDIN
sout3282	D{t tUk mi: eI lQN taIm	n{ttu:kmi:h@ lO:N teIm
sout3282	je@ k{n If ju: laIk	@UkenIf ju: lQt
sout3282	seIm {z aI seI D{t Iz D@ f3:st TIN D{t me@ wIl du:	semQz Qzse D{t Iz D@ f@s sIND{t mIw@ldu:
sout3282	D{t pUt In Tr\i: r\aUz D@ @Uld wVnz O:lweI pUt In tu: tetsmeId	D{t pu:tNIn fr\i: r\@Uz D@UldQntQlwQz pu:tINIn tu: tets med
sout3282	aI de@ seI p@h{ps De@ wQz eI lQt Qf@m dId@nt b@Ut D@ seIm weI	aIdIsep@h{ps ItwQz @lQtQn dItn b@UtD@ semwen
sout3282	DeI lIvd In D@ tu: kQtIdZ wI@ meId Intu: D@ fA:mhaUs	De lIvd In D@ tu:kQtIzw@ m{tInf@ D@ fQmhu:s
sout3282	@n aI gQt eI bju:tIf@l l{br\@dO:dQg wIT mi:	D{n aIgQt@ bu:twIll{b@tO:dQgwIzmi:
sout3282	ju: n@U hi: went In D@ tSIkInhaUz waIlst aI SQt It	jn@Uju:enIn @tSIkInez wQt h@Uz SQtet
sout3282	bVt naU@deIz It d@Unt m{t@ d@z	b@t new@d hez Itd@Ut mVt@b@z
sout3282	In naInti:n twentIsIks wen D@ dZenr\@lstr\aIk wQz Qn	Inn{nti:n twentIsIkwen D@dZen@@lst@Ut wQz Qn
sout3282	It wQz mO: steI	ItwQz mO:sted
sout3282	hi: sez Il gIv ju: n O:d@ t@ baI eI bUS@l Qv laIm	hi: sez aIgIvIInO:d@ t@b@U @bu:s@l{n leIIm
sout3282	n Den wi: tUk Tr\i: eIk@z Qf lO:d Qf s3: @nd wi: wQz O:lr\aIt si:	nDen wi: tu:k tr\i:eIk@zO:f lO:O:fs@wO:t@b@i: {ndwi:wQz O:aItsi:
sout3282	kA:nt li:v Qf DeI seI bVt ju: k{n ju: n@U If jO: maInd meIk jO: maInd Vp kA:n	k{nli:vO:fDIs eIvjI kInd In @U@n m@Un mekInm@Und@kIn
sout3282	wi: br\@Uk In sVm r\ed wVnz tu: bIg @Uld r\ed stI@z {t sIsINh3:stkA:s@l	wi: br\@Uk In sVm r\edwVnz tu: bIg@Ulr\ed sti:z D{t sIsIN@sk{s@l
sout3282	wel aI sed aI dId@nt wQnt t@ weIst eI kA:tr\IdZ Qn hIm aI sed hi: wQz taId V	wz@UdhIm wQnt wes k{IdZQn hImwQzIt hi:wQz t@UdVp
sout3282	@n wen ju: sed jeI t@U @m gIvi:m eI pr\Ik In D@ S@Uld@ D{t @Uld bUl@k	@nwQn ju:sed jIt@QngImQn@pr\IkInj@S@Uld@{t O: bu:l@
sout3282	bVt hi: SUd@nt n@U S@d	bQthi:Su:t@nt n@USw@d
sout3282	wen aI wQz eIti:n sev@nti:n eIt	wQn@Uz IIti:nsev@nti:nIt
sout3282	aI r\Imemb@ wen aI wQz {t sku:l dZU@r\IN D@ saUT{fr\Ik@n wO: evr\I taIm De@ wQz eI vIkt@r\I DeI tUk eI pleIs wi: ju:zd t@ get hA:f eI deIz hQlIdeI	{ r\Imemb@w{n{wQz {t sk@U Dj In D@ s{t {fIk@nt wO: edw@tm dItwQz @ vi:kt@i: de tu:k @ples wi:jQzt@ get h{f @tez Ql@dI
sout3282	n hi: gIv mi: D@ p@UnI n t@Uld mi: t@ h{v hIm kIld wen aI dVn wI hIm	n hi:gI mi: D@ p@Uni:@n t@Uld mi: t@h{vhIm kIld wenI d@Un wenhIf
sout3282	O:lweIz h{v t@ t3:nem r\aUnd hed t@ D@ waInd @n	wQlju:z {ft@t@n@mr\@Un hedt@d@ wInd {n
sout3282	wi: wQz wi: tUk D@ DIs SQp Qf eI m{n neImd wen hi: went b{Nkr\Vpt	wi:wQzwi:tu:k D@DIs SQp kO:lf@l m{n nemd dZO:z fQ wen hi: went b{Nkr\Vps
sout3282	aI gQt mi: naIf aU n hi: stUd @nd lUkt {t D@ @Uld dQg n aI r\VSt In {t hIm n k{tSt h@Uld Qv wVn fr\Vntleg @nd wVn b{kleg n sn{tSt hIm Vp Qn hIz b{k n daUn Qn hIm @nd kVt mi: naIf aI h{d mi: naIf kVt hIz hed hA:f Qf	QmD@weIdz@UO: gQt mI n@UfIz {n hi: stu:d @n lu:kt {t D@ O:d dQg {hIr\VSthIn {dhIm {n kIs t@Ul wVn fVnt leg {n wVn b{k legn sn{tSthi:m Qp Qn hIz b{k {n dInQnIm@kVt mI n@UfIg{t mIn@U kVt i:zId h{fQ
sout3282	tets bi:n In feIv@S@m ev@ sIns aI k{n r\Imemb@	tetsbInt f{vISt mew@s @ntIlIk Imemb@
sout3282	@U jes wi: ju:zd t3:ne m aU	@Ujes wI ju:stt@Un@mel
sout3282	nev@ h{d tu: D@ seIm hO:sIz t@geD@ lQN bIkQz DeI wQz O:lweIz selIN wVn @Uf@m si: @nd Den baIIN @nVD@ wVn	new@h{d tu: D@ sIm@nO:s@z t@geD@d lQNbIkO:z @U @Uld IsellInd wQnQm si:n Dem b@Un @nQD@ wQ
sout3282	@nd DeI nev@ f@gQt D{t aID@	{n De neb@ f@gQt {t eID@
sout3282	aI O:lweIz TINk wI@ bet@ Qf wi: wQz bet@ Qf Vnd@ tO:r\I gVv@nm@n	eIQlbIzsINk wi:wQ bet@l wi:w@d bet@O:fQng@t@Udw@ gVv@mInt
sout3282	aI h{d It meId kQst T3:ti:n paUnd In naInti:ntwentIsIks	Q{dIt med kO:z f@ti:n p{n In n{ni:ntwentsIks
sout3282	DeI wQz eI lVvlI @Uld pi:l Qv belz Vp De@ wVn taIm bV aI d@Unt TINkDe@ kwaIt s@U naIs naU	Dew@z @lVbli: @Udpi:ll@b{lz VpDewQnteIm b@t aId@Ut tIk De kwaIts@n@Us nI
sout3282	aI bO:t eI nju: kO:ndr\Il @n maI @Ul m{n wQt wQz b{Nkr\Vpt hi: wQz g@UIN aUt D@ fA:m hi: sez f3:st m{n h@Ul wQnt t@ bQr\@U D{t hi: sez Iz	IbO:t @ nu: kQndr\Il {nQ@nd m{n wQt w@z b{Nkr\Vp t@ hi:w@z gwIn@het t@ f{m hi:zhz f@st m{n t@ wQnt t@ bQ@d {tIshzIn
sout3282	aI d@Un n@U weD@ D{t wQz swaInfi:v@ O: weD@ It w@n	aIdQnO:lwel l{twQz s@UIn fi:v@wI@ @Un
sout3282	aI dId@nt n@U D{	@U dId n@Ut{
sout3282	n fA:D@ hi: ju:zd t@ g@U In @nd get hIz b{k@ aUt Qv D@ SQp Den hi: wUd@n hi: dId@nt peI fO:	n f{D@ hi:u:z gwIn gIz b{k@etSQpmIn hi:wi:dInt peIv@
sout3282	aI left Qf dZVst laIk D{t ju: n@U	aIleft@U@fdZVst QD{tIn@
sout3282	hi: wQz dZVst ver\I Il hi: wQz	ju:wdZ@st f@I@l hi: wQz
sout3282	wel aI sed ju: k{n h{v I	wQl@UfsIdZu:k n{bI
stan1290	mE ui dy ku ZetE ase Soke ka~ Z@ sHi aRive	mE wi diku Ze tE ase Soki ka~Ze aRive
stan1290	ui ui ui	we d@eve
stan1290	El m@ ma~k deZa alOR k@ Ra~tRe d@pHi	El m@ ma~k deZa adER@syRa~tRe d@pik
stan1290	no~ Z@ kRwa pa	Z@na~ZRo pa
stan1290	a~f9~ o~ a deZa Sak fwa p9R d@ lEse d@ lEse pase 9~ yn u 9~	fw o~na dZa Sak fwa p@R d@ lEse tRa~spdlese pase gRo siRte u
stan1290	a~ fRa~s dy d@ de difeRa~t zOn ReZjo~ dy midi	a~fRa~s d@ d@ de difERa~d@a~ ReZo~dy midi
stan1290	mE syR pje de aktivite swa de bRikolaZ	mE syRpi de saktivitel swa de bRikolaZ
stan1290	a~f9~ pa d@ la mEm faso~ il ko~dHiz dy ku a dRwat	fa~padla mE fasa~i ko~dis dy ku adRwat
stan1290	Z@ pRofit a fo~	Z@ pRofita fa~
stan1290	alOR kEn fE se pa dy tu l@ l@ byt	alOR ka~fEt se pa di tu l l@ byt
stan1290	ki dOn	ki don
stan1290	a vREma~ l@ sa~tima~ dapRa~dR	naRa~Ema~a~d sa~tima~dapRa~dR
stan1290	uE paRs ka lepOk	E pas ki alEpok
stan1290	a s@ k@ ty	as@ k@tytt
stan1290	Zyst@ma~ a Sak fwa il esEjE d@	Zyst@ma~a Sak pa ilEsEje d@
stan1290	mE alOR Zyst@ma~	ma ala~R Zyst@ma~
stan1290	e pi il f@zE osi de skOn do~k dy ku fo fodRa k@ Z@ R@tuRn	epi vuzE osi desko dok dy kuf fEdRa k@ Z@ Rtud
stan1290	sa puRE EtR tRo bje~	sa p@ EtR@ kone
stan1290	se ka~ mEm yn la~g d@ d@ kyltyR o nivo myzikal ts@t@Ra	sE ka~mEm yn la~g d@ d@ kyltyRdi va~ myzikkal EksEtERa
stan1290	se yn aktivite kyltyREl sa	se naktivite kyltyREl sa
stan1290	alOR mwa Z@ ko~pRa~ s@ kil diz	alOR a~mwa Z@ ko~pRa~ski dez
stan1290	no~ paRs k@ sino~ be~	na~pas@ si no~ba~
stan1290	mE se vRE k@ d@ faso~ ZeneRal Z@ tRuv k@ a~ fRa~s	mE seRE k@ d@ faso~ZeneRal dSu k@a~fRa~s
stan1290	no~ paRs k@ aktivite kyltyREl fytyR ui alOR	na~pas k@ laktivite kyltyREl fytyR wi alOR om
stan1290	mE ty fE	mE ty fRE
stan1290	REst osi de moma~ o~ adapt	REst osi de moma~a~nadapt
stan1290	pa bo~	pa d@bo~
stan1290	mE la a la limit	mE la a lale ma~t@Z@ ZZ@pyp
stan1290	e paR Egza~pl Ze yn ami	e paR Eksa~ Ze in ani
stan1290	diREkt@ma~ mE ka~ o~ etE p@ti o~ tRainE tu l@ ta~ d@OR	diREkt@ma~mE ka~o~n EtE pytio~tREnE tu l@ ta~d@oR
stan1290	e tu e tu e pi	e tu e tupi
stan1290	paRs k@ sa se tRE e~pORta~	ask@ sa sE tREza~poRta~
stan1290	vRE titi Z@n@vwa a la	REtiti Z@n vwaalim
stan1290	pi Za~R uE	pi Za~RwE
stan1290	be~ dy vokabylER	badi vokablE
stan1290	etE o~	etEa~
stan1290	de a a~f9~ u se la saZfam ki sokyp	disaa~fam syRu sE la saS fam ki sE okyp
stan1290	apRE Z@ pa~s kil syfiRE da~tRe syR l@ syZE	pRESa~si syfeRE da~tRe syRl@ syZE
stan1290	Z@ sHi tuZuR a~ ko~takt avEk	e Z@ swi tuZuR a~ka~takt avEk
stan1290	do~k setE ase maRa~	k@ seta ase maRa~
stan1290	Z@ vwa pa sa kOm yn kORve absoly se	Z@ vwa pa sa komyn koRve apsolysE
stan1290	u ko~ p2 ko~ n@ p2 pa ko~pRa~dR	uk ko~n@ p@ pa ko~pRa~dR
stan1290	e pHi El E v@ny isi puR fER se etyd	E pwi ElE v@ny isi puR fER seEtyd
stan1290	uE de Sip no~	vE de Sips a~na~
stan1290	la matERnEl	la matERnE
stan1290	RigOl 9~ p2 d@ nu o~	Rigol lap@ nu
stan1290	pi apRE i	pi apRE o S@nbERg i
stan1290	le Za~ so~ o~ o~ de sityasjo~ difeRa~t e pi il l@ fo~	le Za~ so~a~de sityasio~difERa~t Epil l@ fo~
stan1290	mE la spesialite a~f9~ spesialite a~	mE laspEsialitEa~fa spEsjalitE
stan1290	se kul davwaR de	se kul davaRde
stan1290	alOR o~ dORmE d@da~	aloRa~da~RmEda~
stan1290	bRasaZ d@ popylasjo~ ki E tu a fE difeRa~	bRasa~Ze d@ popylasjo~ki E tutafE difERa~
stan1290	no~ no~	na~nORE
stan1290	bo~ i a p2EtR ply d@ sia~tifik i a ply d@ Za~ kOm sa	a~i a p@tEtR plys d@ sia~tifik e a plys d@ Za~R komsa
stan1290	nu o~ di ?Hita~t le bElZ diz Okta~t	nuRa~devita~t@ le baz@ dezokta~t
stan1290	Z@ vwajaZ pa tElma~	ZumEZ pa tElma~
stan1290	d@ paROl puR m@ fER ko~pRa~dR	de paRol pRm@ fER ko~pRa~dR
stan1290	Z@ vE daj9R sEt ane	Z@ave daj@R sEtane
stan1290	setE la matERnite	setE la matERnite
stan1290	Z@ pa~s osi k@ le n9Rs o~ etE	Z@pa~s osi k@le n@R so~ ete
stan1290	paR ZuR pa~s se yn tRa~tEn	paR ZuR Z@ pa~se yn tRa~tE
stan1290	mE otR@ma~ no~ alOR se pa fORsema~	mE otREma~na~alOR sE pa foRsElma~
stan1290	de tRyk k@ k@ Z@ fE suva~ plyto k@ k@ pRefeRe mE	de tRyt k@d k@ Z@fE suva~plyto k@ k@ pREfERe mE
stan1290	swa l@ mEtR a~ sut pi te pa syR d@ l@ R@tRuve	swa l mEtRa~sut pi itE pa syR d@l@R tRuve
stan1290	pi dy ku	pes dy ku
stan1290	dy pinaR osi	dy pinaRusif
stan1290	pRa~dR lavjo~ e tut se Sozla	pRa~d@ lavio~E tut se Soz la
stan1290	u ka~ Z@ sHi Z@ sHi aRive syR l@ tERe~ alOR apRE bje~ a~ta~dy o~ apRa~	ka~Za~s Ze aRive syR l@ tERa~aloR apRE ma~ta~dya~napRa~
stan1290	a~f9~ le le eSa~Z	fa le lezESa~Z
stan1290	de fwa pa tuZuR a ko~pRa~dR	il fwa pa tuZuR a ko~pRa~dR
stan1290	mwa ZSabitE	a Ze abite
stan1290	pRepaRe yn valiz e pi apRE il fodRa fodRa la	pREpaR in valiz E pi apRE ilfudRa fa~dRa lat
stan1290	ZEmE pa le odisjo~	Zel m@ pale sodisy
stan1290	kOm Z@ l@ dizE ava~ o~ a tuZuR y sEt EspEs d9~ p2	kom Z@ l@ dizE ava~nak ty ZuR  se lE spEs da~p@
stan1290	la pERtina~s dy dy temwaJaZ a~f9~ paRs	la pERtina~s dy by tEmwaJaZva
stan1290	k@ setE de EkspREsjo~ sHis paRs	ksite de EkspResio~svis pas
stan1290	a paRle pa~da~ d2 9R	ma paR ale pa~da~ d@z@R
stan1290	sa puRE l@ de fwa l@ ZEne	o sa p@REl de fwa l@ ZEne
stan1290	si te pa abitye ty p2	si tE pa abitye dypo p
stan1290	pa diR ma~ ui	palEZ@ ma~fi u
stan1290	fwa ko~ apRa~ kElk@ mo o~ koma~s 9~ p2 a R@konaitR de mo	pa ko~napRa~d kElk@ ma~koma~sa p@ aRkonE de mo
stan1290	a yn e~fiRmjER aSEmpe ka~ mEm	na yn afiR@meRaSE pe ka~mEl
stan1290	v2 fER	v@ fER
stan1290	a mo~ avi	la ma~d avi
stan1290	e mEm a~ mEm da~ l@ bys a~ dEsa~da~ i a 9~ ga ki nu dizE	emEmmEm da~l@ by sa~dEsa~da~iaa~ga ki nu dizE
stan1290	si o~ E plyzj9R edykatRis s@lo~ l@ no~bR d@	si o~nE plyzyR zedykatR e s@la~l@ na~b d@
stan1290	il mela~Z volo~tie le aksa~ il fo~ yn sORt d@ mela~Z	imEla~Z@ vola~tie leaksa~ yfo~yd@ sfoRt d@ mEla~Z
stan1290	da~ le da~ le vil	a~le kRa~t da~le vil
stan1290	no~ paR ko~tR ui d@ ta~ a~ ta~ ka~ mEm Ze le~pREsjo~ k@ le Za~ f@zE ata~sjo~ o vokabylER	na~paRa~tR wi ta~a~ta~kEm dZelavREso~k le Za~ fEz ata~so~ bokabylE
stan1290	mE i a i a ka~ mEm yn difeRa~s mE bo~ bo~	Ee ka~Eb difERa~s@ mE bo~ba~d
stan1290	mE se vRE k@	lasRe k@ @
stan1290	okazjonElma~ o~ nEst pa de gRa~	okazjonElma~nE pa de gRa~
stan1290	ka~ il aRiv il o~ l@	ka~teza~Ri viza~l@
stan1290	de mo kOm puts u Rwale mE ytilize plyto puR Rigole	de mo kom putse Roje mE ytilize plyto puR igol
stan1290	alOR Z@ pa~s se 9~ p2 paRs k@ Z@ konE mE i a klERma~ de fwa osi Z@ puRE pa diR mE	aZ@ pa~s ap@ paRs k@ Z@ konE mEilal klaRma~de fwa osi ZZ@ pRE pa diR mE
stan1290	bo~ vwala o~ E ZamE paRti tRE lwe~ pi o~ E tuZuR tuZuR fE dy ka~piN	ba~vala o~nE ZamE paRti tRE lwa~pi onE tuu tuZuR fa dy ka~pin
stan1290	l@ ZaponE	l@ ZaponE
stan1290	El E tRE uvERt o~	alE tREzuvERta~
stan1290	puR vwaR 9~ p2 da~ la kaRaf s@ ki avE mE setE vREma~ de vRE pOm	puR vwaR a~pR@ta~lakaRas@ ki avE mE se tE vREma~de gRE pom
stan1290	a~f9~ o nivo de la~g aziatik Z@ pRefER laRZ@ma~	fa~o nivo de lOg aziatikk i Z@ pRE fER laRZ@ma~
stan1290	uE alOR	mwEEla~
stan1290	l@ deZ2ne l@ l@ l@	l@ deZ@nell
stan1290	be~ a lAZ kOm Ze di ava~ u osi o d@gRe d@ familiaRite mE	paalaZ@ kom Ze di ava~osi o d@gRe d@famil aRite mE
stan1290	ki so~ doRiZin italiEn mEm a la limit	kil swa~doRiZin nitaljan mEmaalemit s
stan1290	pa no~ pa fORsema~ no~ Z@ kRwa k@ tu l@ mo~d REst 9~ p@ti	paRleno~pa foRs@Z@ wa p@Rstptip
stan1290	il ZeneRalma~ il dOn tut le silab	ilZeneRalma~il don tut le silaba
stan1290	la ui	a~lavi
stan1290	se dyR	se dyR
stan1290	mE mE Z@ sE pa se se	mE me Se pa sese
stan1290	pi il v@nE il v@nE suva~ syR l@ diskyte	pi vnE i v@nE suva~syR l@fa diskyte
stan1290	setE tRo bje~	stE tRovER
stan1290	mwajEn dapRE s@ k@	mwajEn dapREsk@
stan1290	sa se syR	taa se syR
stan1290	efOR k@ Ze pa fE avEk lalma~ Zyst@ma~ se sa l@ pRoblEm	E fak Ze pa fE aekalma~Zisse sa~pabE
stan1290	pa uE sa depa~ tuZuR d@ tu l@ gRup ka~ mEm se tuZuR	paa~wE sa~depa~tuZuR d@ tul@ kRup ka~mEm se ZuR
stan1290	Z@ pa~s pa a a mo~ mo~ a a mo~ avi	Z@ pa~s@ pa amo~a fo tREdiRm@a~lavi
stan1290	?a~dikap ki ki E pa diaJostike do~k	la~Ra~dikap ki sekE pa d@diR ap@noRstike do~k
stan1290	il nu Rako~tE Zyst@ma~ kil alE il se~kRystE	i nu Ra goteZyta~mwa kil a de il sa~kRystEp
stan1290	sa dwa EtR klERma~	sa dwa ete ym klERma~
stan1290	ZavE dy pa	si avEdyse pa
stan1290	paRs k@ de Za~ ply ply ko~peta~t d@ tut faso~	pask@ ZRE ydeZa~ plys ply ko~pEta~ tut faso~
stan1290	o mEm titR k@ mwa Ze l@ dRwa dEtR fjER dEtR sHis a~f9~ Z@ v2 diR	RomEm titR koma ZE dRw dEtR fiR dEd sy isi paR Z@ diR
stan1290	sypERb RezERv natyREl daj9R se la kil o~ tuRne l@ film	sypERbREzea~natyRE d laj@R se la ki zo~ tuRne l@ film
stan1290	apRE nu fER a~g2le paRs ko~ a tu pete	pRE nu fERa~gyle pask@o~na tu pEte
stan1290	pREsk plyto ata~sjo~ a s@ k@ ty va diR	pREsk@ plyto ata~sjo~a s@ k@ ty va diR
stan1290	mEm si o~ setE Ra~dy ko~t k@ le vwatyR RulE a goS	mEm sa~sEtE Ra~dy ko~t@ k@ le vwatyR u lE a goS
stan1290	no~ mE tu tu s@ vERbiaZ tut se bEtiz k@ Z@ di	na~mE tu tu s@ vER biaZ tu se bEtis k@ Z@ di
stan1290	ka~ o~ sOR d9~ metie o~ na pa o~ sE a~kOR pa tu	ka~to~suR da~metio~na paRa~sea~koR pa tu
stan1290	mAS 9~ p2 notR dERnjER silab suva~	ma~Za~a~p@ notR@ dERnER si l aa ba~suva~
stan1290	ka~ ty le a~ta~	R ty leza~ta~
stan1290	a~sHit o~ E aRive kOm a de	a~sy da~na Rive koma dessp
stan1290	mo isy dy vokabylER	mo si dy vokabylER
stan1290	mE se vREma~ si o~ nEst pa dy tu abitye se dyR	mE se vREma~se nE pa di tu abitye se dy
stan1290	a mo~ o~kl ki abit be~	ia ma~no~k k abit@ baz
stan1290	t@ ki t@ di ka~ mEm	t@ki t@ dika~mEm
stan1290	kul ty va ka~	kol ti va ka~
stan1290	alOR Ze aREte	pa~Z@ aRete
stan1290	ZEsE d@ fER 9~ p2 ata~sjo~ de fwa	Z E sE ki fERa~p@ata~s syRefwa
stan1290	mo d@ ZaRgo~ ki puRE paRaitR vylgER puR dotR pERsOn	bo dZaRgo~ ki puRE paR n vylgER puR dot pERson
stan1290	ka~ il diskyt a s@ moma~la	ka~t il disky E sE ma~da~ab
stan1290	ki etE alma~ ZamE il a mEm py diR bo~ZuR a~ fRa~sE	ki EtERalma~ZamEila mE py diR bo~ZuRa~fRa~sE
stan1290	a~ koma~sa~ lekOl a~f9~ l@ ZaRd9~ da~fa~ mEm	koma~sa~ lekola~fa l@ ZaRdE da~fa~mEm
stan1290	se 9~ p@ti p2 de fwa difisil a	sEa~p@tip@ de fwa dik@ sil
stan1290	no~ alOR puR sa ZoRE a~vi d@ diR k@ se ase egal a~f9~ Z@ v2 diR o~ a tus no	na~alORpuRsa Z@ Ra~vi diR k@ sa se egal a~fa Z@ diR a~da tus no
stan1290	e Z@ Ze a~f9~ sa ma Zyst utRe paRs k@ Se nu o~ fE pa dy tu sa	e Z@ sE Z@sama~Zyst utRepask@ Ze nu vE pa di tu sa
stan1290	se le n2Sat@lwa ki diz kil paRl l@	sE nyn@ Sastla~a ki disiki paRl@
stan1290	mE il a syRveky	mE la syRvEky
stan1290	Ze pa le~pREsjo~ deZa davwaR 9~ aksa~	ZE pa lapREso~ deZa davaR anaksa~
stan1290	l@ sypERb pEizaZ be~ se la	le sipER d@pEizaZ ba~sela
stan1290	pi a~ dEsa~da~ o~ a pRi yn Rut	pja~desa~da~do~napRi yn Rut
stan1290	uE dEtR kOm 9~ fRa~sE kOm	a il dEtR kOma~fRa~se kOm@R
stan1290	syR l@ palie mE sa se pa vREma~ mwa ki avE yn R@lasjo~ avEk	syR l@ palie mE sa sE pa vREma~mwa k av yn RElasjo~avEk
stan1290	e do~k no~ Ze ply vREma~ d@ ko~takt avEk le Za~	E do~k na~Ze ply vREma~d@ kotak aEk le Zo~d
stan1290	no~ El etE vERt	na~l ete vERt
stan1290	alOR vwala o~ E paRti la apRE Ze y la Sa~s	aloR valao~nE paRti la apREzy la Sa~s
stan1290	mo~ gRa~ fRER il a il a vaS@ma~ bje~ apRi lalma~	mwa~ gRa~fER il a il a vaZma~bja~apRi lalma~
stan1290	de pR@mje swe~	de pR@me swa~R
stan1290	il a ete 9~ moma~ done il ak2jE la ko~feRa~s sHis de ekOl d@ komERs	il a ete a~moma~da~ne il ak@jE la ka~fERa~swis de Etwal l@ komERs
stan1290	do~k Ze yn bElso9R ki abit o tEs9~	do~k Ze yn bEl s@R kabito tesa~
stan1290	pa tElma~ l@ n2Sat@lwa il a 9~ aksa~ ase e~pORta~	pa tElma~l@ n@ Sat lwa il aa~naksa~ase a~puRta~
stan1290	a di o m@sj2	a dia~bsj@
stan1290	ki paRl l@ mj2 l@ fRa~sE	ki pal l@ m@ fRa~sE
stan1290	se vREma~ be~ nu paR paR Egza~pl a~ sHis Z@ sE mEm pa si	sE vREma~panu paR Eza~ pa~si Ze mE pasik
stan1290	se vRE k@ da~ se sea~s notama~ o komite	sE vREk@ da~se seRa~s@ notama~komite
stan1290	sa depa~	sa depa~ts
stan1290	paRs ki a le a~fa~ ki paRt a lekOl pi i a osi s2 ki	paski a le a~fa~ ki paRta lekol pia~si s@ k
stan1290	a~f9~ Z@ v2 diR a~ tus ka le	faZ@ deRa~tu k ale
stan1290	se ma~Ze e bwaR le	sE ma~Ze E bwaR le
stan1290	Z@ kRwa	Z ka k
stan1290	pi i a s@ vwajaZ a kEl oR9R e pi k@ l@ swaR Z@ m@ di i a	pias vwaaZa keloRER e pi k lo saRZ mE diaiz
stan1290	syRtu a~ sHis a~f9~	syR tu a~a~swis a~fa~
stan1290	mE bo~ sa se pERsOn ki diz e apRE	lava~sa se e pERson ki diz depRE
stan1290	bo~ ply o~ gRa~disE ply o~ a~ avE maR	ba~ pyia~gRa~disE pi o~nuavE maR
stan1290	do~k o~ o~ ako~paJE la~fa~ e la mama~	da~ka~na a~naka~paJe la~fa~e la mama~
stan1290	a~ tRwazjEm ane Ze	a~tRwam anee
stan1290	a la matERnEl	a la matERnEl
stan1290	fE o~ na pa pRi l@ mEm S@m9~ puR mo~te k@ puR dEsa~dR do~k	fEta~na pa pRi d@ mEm S@mEpuR mo~te k@ puR de sa~nok
stan1290	a duz a~ il so~ da~ l@ mEm	a doza~ e sa~da~la mEm
stan1290	paRs kalOR le vodwa il o~ osi 9~ aksa~ bje~ pRono~se	pask aloR le vodwa ilza~osi a~naksa~bja~pR@na~si
stan1290	pi ki a pa da~fa~ a la siEst o~ pRofit d@ nuvo dale d@OR	pi kia pa da~falasi es@ ta~pRofit d@ nuvo dale d@
stan1290	pa boku d@ mo~d ki ko~tiny Za~R	pa boku d@ mo~d ki ko~tiny ZoR
stan1290	kElk Soz dase	kelk Soz dase
stan1290	fE k@ natyRElma~ be~ daj9R Ze sulve la	fE k@ natyRElma~baneR Zee ki suluve la
stan1290	a sHivi le kuR a lEpEfEl	asivi le ku ale pE fEt
stan1290	ase e~kRwajabl	a se akanam
stan1290	tut la vEsEl ki a a fER apRE	tut la vE sEl ki a fER apRE
stan1290	ki E tRE Su	iE tRe sy
stan1290	sypER letydia~ a~ lEtR ki li	sypER nEtydija~lEtR kil li
stan1290	be~ liteRatyR	pa l litERatyR
stan1290	no~ se Zyst yn difeRa~s d@ de~tERlokyt9R mE paR RapOR a la	sEda~sE Zyst yn difERa~s d@dEtERlokyt@R mE paRapoR ala
stan1290	ki E 9~ p2	ki Ea~f@
stan1290	se tuZuR kul	es tyZuR kol
stan1290	u Z@ tRavaj le le tu p@ti so~ da~ 9~ OtR lokal	uZ tRavajle le tupti so~ da~za~not lokal
stan1290	mEm R@tRuv twa mEm i a pa pRoblEm	mE il t@tuZ twamEE a pa d@ pRoblEm
stan1290	pi se vRE k@ o~ E ale kElk@ fwa a~ vaka~s a~ itali	py syREk sso~n ale kElk@ fwa~va ka~sa~nitali
stan1290	e da~ da~ l@ ko~tEkst k@ tRuv se vRE k@ ty fE ply ata~sjo~ ty kOzE avEk	Eda~la~lka~tEks@ k@ ty ttRuv sEvR Ek@ ty fE plyzata~sjo~ak ty koze avEk
stan1290	p2EtR Z@ diRE plyto la	p@tEtRZ@ diRE p@tu la
stan1290	se ase se ase fu	atasesa si Su
stan1290	sa d@vE EtR sa	sal vE etsER
stan1290	a plyzj9R Soz	a ka~mEleZyR Soza~Enaktis
stan1290	a~f9~ se kOm si El vie~ vER mwa e kEl m@ di a~f9~	pa~se kom si El bjEvER ma k el m@ di ba~Zon ofa~
stan1290	a~f9~ kElk@ minyt a~ ply kOm sa si ZamE o~ a l@ ta~ d@ s@ Ra~dR ko~t	paR kElk@ minyta~pli l k@msa si Zama~naata~d@ s@ Ra~dR ko~t
stan1290	se plyto uE da~ la da~ la faso~ a~tR	se plyto wE da~lda~la fasa~a~tR@
stan1290	n2SatEl osi se se~pa paRs k@ se pla	nESatEl osi se sa~pa pas se pla
stan1290	kOma~ o~ di sa e tu e tu	koma~di saRitw e tu
stan1290	d@ ma paR d@ d@	d@ ma paR d@ fi d@
stan1290	mE a~f9~	mEfa
stan1290	diR se deZa	iR sE Za
stan1290	paRs k@ nORmalma~ Z@ le vwa da~ la kHizin o~ paRl d@ tu d@ Rie~	skE da~ma~Z@ dRe va da~REkwizi no~pa da~d@ tu de Rja~
stan1290	avE yn maZoRite Za~R dalbanE u bje~ d@	avE yn maZoRite ZoR dalbanE ubja~d@
stan1290	alOR a 9~ moma~ done	aloR aa~moma~donE
stan1290	p2 ekOs	@vE kwEs
stan1290	Zoli vER	Z@ livER
stan1290	e~flya~se paR	a~flya~se paR
stan1290	mE bo~	mE pa~
stan1290	ty tRuv pa d@ lj2 puR abite a n2SatEl	ty tRuv pa d@ lj@ puR apite a no SatEl
stan1290	a maZoRite sHis alemanik	a maZoRite swisale mani
stan1290	d@ s@ diR vwala mwa Z@ sHi	p@ s@ diR valamwa Z@ swi
stan1290	pi finiR a~ tRaZedi do~k	py finiRa~tRaZe di na~k
stan1290	ko~tR o~ etE osi fORme puR paRtiR	ko~tRo~netE osi foRme puR paRtiR
stan1290	il a~ pRofit do~k Zakkso~	ila~pRofid da~k ZaksZakson
stan1290	il o~ tRwa baR da~ lynivERsite	ilzo~ tRwa baR da~lynivERsite
stan1290	u ko~ a apRi a~ kolOk u o~	pu ko~napRia~koloku
stan1290	ZoRE p2EtR fE ata~sjo~ ZoRE p2EtR	Zi oRE p@tEtRe ata~sjo~Ze oREptEEtREtR
stan1290	mwa Z@ m@ suvie~ tuZuR d@ la pR@mjER fwa u avEk me paRa~ o~ etE dEsa~dy	a~Z@ m@ sumja~duZuR d@ la pR@meR fwa u avE ki mi paRa~ ete desa~dy
stan1290	vwala o~ adapt le bRikolaZ	o~alaa~naldap le bRi kolaRZ
stan1290	setE ase fu paRs	sEte asi fu pas
stan1290	bo~ se vRE k@	ba~R sE vRE k@
stan1290	be~ a~ tus ka esEje	paa~tuk a sevi
stan1290	do~k mE la pRofEsjonElma~ setE	da~k@ mE lapRofEsionElma~setE
stan1290	mE bo~	mE ba~
stan1290	e k@	e k@
stan1290	bo p@ti ka~piN	bo~p@tika~pi
stan1290	no~ o ko~tRER	na~ko~tRE
stan1290	mEm alOR efEktivma~	mE mEla REfktivma~
stan1290	kolEZ kOm sa do~k apRE Ze Ze Ra~ko~tRe de	kolEZ kom saa dok apRE Ze  ZeRokotRe de
stan1290	ply a~f9~ Z@ Z@ Ra~tR mE Ze	pya~fa ZZ@ Ra~t mEZi p
stan1290	l@ mEj9R fRa~sE d@ d@ d@ sHis	d@ mEjR fa~sE d  d@ swit
stan1290	d@ ?o~z a~ e d@mi	d@ a~sa~imi
stan1290	se maJifik batima~ ki etE abite paR de paR de Za~	se manifik batima~ki EtE abite paR d nota paR de
stan1290	Z@ sE pa s@ k@ Z@ p2 Rako~te	@ZE vas@ k@ Z pERakwate
stan1290	e pHi la d2zjEm ane be~ me~t@na~	epwi la d@zem ane bam@na~
stan1290	a~tR se~k e dis ZuR a la matERnite	Ra~dsa~ ki di ZuR ala matERnete
stan1290	apRE le etyd fER 9~ staZ u	apRE le zety d@ fERa~staZu
stan1290	da~ da~ le ke~z a~ a v@niR Zim@RE koma~se d@ fER de klakEt	da~da~le ka~za~avniRZ@mRE koma~se fER de klakEt
stan1290	de pAt	de pat@
stan1290	be~ uE	ba
stan1290	uE bo~	awEba~
stan1290	Z@ l@ pRa~	Z@ lapRa~
stan1290	a~f9~ setE vREma~ setE sypER kul	fasi tE vREma~sE sypERkul
stan1290	mE ty dwa tuZuR fER ka~ mEm bje~ ata~sjo~ e bje~ pOze	mE kil dwa tuZuR fER ka~mEm bja~nata~sjo~a bja~poze
stan1290	Em bje~ ale a~ sHis kwa	nE bja~lEa~swis ka~
stan1290	setE 9~ bo~ manipylat9R e 9~ bo~ oRat9R a~f9~	stabo~ manipylat2R a~bonoRatR
stan1290	be~ le le fRa~sE ko~pR@nE pa fORsema~	bE le le fRa~sEl k ofR@nE pa foRsema~
stan1290	pi a	p ap
stan1290	kOm lapREmidi u i a 9~ p2 mwe~ u	kom la pR@mi di u iap@ mwa~u
stan1290	a~fa~ nORmal no~ ply mE	na~fa~n@Rmal na~ply mE
stan1290	Z@ p2 diR kElk Soz d@ d@ ko~v@nabl a~ alma~	Z@ p@ diR kElk@ Soz d@ d@ ka~vnabla~nalma~
stan1290	bo~ e o~ E pa mal d@ n9Rs ka~ mEm	ia~nE pa mal d@n@R s@ka~mEm
stan1290	mE tu sa E 9~ 9~ fORm 9~ pREsk 9~ tu a la limit	mE tu saEta~foRma~pREska~a~tutal ba~eka~
stan1290	be~ vwala	wama~la
stan1290	Za~R d@	Za~d@a
stan1290	ty v2 tEkspRime ty tEkspRim kOm ty dwa tEkspRime kOm ty R@sEn twa	s ty v@tEkspRime tyEt EkspRim kom ty dwa kspRime komty Rsa~twa
stan1290	e pi	epi
stan1290	mE Z@ tRuv ui o~ a 9~ maJifik pEi	E Z@ tRuv wio~namanifik pE
stan1290	se la buf a~	sE la buSZ
stan1290	setE tRE tRE se~pa	setEtRE tRE sa~pa
stan1290	kOm sa ty Ra~ko~tR ple~ d@ mo~d	kom sa ty Ra~ko~t pla~d@ma~d
stan1290	katR u se~k kupl k@ lo~ Ra~ko~tR a~kOR ase fasilma~	katR usa~k kupl k@ la~Ra~ko~tRa~koR asi fasilma~
stan1290	mE se se~pa l@ ka~piN me~t@na~ Ze bje~ a~vi d@ R@fER	mE se sa~pa l@ ka~piN ma~tna~Ze  bjEa~vi d@ R@fER
stan1290	se p2EtR ply tElma~	se pEtEt ply dema~
stan1290	il il	ii
stan1290	Zyst@ma~ Ze demenaZe de tRwa Ry	Zyst@ma~Ze de mEnaZe de tRwa Ry
stan1290	yn fij d@ bOn famij	yn fij d@ ba~n fame
stan1290	pi be~ me~t@na~ Z@ tRavaj mE da~ yn kRES	pi ba~ mEtna~Ze tRae mE da~zyn kRES
stan1290	d@pHi d@pHi lo~ta~ paRs	d@pi d@lpli lo~ta~pase
stan1290	a~f9~ dy ZaRgo~ n2Sat@lwa	afady ZaR go~d@ Sat@lwa
stan1290	El va l@ fER si Z@ l@ fE pa	al val fER si il l@ fE pa
stan1290	bo~ me~t@na~ se vRE k@	va~ ma~na~savR ak@
stan1290	se vREma~ tRE sHis	seRama~tRE swis
stan1290	e pi Z@ d@ma~dE de mo	E pi Z@ d@ma~de de moR
stan1290	se a~kOR pa yn tut gRa~d gRa~d gRa~d koRal	sa~kuR pa yn tut gRa~d gRa~d gRa~d koRal
stan1290	Z@ pa~s ko~ lapRa~dRE a~kOR fasilma~	Z@pa~s ka~dla pRa~dR a~koR ase fasilma~
stan1290	do~k o~ puRE mEtR ply d@ mwaje~ la a mo~ avi	ta~vu puRE mEt@ plys d@ mwaja~laba~lami
stan1290	ka~ o~ E aRive o vilaZ	ka~ta~ m aRive o vilaZ@
stan1290	alOR ty va p2EtR m@ ko~tR@diR e m@ diR ty la a~ta~dy mE alOR no~	alaR ty a p@tEt m@ ko~tR@diR i m@ diR@ ta tyl laa~ta~dy mElna~
stan1290	Rie~ dy tu	Ra~dy tu
stan1290	pa otomatikma~ Se nu paR Egza~pl	pa otomatik ma~S inua~paR Ekza~pl
stan1290	pi a~ ply o~ E Ra~tRe a~	ba~ pli sa~neRwatRe
stan1290	a~f9~ ZEm bje~ esEje d@ fER de Soz pi ZEm bje~ ka~ sa Reysi	a~fE ZEmbja~Eseje d@ fER de Soz pi ZEmba~ka~ sa REysi
stan1290	ui de eSa~Z	ui sE de zeSa~Z
stan1290	tu a fE o~ sit@Ra pa d@ no~ mE	dafEvEsi tRapana~be
stan1290	do~k sa setE vREma~ vREma~ se~pa	aRk sa setE vREma~vREma~sa~pa
stan1290	etE 9~ 9~ gRup	Etea~gRup
stan1290	k@ le alma~ ki o~ fE sa a so~ gRa~pER	k@ de zalema~ki o~fe sa a so~gRa~pER
stan1290	e pHi da~ la da~ a lOzan	epwi da~ala da~alozan
stan1290	puR la puR la la lEktyR	puR la puR lala lEktyR
stan1290	a~tR 2	a~tR@
stan1290	no~ se yn blag fo pa note	na~se yn blagEa~vu pado~ti
stan1290	sa il fo R@konaitR	sa i fuR konEtRR
stan1290	Zyst@ma~ mwa Z@ o~ mavE	fistama~ma Z@ a~ma e
stan1290	il puRa i avwaR kElk@	il puREEgavwaR kElk@
stan1290	mE la	mEla
stan1290	Z@ laksEpt pHi o bo~ vu l@ pR@ne kOm vu vule	il aksEapma~pi a~vul@ pR@ne kom vu vulE
stan1290	no~ alOR mwa Z@ kRwa pa alOR	na~OR ma~Z kRwa pa
stan1290	se RaR se a~f9~	se RaRa~se a~fa~
stan1290	kElk@ kElk@ EkspREsjo~ osi de mo	kElk@zE kElk@z EkspREsja~o~sidEma~
stan1290	k@ gRup mE mwa Z@ f@zE pa gRa~Soz	k@  gRup mEma~Z@ vuzE paR gRa~Soza~o~
stan1290	syRtu da~ s@ sa~sla u REste a tabl	syRtu da~s@ sa~s lau REste a tab
stan1290	paRs k@ ty R@tRuv tRE Rapidma~ s@ k@ twa	paRs@k@ ty R@tRuv tRE Rapid@ma~s k@ twa
stan1290	e kOm se a sEt ane ko~ fE l@ vwajaZ detyd	Ekom sE astane ko~fE l@ vwajaZ detyd
stan1290	bo~ mo~ p@ti fRER il E paRti a~ almaJ	ba~ma~m difeR Ele paRtia~n alman
stan1290	Z@ l@ R@sEn pa d@ la mEm manjER	Z@ loR sa~pa la mEm manE
stan1290	viv le la~g mORt	viv le la~ ma~Rt
stan1290	e pHi l@ piR se k@ me~t@na~	Epwi l@ piR sEk@ ma~tna~
stan1290	u alOR l@ koRee~	uanoR l@ koRea~
stan1290	a~f9~ l@ l@ kafe glase	a~fEl l@ kafi glase
stan1290	e se Za~la paRlE p2EtR	E seZa~lapaRmE pl@tEtR
stan1290	sa mokyp a~f9~	sa mokypa~fa~s
stan1290	fER de gRijad o bOR dy lak	fER de gRi a doba~di lak
stan1290	fORsema~ a~f9~	fuRse ma~fa
stan1290	il a~gaZ ply d@	iza~a~gaZ ply d@
stan1290	pAk noEl fEt de mama~	paknoEl fE de mama~
stan1290	Ze Z@ sHi ne	y seSyneSy
stan1290	ma pasjo~ d@pHi tuZuR	ma pasjo~dE pi t@ZoR
stan1290	do~k avEk boku ply d@ mo ki so~	da~kavEk boku plys d@ moR ki so~
stan1290	diR se pa vj2 da~ l@ sa~s fo pa ko~ R@fas no eR9R	iR se pa biZeda~sa~si fo pa ko~Rfas@ de R@
stan1290	e pHi o~ a pRi l@ bys	Epwio~na pRi l bys
stan1290	ui i a p2EtR de	wae ia p@ tEtR@ de
stan1290	a Z@nEv vu vwaje se batima~ o fo~	aZ@nEv vwaje se batima~o fo~
stan1290	ki vo~ boku da~ l@ syd se dRol e pi se	kil fa~ boku da~la syd se se dRol E pizE
stan1290	Z@ v2 pa diR d@ mwe~ bOn kalite mE se 9~ p2 l@ sa~tima~	Ze pRa da~ mwEbo~n kalite mE saap@ l@ sa~tima~
stan1290	ZoRE a~vi d@ diR paR Egza~pl Sod@fo~ u be~ n2SatEl syRtu	Z@Ra~vidiR paRa~pl Sod@ fo~n@ ban@ ZatEl syRtu
stan1290	a~f9~ o~ s@ pRa~ a~ SaRZ numEm	faa~s@ pRa~SaRZ@ nu mEm
stan1290	dyR a~f9~ ka~ il paRl se tRE	dyR fa ka~ti paRd se tRE
stan1290	ty va vREma~ syR l@ mo ko~plE	ty vavREma~syR l@ moka~plE
stan1290	e a~ fE El pasE tu l@ ta~ a goS do~k o~ RiskE Rie~	ea~fE dE pase pl ta~a~boZ da~koR iskERja
stan1290	se ase tRubla~	saa se tRubla~
stan1290	d@ o~ a se divize a~ tRwa gRup i a le	d@a~na se divizea~tRwa gRup i a le
stan1290	a pase yn	a paseno
stan1290	d@ o~ avE yn elEv deSa~Z i a pa lo~ta~ a la mEzo~	d@a~ avE yn ElEv dESa~via pa la~ta~la mEzo~
stan1290	isi l@	esi l@
stan1290	bo~ Z@ vwa Ze Ze	ba~ZwaZe Zee
stan1290	ma~k 9~ p2 d@ finEs mE	mo~kap@ d@ finEEsmE
stan1290	mE kOm	mE komno~
stan1290	uE se la v@viEz	wE sEla b@vEz
stan1290	Ze le~pREsjo~ k@ Ze deZa a~ta~dy d2 tRwa pERsOn Zyst@ma~ paRle 9~ p2 dy	se lapREso~k ZE Za~ta~dy d@ tRwa pERsa~n Zyst@ma~paRlea~p@ dy
stan1290	s@lo~ mwa	s@la~mwa
stan1290	e pi a~ s@ ta~la le mama~ REstE ka~ mEm a~kOR	mE pwia~sta~la le mama~REste ka~mEm a~kuR
sumi1235	ikem niNu S masakeuje kutokpuipuno	ekemuninSmosakijGtopupuno
sumi1235	axat_hi tipauqo	axati kipuko
sumi1235	pano kt_h1 no kup_hu	panokt_h1noadutSeinokupu
sumi1235	ke niN k1x1 lo Gi Gi ak_hoto lak_hike na	eni NkuxelGkena kamisGe akotolakikelo
sumi1235	sn_te sas uve pno akiniuno apu lak_hi iGipno pano	snesasuvepno akeniuno apulaxi epnopano
sumi1235	Gi it_h ankem	kanGe itakim
sumi1235	axat_hi tipau	axatetipo
sumi1235	sas1 iGpno	sakolsasiGpno
sumi1235	mo pno sn_te sas1 vakeno	mopno sas1nesasv akeno
sumi1235	pano kt_h1 ts an akp_ha Si	panokts1tsani akpaSije
sumi1235	ts_hipu ts_heno	tSiputSeno
sumi1235	eno pano kt_h1 no p1kava k1GaSi	enapanokt_h1no p1kaveakGaSi
sumi1235	iSi iSi pi tSulupu	iSeSipitSulupu
sumi1235	pakmaje S amlo s1sake niG pak1ma Golo iS akelo	pakmano Sapnosakini pakmono v Sakelo
sumi1235	kin kt_h1 q_hipno xos ake tS_hivekeloje	kink1t_h1k_h1pnoxoso ketSuekeloje
sumi1235	pano pakeu ti	pano paketsi
sumi1235	so pats	sopats
sumi1235	mtSomi lak_hino axat_hi	mtSomi lakino axati
sumi1235	pu nje tipau z1uje nje aksam tSepu pkeu mt_hakelo pano	anetipozjene aksanptSepoplimtakelo apano
sumi1235	tim kivmi toi ankem pano vedZoi sas1 Gi	timkivimeto aNem pano vedZososGp
sumi1235	aq_hou aq_hou iqikeloje	axu tep auGikileje
sumi1235	pap_hivilo apu pano aGinan	papSiulo apupanoktse aGnoni
sumi1235	itSepu Gi ke pu hepe ts1 pwoke	itSepuGekeje ol indesampat iSnistep pit_hplokinje
sumi1235	ap lak_hino s1o patskelo pano axat_hi lei	apul kinosoopaskelo apano axetilo
sumi1235	aza No apu No	azoNo apuNo
sumi1235	ke nje nakemu	kinepokotonakemuo
sumi1235	pano kuNu asbolo axat_hi xoakelono	pano ikukuNu aspolo axetixu ekelono
sumi1235	kem pawu apzaje s1pu z1akeno ke ti panoNu	kemtipau apzoe sipu zakeno kete ponoNoi
sumi1235	ak_ho lei	ak_hole
sumi1235	k_holam Si aGi nam tsaono p1tsanan lei o timno tim lot_hamno idZu pano Gi s1m tsaono ip1tsanke kumo na	k_holomSoanamno kamisonoputsanonile oti timlot_hmneniidZitlom panaGe simtsoGno iptsankipmuno
sumi1235	panoNuje tSes1	panoNotSis1
sumi1235	tim Saje	pul mksaptimSaje
sumi1235	panoN ts1 tSlenan	panoNts1Slenon
sumi1235	ino k1msam iSi iGono	inokmson iSiiGono
sumi1235	iGono ak_hoto lak_hi na	eGon ak_hotolakino
sumi1235	z ankem	zaNke
sumi1235	z1Gau p lei iksau	zoGople iksovo
sumi1235	petSekeu lei	petSekulo
sumi1235	k_hu kipinlo mt_hakem k1ma Ga kimje vake S pi pi	kukipimlomtakimke k1maGkimivakiSpipikepi
sumi1235	ake niNje nits1Go No tSeke va	akeiniNnitsupomutSekiva
sumi1235	it_he kiS vakel mt_hamu k_haGije lai	it_hikiSpajomtamkaxijele
sumi1235	k_halatSiu No No apu iSpuno ai it_haq_hve ke t_hiuno lai	kalotSoNoNapuSpno aj itaxivikikonole
sumi1235	kem niNuno ku S masankelo tipauje	kemniNnoquSmasaNkelotipoke
sumi1235	ipu panoN axat_hi	evopanoN axate
sumi1235	keu ni Sikelo pano	panikine paGapopltSikilapano
sumi1235	atotiuno mkie pi lei	ottnokepile
sumi1235	ak_hoti lak_hi swo pawu lo k_hi s va	ak_hot_hilaki so poosaekalek_hisipa
sumi1235	itimi lak_hi iGipu tipaino	itimilaki iGupu tepaino
sumi1235	tSus1 utSe pan	osuutSaven
sumi1235	apu tpau lo tSekeu kts1q_ho kip_he	aputposaklotsekekutsuxotSupe
sumi1235	akiptiu tipauqono	akiptitipokonom
sumi1235	Si paheq_hi ts1 paheq_h tskeu tipa do it_h an	tikSi pajxee paextskitipodo iten
sumi1235	vedZo uve tSenkeno	edZuupetSinkea
sumi1235	lai iqikeloj niNu qo	neiGikiloniusta vxokts
sumi1235	puno ts1Nm qo no pano Siaje sap_huve	punotsumkonotsm pano Sajesopove
sumi1235	paxo iz1 q_h Noakelono ap hupau pano kt_h1 n axat_hi tSus1 pa kat_havenani	paxzuxNotono apuapanoktnoxatitSusu pakatakapaene
sumi1235	kuala Siven	kalo evihepentSn vespukatsep
sumi1235	iksau tSepu pkeu mt_hano ke	iksaptSopupimtanake
sumi1235	momu k_hilno s1kSo lnankeno tle povekeu pavi ke pi	momoxilnesukSonoNevtlipovekipaiket1
sumi1235	iGipuno ti	etkukeGpunati
sumi1235	iqoje apa tSepu toimomu ak1sami toi patSike lei	ipoja apatSiputomNomo aksamtopatSikelo
sumi1235	timno p1ka l va kGaSi pano hula hila avehu iz1 dZ aGinankeloje	timnop1kalpakaSipGanoxulahela avisuSoGomeNkeloje
sumi1235	Sok_hova p an	tsaekolo Sok_hoapan
sumi1235	kem pa ipkeu it_hike nje	em papt_hikenje
sumi1235	mudr\am toikeu bo lei	m1tam to ki po lo
sumi1235	u tSekeno alaGlo	utSikeno alaklo
sumi1235	Gi aa naSi ikelo	indnotese anSiikelo
sumi1235	tSus1 Gi ti axat_hi	dZusuGiti axat_hi
sumi1235	aji bidi k_he q_hau lei	apidikexolo
sumi1235	je s1m tsaono ku pnanje	pepekesintSoputnona
sumi1235	lo Noake	enlakvake
sumi1235	kelo pmopno	alasilipomuGopno
sumi1235	kelo aneno tSuve tskep toi	elo anenotSueskepte
sumi1235	ap lak_hi lei	apulakiloe
sumi1235	keu Ske	kiske
sumi1235	ke pakma iSi dZu kle iSake dolno paje atuqu lak_hi alaGil aGkeu tpaulono	kepakmo iSidZukile iSakedonapaja atuxulake alaGla GaGpitpalono
sumi1235	ipu pu kat_has1 vepno apu tpauje axat_hi	vuS katas1epno aputpaje axatip
sumi1235	ike tiSake dolono	enkejtiSke doluna
sumi1235	zakem ita ti	zakemiate
sumi1235	No Sakemtsa ti panoNqo Gi panoNu	noGoSkemtatipanoNkupanom
sumi1235	s1tSleve ipno ts_heno ti	s1dZleve notSenotive
sumi1235	s1m tsa mt_ha ke lot_ha tsa tsao no iptsa nan lei	simtsamtekelot_hetso ami nakamisano iptsonen le
sumi1235	p1kane Si anke lak_hi	pukaneSenkelaki
sumi1235	lo s1vepuno lei	lasiepunolo
sumi1235	qe iGono kutSou Si lei	Ge iGoopseivkutSoSilo etini
sumi1235	iSikelo niNuje	iSkilanimo
sumi1235	pan iptsam no budZimo na	pan iptsamne buSumolo
sumi1235	padZupu vepno lei	padZupu vepnole
sumi1235	iksamije s1mike	iksomjes1mike
sumi1235	kive aGnanke pano	kiveGnoNke pano
sumi1235	kelo kutSouno patSep S aGipu nje	kelaputSonapatSepiSaGepunikutSoni
sumi1235	adZeno pi ankem	atSeno dimopuopaNem
sumi1235	ipu z1GaSa ke pi	ebuzGaSakipiGq
sumi1235	tije as1bo tipau kile	ti asmpotipuo kie
sumi1235	hije paje as1bo mGo iku ipu xovepu pawu	k_heapaja aspumGo  puxovepuopou
sumi1235	tim pano kt_h1 no akiptiu pano kt_h1 no uveke	timpanakt_h1no akitipanakt_h1no upekep
sumi1235	tim lak_hi	timlake
sumi1235	mtSom lak_hino	tSomlak_hino
sumi1235	toikeu kuala alokeu lei	tSonkomitiitiNteuvalo alukelo
sumi1235	ipu Gike niG pa	pitekseGkenepa
sumi1235	tipa dZilono lono iGik_have na ipuke kiS kea iSi niNqo Gi	tipa adZilono vuatseplono eGek_haveno ipkekiSikeaeSkeniNkoGe
sumi1235	ap_hi k_hape isvepno ts_heno	apikapeisvepnotseno
sumi1235	k1msma va nSi	imismoandZe
sumi1235	ikelo aji bidi k_hekelo	akelo apitikekelo
sumi1235	k_hala tSiu ipe	k_hatu ipe
sumi1235	paje tje	ajee
sumi1235	akiptiu lak_hi iGi	akiptilok_he Gpno
sumi1235	atulo Sopk_hupno iluqu vake	sakl atuloSop1pnoeklukuva
sumi1235	hilaje itai niN m dolon tiS keu pinke	iloje to ninkuSintuGon tiSkippeNke
sumi1235	pano keu mt_hano ke pu ts_heno aSeSno niGi ktSiq_hipu	paapkimtanokiepotSen aSe SnoniGekitSuxepu
sumi1235	Sipno shol masaken lei	avonespetSipnostolmosekelo
sumi1235	ke az1u	ke pasketazu sakl
sumi1235	lo iGike tsala ni	etk_hu kleeksameli
sumi1235	z an	zain
sumi1235	tukr\i kt_h1	tiku kts1
sumi1235	atsala mt_ha va ikemu	atsolajemt_haGa ikemu
sumi1235	panoNno vetSes1 ve tSekeloj ita pakts1q_ho ajeGlo ikiqi aGike	panoNunuvetSesuvvedZekelo ito paktsxo ajeGlekiGe Gekie
sumi1235	atSen iSi kimt_hi kle lak_hino lak_hi mt_hikeu pi anke	atSinSikuitkileeakinoakit_hikipeNkie
sumi1235	lo ts_hi an	NkitiolotSen
sumi1235	pa tSunSve mt_ha	patSinSipemta
sumi1235	zakeno iGikeu msa va ke va ni	zakineGikemsavakevone
sumi1235	atotium akiptiumke kimjeke k_hu	atotimapiptsiunkekimekek_hu
sumi1235	ipu tiSi Gi	iputiSeo
sumi1235	axat_hi pi iluqvekelo	axatipilukuekelo
sumi1235	ikel totm tipau uvekelo kitSes1akelo	ikelo totSntipovkelo kitSese akelo
sumi1235	keo kelo it_hi am kem axat_hi xo ani pu pa lo ik_his ani	psko epekat1keleteGamokimoxatexoani ip1paposketlekesane
sumi1235	ipu pano tiSi tai ut_hu akiniu axat_hi xone asbolo ikukelono	nopopanotiSi itautso akini axatixone aspolo ikukelono
sumi1235	alaGlono apu lak_hi pak1ma iSi kSo kle lnan	alaGlono apu apulaki pakmoSikuSoklelnen
sumi1235	akts1q_ho tpau	atsxopo
sumi1235	ajeGi t_hake	ajeGit_hake
sumi1235	alo kivSi luvepu pes1 tSus1 utSekelono	amkivSilve pupesotSusutSekelno
sumi1235	ivlo tsakelo lei	lotekisakelolo
sumi1235	timi Golo tSekelo nm	timGolotSekelam
sumi1235	adZeno t_hono	adZenomuslintono
sumi1235	mtSom lak_hi	tSom laki
sumi1235	ke pakts1q_ho	xepaktsuxo
sumi1235	asbo axat_hi xonankelo	spo axatixo adaNkilo
sumi1235	pamto lak_hi p1have	pamutolaki paave
sumi1235	tipau GeNuno kitla pudZu ts_hipu tipau tik_hauno	tepooGomikitlapudZutSipu tipu atikaGno
sumi1235	k_h1Sije p panoNno vedZoi kup_hupu vedZoi uveke kitla amlo Siveke qe	Su iSepanono vedZopkupupu vedZuvekikil amno Su iSekexa
sumi1235	itaGi tipa tk_hauno	et_haGedipatkauno
sumi1235	iGike tsallo p anke	etkukiiketsalonpoke
sumi1235	apu tpa axat_hi tpau it_hlpuno	apotpaaxatetpoetlpuno
sumi1235	pu ts_hake Guloklno apu hupa axat_hi xoakeu paje	tSkeGulokino apupaxatixa kpae
sumi1235	Si ke va	pilliN SekSikeva
sumi1235	pano alaGlo	onaloplo
sumi1235	apu tpauno axat_hi xoak it_hulmlano p anke	aputpunxatixo akitumnonovnke
sumi1235	Sikeu ts_hi hesa tSekelno pano k1t_h1 je axat_hi tSus uve an	misnSikeSi hesatSkenopupanokt_h1je axatiutSuosuven
sumi1235	aNa apu kivi toi	aNa apukivito
sumi1235	paw axat_hi	powaxati
sumi1235	paje aktsq_ho peq_h vap akts1q_ho k1ms1navpu povenaniketSoi	paj aktsxop exlamo aktsxo kumsmopupuGenoNketSva
sumi1235	ki pesno	kipesno
sumi1235	pano q_hedZo pano kt_h1 no alaGlo il tSekeno it_hulpno apu tpau sn_te pt_huvepno	panoxedZo pan ktn alaGleiltSekeno itulupno aputSpa asniapt1vepno
sumi1235	ajeGlo po pno	ajeGlopotueno
sumi1235	it_hintSea mt_ha	tSapaitintSemto
sumi1235	amGa pemGaakeuno lei	amuGapnmoGo eknole
sumi1235	apu pno kt_h1 no iSi utSekeno ti pawu akts1q_ho ajeGlo p_heq_h paGikeu it_hlpuno	apupnokt1n SitSekino tipavatsox ajeGla peSpakt_hluuno
sumi1235	axat_hi xapus1 tSekeloje axat_hi tul q_hive	axati xapus1tSekenloje axati tulxive
sumi1235	ik_hip_hepu isvepu	ikipepu isvepu
sumi1235	tim lak_hino iGipu k_hum Simopu ita	timnakine eGe pukumuSumupu ita
sumi1235	paku idepno s1w pats1kelo	pakudepn1 saGpats pkelo
sumi1235	amu lei	amule
sumi1235	totim kt_h1 kiptim kin	totim kt_hukitiNokem
sumi1235	ikelo apu tpau axat_hi	nGelo aputpoaxat_hi
sumi1235	niNu tipau	imotepa
sumi1235	pawu lak_hi p_have aGikeu tpau it_hlu an	pau basketlaki paveGepitptulon
sumi1235	p_himo hemo qo lo niNu hipaqo S masa n lei	pimemokimkoloniNaiponesipokospetSmasanlo
sumi1235	apu tpauje axat_hi xoakeu tpauje ikiGinan	aputpaje axatixoakitpaje ikiGnon
sumi1235	kutom Siveke lei	putomiSekSipekela
sumi1235	ampe tSiG kin q_halono iGipno	ampetSeGkini xalono eGipno
sumi1235	Got_hu akiniu k1ms1 ide dZukeu tip aG masapu	ut_hakinkmus1iteSoktipo apomasap1kkkk
sumi1235	ino pak_he tSeni pano dZu q_hinkeu pu k_hanlo amlo ide lei	inopaketSenipanoxupozixinkip1Salo amlo idelo
sumi1235	lak_hi aq_halo toik ajeGi t_ha mt_ha	mintlak_haxao toki aeGitamto
sumi1235	Snani ke pi lei qe nje tiSi k1ms1 S anpu	uveSinokepilaqantiSikmsaSanpo
sumi1235	tukr\i p anke	tukupanke
sumi1235	apu hup no axat_hi xope q_hpaa it_hulpuno	apupno axatixopexpaki tSulno
sumi1235	kuNuno xo Siakelno	uNuno xeGuSanno
sumi1235	kem ado kuSo tk_hauno	jematukuuSatkauno
sumi1235	pakup_hGi Spno	pakupoeSino
sumi1235	s1m tsaono	t_hintsano
sumi1235	ipu ak1pna k_ha ve ke tk_hauno	po ak1nokakekeketkano
sumi1235	itim k1t_h1 Gi tSeGipu	itim kt_h1GitSeGipu
sumi1235	ipu niNuje nagamese tsa it_h aG masake na	epunimnaGamis etaGmasakemo
sumi1235	ikelo apu tipauno atk_hau dZupu Spno o ak1ts1q_ho patsnankelo ak1ts1q_ho patspu	ekelo aputpano atkodZipu Spno o akts1xopasno eNelo aktsxopapatspu
sumi1235	ts1Nmqo hila Nonkeu msakeu Si itaGi hulaje	tsimko hilomunkimsakiSi itGeulojo
sumi1235	kuno kuno kelo lei	npomeSon ptskunokoekelala
sumi1235	k1mzap mo	k1msapmo
sumi1235	niwu lo upu k1mtsa z uvepu ts_heno	nikumisumloupu k1mtsa tslveputikna
sumi1235	ipatSi l tSen	ipatSetSi
sumi1235	ap_hlo s1w q_h pe p an ts_heno ap_h lo	aplosaoxpepatSino aplo
sumi1235	ti z1mla va noSi	tes1mloGaneSi
sumi1235	pawu tukr\ilo axat_hi akeu lei	pautukuilo axat_he kile
sumi1235	aktSiulono niNuje tsa lk_hi pke k_hani aloje aSou Noam tsaje pinkeu k1msl tSemo pu vedZoi tsaono	aktSulononiNo nakamislkepkekanloe aSuNom inia jepinki k1msltSemo puvdZo nakamisano
sumi1235	zake va	zakeva
sumi1235	s1kSo a kumono aGi aje	suxSo akmonaGeje
sumi1235	akivipu GeNunoje	akivipuGuGunone
sumi1235	az1 ike totim aktSopu ptsa niS keu GudZu nS keu lei	azik eke aktutm pt_hopupsanSkiGu SulitSplolo
sumi1235	ap lak_hi paje	apulok_hipaje
sumi1235	pamuje k_haG niNqo k1mtsa tSiGi kut S tSeke atotiu tipau pamuje pu atotiu tipauje ni	pamujekaanikokumtsaklatSiGktklaspiSteke attiutSpapatutiutSpojenhi
sumi1235	iSi panoNu k1t1ta Si u va	tSipano tatataSiuva
sumi1235	akilo iq_houpuno taG za uve	akluxopnoto sapitsaupe
sumi1235	no it_hulpno	no it_hulpuno
sumi1235	k1t_h1 q_hkelo kin lik_hiv aGnanpu lak_hi k_have aGnanpu	pasketikt1xkelokinlki veanpulokikavi nnpu
sumi1235	alalo tSekelno itaGi	alolotSeekilono itaNee
sumi1235	k_hamno k1ms keu no pano kibo ibo iqinia kGaSi pi	kamnokimskinopanoki boiGine atGaSepe
sumi1235	pakitSiq_hi anke pano kt_h1 no p1ka tSu va keo k1tamno tSu va kea pi	paktSixeNkepanatGnopukatSivaku kektanutSivakapi
sumi1235	tSiGikinqo tSiGq_hak_hi t_hi amkem niN z1akelo lei	tS1kinkoutSoxakelontamki niNuz kelolo
sumi1235	ipno aSidZi alomoke ta ipuno ipu Gi	ipno aSedZalu mukedo  ipGi
sumi1235	pakma wou ap No azaje ti	paknou apmosojeti
sumi1235	utSekelno taG	utSekeneto
sumi1235	kutouje panoNu ti tSus1	itoie panoGotitSus1
sumi1235	apuno as1bolono ikiGike lo paje	apuuno asbolono ikiGike tamlapaja
sumi1235	paGi axat_hi kt_h1 k1Ga pes1 apu tpauno kt_h1	paGe axetiktsekaapese putpunokt_he
sumi1235	s1mno s1m Saje	simno s1mSaje
sumi1235	ino alokeu pin non alomokeu pni lai	in alokipnlen alopukipnle
sumi1235	iSiSi he Gi Si iGipno	bol iSiSheGeSi iGipno
sumi1235	itimi tipai tul q_hivekeu akts1q_ho	itim tipatulxivekiu aktsuxo
sumi1235	lu k1msnavekem	nkmnoikim
sumi1235	tSiGi tk_hauje t_hulmlaveke niNuno	latSGetkait1mno peke etni mno
sumi1235	s1mi Skelo niNu Gi s1m tsa lik_hi s1m tsa lk_hi it_hikeu almokeno ipu tsa it_hi masano kuGeN	simiSkeloniNu iikimtsaliki itike alumkeno punopamise itamasanokoN
sumi1235	atsalatsai ino	atsolatsaino
sumi1235	pano kt_h1 no tSus1 tSeGike pa	panatsnt_hus1tSiGekepa
sumi1235	atotiu tipau	atutSiutSipo
sumi1235	Siva panoNqo pno	penik_hipakipanompo no
sumi1235	dZetSe keu aje lak_hi anke totim lak_hi va	tSetSuko ajelaxeNeutsimlaxelo
sumi1235	tilehi tipau kat_ha tSenankelono paGi ti	tile itipokatatSenoNelnapaGoti
sumi1235	timi lak_hi	timilakie
sumi1235	ap lak_hi	apulake
sumi1235	ni tipau	neitipotame
sumi1235	tim lak_hi Si vakeno	timnaki indZotSivakeneu
sumi1235	tipaulo pepu	itipolopepo
svan1243	amZi lok_h i:rda mare edzzum edZSeld sauk_>une lok_h Xuwa mitS gamowlil ere ale sok_>ar lok_h Xa:r k_ha meq_hde	k_har amZlok_hirdamare ezumXneSeltsawk_>uneloXwa mitSgamowlilere ales sok_>arluXXa:k_hamaXde
svan1243	eSXu l@m{r tS_>@rel edZ tS_>@rels er aXt_hop_he k_hanSq_>{d Xaq_hid b@gid sk_>arXal	SeSXul m{rtSirel etSirelseraXt_hop_hek_hanSX{d XaXed lwgidtsk_>arXal
svan1243	maml{r i edZja:r ila:XwdaX ametSu:nen i ametSu:n l@ma:reli ek_>lesj{j	eSk_had ma:mla:r idZari laXdwoX amertSuneni amertSulelmareli ek_>lesie
svan1243	ZoXgaX i t_han XoSa Xe X{gne:na balq_>tSi Xe Xe	ZoX gaXi t_hanXuSaXeXagnena balk_>tSie Xe
svan1243	ale XotSa met_hXwja:r l@ma:r jet_ha i zomXa ladeR tSot_hda:gra nat_hXwja:re i k_ho:t_hq_hida gelwa:naSd	aloXutSamet_hXwel marjet_haj zomXaladeXtSot_hdagranatsXwijare ik_hot_hXida gelwa:naSn
svan1243	ale guSgwe t_>erit_>oria:jsa q_han{re ladzX{l k_>wedalts{l mag edZk_>{li mindwra:l l@ma:r ame	aleguSgwet_herit_hor{sa XanarlatsXalk_>wedaltsalmard eldZik_>{limin durall@mar ame
svan1243	m{j lits_>Xwawel li lutSentSure dedber etSejsa k_he:r mod edZt_hena:nX edZi ezar las	m{lisXw{ulSentSur@ dedberiSesaerk_hemudeZt_henaXidZiz{rlas
svan1243	maSe:ne dZo:djas er li sop_hel etSe: Zibe Swans gadaXwets_>il{r er izgeX etSe m@ra:m li m{j XajZXa edZis	maSenedZodjas eli sop_heletSe ZibeSwanz gadaXwets_>ilarer isgizdgeXetSemraamli m{jeXaiSXidiS
svan1243	p_>irsaXotsil etSa p_>irsaXotsil tSu muRwa:n mi etSa:nRo miSgwa SwiliS Swils loXo k_ha	k_>irsaXotsiletSap_hirsaXotsiltSumuRwan mitSamamiSgwa Swili Swirs loXok_ha
svan1243	XoSeroba batS{r imZi {jsdaX edZja:rs da:war iro:lX aRo m{j iro:lX	XwaXSereba baStSar miZ{jsdaX edZardawar iroXaRm{jro
svan1243	meguZi oq_>wald n{j meguZi	eguZo albne mibsmet_hSa
svan1243	etSetSu {dtS_>wed ere al laXws eser l@m{rdeli at_h{siaraSiri at_h{siaraSiriiSgwid iSgwideSd edZi mutSwabrer deS t_>uli	etSetSw{dZdZwed ere allaXus eser l@m{rdeli at_h{si araSiri moesa at_h{s jaraSiri iSgwideSd edZi SmutSabreldeSdili
svan1243	i ma:d a:rda at_hXe saSualeba de:mSa i k_horts_>il etSk_ha XotSa XoXa:ldaX aS	imadardat_hXjaSamS{ saSwoliwademSaj k_horts_>iletSk_haXotSaXXaldaXaS
svan1243	i ale las sgobne ladeR	Xi arelas zomXad sgobnelader
svan1243	edZk_>{ m{gk_ha anRurdad k_ha ere ese igi nak_hw m@de li d{r {dZdZ@r{wi tSu	etSk_>amak_hk_hanRurdad k_hajresegin nak_hale mudeli daraddZirawitSwu
svan1243	mi Xwi naira t_>wildian dZanq_>wat_hi gezal rtsXmelurXen	miXwi na:jrat_hwildiantSank_>wat_higezal rtsXmalurXen
svan1243	mara agit_he ma:de ljes edZi muSgwra:ls	mara agit_hemadelijesedZi muSk_hurals
svan1243	usXwobs Xwat_>u:lid usXwobs	usXobsXwat_hulid usXobs
svan1243	atS{d Zi k_>odZZi	artSadZik_>oZi
svan1243	uSgul ma:de etSe etSe lek_hw{: Xew Xewisa m@ra:m	guSgulma:dertSetSelek_hwaXXewisamra
svan1243	etSe at_ht_hXane:naX eSXu zura:ls sok_>ar Xa:ra k_ha meq_hde nitSwZi	etS{t_hXanenaX eSXuzuras sok_>arXarak_hameXden itSi
svan1243	ZeswladZaX al dZw{r Z{mtSede:li maRlobZi:n	Zelsp_hladZaXaldZw{r Zw{ntSwederi maRlobZin
svan1243	tS_>ubri m{XeRwaZ{r	tSobre maXawadZar
svan1243	amSeld zawS Xonk_>i l@m{rdX zan{r ameleZa	amSelzelSXonk_>i m@m{rt_hiZaner ameleZo
svan1243	sop_heliS Xeda moigebda i etSe tSwatSk_hw{rdaX etSk_ha	swop_heliS Xeda moigebdaj isitSwatSk_hw{r daXedZga
svan1243	tSwanq_had mets_>q_>er d{r er anRelda etSk_ha	tSwanXad mets_>Xer daren anRilda etSk_ha
svan1243	m{ miXal al lint_hws imZiRen gawat_>arebt_h jed buneba imZi Segwits_>q_>obs Xels i jed X{lX	mamiXal amlint_hswimziwRen gawat_>arebt_h edbunebaimZi Segwits_>Xop_hsXXelsi et_hXalX
svan1243	etSetSuj satSk_hw{r lame:mX ward{l	etSetSwisatSk_>w{rlameXmard{rl
svan1243	tSi:s ma:m Xaq_>a let_ht_hunid edZi me:rbe rig li	tSizmamXwaXal{t_ht_hunidedZimerberigli
svan1243	aS gargluno:l gargl{ Seidzleba etSe oXmeq_hra:nX gezli:rs	sjaSgarglno garglaS izbar SoX maXra:mSgwagezdi
svan1243	ej mank_>o er esbe:lna ales woSaj RwaZma:re arda tSuk_>u:ls	emamuk_>weres bel nales goSaXw{dZmarijardatSuk_>urs
svan1243	d{Sdws amZi XoXal s{ert_hod buzu:l{r Zi Xwet_>niX dZij Zi Xegwri izbi t_hwis	daSsamdZuXoXas ert_hud buzuraZuXwet_hneXdZeZXegurizbit_hwis
svan1243	naj gwe:ri ametSu:nen wo:St_hXwaSir zaj argebs k_ha Xoserdes Seidzleba XoXra les wo:St_hXwaSir zaj	najgwer j{metSunen woSt_hXwaSirzaj argebsk_haXos erdesSezdeba XoXrales woSt_hXwaSirzaj
svan1243	tSosq_>arwlaX alja:rs mare deS ot_hda:graX tSu	tSosXarulaXalj{rsmare deZod dagraXtSullll
svan1243	mi at_hXe miSgwi bo:p_hS miSgwi zwiadi Xwa:j Xansu maq_>a dolars er mawdi	iat_hXe miSk_>wibobS miSk_>weziwladeXwaXansubraXa dolars ermaldid
svan1243	at_hXe saSualeba mad {ri	at_hXes saSwalebama:dari
svan1243	dZej lok_h l@mzigo:lin detsils	dZeloXlmizigorin detsilsl
svan1243	dResasts_>aular at_hXe miSgwa libop_hSsi: mi lajdi at_hXe:j Xuasq_>iXwi	dResastsraolar art_hXe miSgwalibobsi mila:di aXt_hXeXw asq_>iXwn
svan1243	zdarow X{lX de:sa ari	daroXalXmizar
svan1243	m@tS_>SXi dabarebul maq_>a mara m@tS_>Xi liq_hda:ld k_hora m@tS_>SXi Xak_>wer m@de	m@tSSXi dabarembulmaXa mara m@tSSXiliXda:ldk_>orametSXiXak_>weml@den
svan1243	ma:m X{gne:naX i Zi oXulRwinaX q_han{r	ma:mXagnenaX iZoXuXwinaXXalar
svan1243	de:sama sak_hme guRwa naj ametSu de mi de miSgwa wodZaXi ts_>ewrals	desamasak_hmeguRan{ilamitSu lemizdemiStSwawodZaXits_>ewuraws
svan1243	sop_hels k_ha loXo:da k_hiraj i imnar Xa:wdiX etSk_ha gogla:nds ant_>q_>irbo:tSnaX k_ha i etSXe:nk_ha Zi:sq_>i samq_>ur	sop_helsgalowXwoda k_hirajd imnarXa:ldiX etSk_>a goglans andq_>irbortSlak_haetSXenk_haZisXisank_>ul
svan1243	mara did{b at_hoq_h{d Rerbat_hs laSX{ salotsaws ere msXwerp_>l mam mohq_>olia	maradidabat_hoXad Rerbas laSXwasalotsawserem sXwerp_hlmam@Xk_>oliall
svan1243	uk_>we nin sga:t_hSq_>eda dejmoS k_ha l@mg@rga:lin i St_>ims tSwat_hge:nena i gagiZebulan	uk_>we nis gat_hSXeda demoSXal@mk_>erganin iSt_>imstSwalt_hgenenaj gagiZebulan
svan1243	miSgwa ladZmilad deSdwar ad@:rmeX	miSk_>waladZmilad deSdwarad@rmerrrrr
svan1243	at_hXe:r li XoSe:le up_>at_>iwtsemloba amZi ma: las	at_hXieliXwaSeleup_hRadimsemlobanbima:las
svan1243	i sge:r alsgidne:li etSXa:wt_he:jsa imajRena k_ha Xa:ts_>da ejZi ere wod amXa:w t_he XotSwmina	i sgerasgidneli etSXawt_hesa ima:Renam p_haXatsda eZere wodam Xawt_heXotSmina
svan1243	XotSa hist_>am lahist_>mena	XotSaXist_>amRaXist_hmenar
svan1243	i Xwimz@ra:lXwi i	iXwemzara:rXwe
svan1243	i edZRa lok_h ismi sanq_>uri jer	ni edZRalok_h ismi sanXurijer
svan1243	ieru deSdw Xeq_>e:daX	jerudeSt_hXeq_>edaX
svan1243	albat_h liSja:l las a majRen las ser ale ma:m miXal ser mi	albad liSiallas ama:Renlaser alma:miXasirmi
svan1243	ale k_ha loXtswi:raX al zura:l i min mag emtSede:liX eSiaS i ale tSwemsed Sda:Sdawaril	alek_haloXtswira Xal zura:li minmagemtSedeli XeSiaSialetSwemseXsSdSdawaril
svan1243	dZi gar arda etSk_has i mi gar i	XdZigarardatSk_hasi midali
svan1243	ere imZi lok_h Xo:k_hwa dZok_>is miSgwa:Zi deSdw lok_h	er imZiloXXolXwadZok_>is miSgwaZi deSdulok_>
svan1243	ale wonja:nSa tSep_hXani datSur li	alewoniansaXtSebXani dartSudli
svan1243	etSe:Zi las damok_>idebul majk_>ali dzlier wodZaXRen las i imZi	eSetSedZilas damok_>idebul majk_>{lzlierodZaX Renlasi imSi
svan1243	mitSa k_hmarSwils i miSgwa bo:p_hSilars i amZi lamz@ra:luS sga q_hwedni:Xwi i sga k_hort_he i sga q_hedni giorgi i mek_>wled	witSak_hmarSwisimiSgwabobSil{Xsi amZi lamz@ra:luSt_h gaXwedniXwisaXordes gaXedni giorgi mek_>uled
svan1243	mt_hel asabjas tSu l@mts_>i:nX mt_held la:SXs	t_hew asabi{Sulumts_>inXt_heldla:tSXsm
svan1243	jeru metSjar gwaq_>a ame	jerumetSergwaXame
svan1243	tSu meq_>wtSe Xa:r z{rs i etSk_has XotSwmina edZe:dZ q_h{ns	tSmep_hutSeXarz{rs etSk_hasXotSmin edZedZX{z
svan1243	leSgwers desa Xa:r edzzu m@de	leSgwirtsaXarzumdetsirXa
svan1243	i amk_>{ daXmareba gagwits_>ia i p_>iradad mi magalit_had amq_hidX	jamk_>adaXmareba gagwits_>iwajp_hiradad mimagalit_hada amXXidXi
svan1243	maXand gadaXures	maXandgadaXuresit_h
svan1243	tSu lok_h dZadZarimeX	tSuk_htSadZ{lmar
svan1243	at_hXe mi meRrow{l miXalda	ak_hXenineRruameXalda
svan1243	k_ha Ru:rid i mi lajdi lap_hek_hs k_ha XwaesXwi tS_>iSk_>arnun i k_ha:mentSu Xuge:mXwi brindZi m@das t_hep_hSisa	k_haRuridi mil{di lap_hek_hs k_haXwajesXwitSiSgarm ik_hamentSuXwigemXwi brendZim@dast_hep_hSisa
svan1243	ale dino:ls tSwat_hgedne:na etSetSu wod k_hen@rbjelna mitSa jer wodZaXi ts_>ewral	ale dinostSwaXd gednena eXtSetSu wodXen@rbilnamitSaX je odZaXits_>elraZ
svan1243	gwak_>utS ser saq_>ulias tSawsaXldet_h	gwak_>utSsXersaXuljastSaws aXded
svan1243	mare etSa:nRo gwaq_>lu:ni ser mejad	aretSangwak_>loniser mejad
svan1243	z{rs naXewar tSamot_>eXil Xa:r	zews naXewartSamodeXilXaar
svan1243	etSk_ha daemt_hXwa miSgwi miSgwi tS_>{Ss at_hdaga:n muXwbe etSk_has saSinel dzaan saSineli mdgomareoba iq_>o etSk_ha	etSSk_haweda emt_hXo miSk_hwimuXe miSk_hwitSaStsaXdagan muXbe etSk_ha saSinelzan saSineli dgomareobaik_>oetSk_han
svan1243	amZi naq_hed Xwid naj ametSu i amk_>alib Xwid i at_hXe tSu sedni ametSu:nen semi mezgo:l	amZinaXedXwid da jemetSwe amk_>alib Xwidi at_hXetSused lametSunes semimezgolmb
svan1243	edZi m{j gwiXal n{j etSk_had{S St_hamomawloba: ist_>oriit_h gadmotsema aris legenda ase ro edZi er li	edZimewguXal nej eSk_hadaSt_hamumawluba ist_horit_h gadmotsema:reZ legendasero edZerli
svan1243	muslima:narXenk_ha aXq_>alwe:naX at_hXe ok_hrouloba k_ha lijesd i uSguls er lamria RoSgins Xat_>u:liX	muslimanarXenk_haXq_>awreraXat_hXe ok_hrolbak_haliesdi uSgulser lamriaXoSk_>insXat_huliX
svan1243	k_ha loXsgi miSgu ts{l li ala i tSot_hb@rgj{:nd m{nk_>u lert_hanX{n edZj{rs amZi X{mt_hk_hw{:nX etSk_ha:nRo lersgwa:nX{n i tSot_hts_>ind alas	SwaloXSgia miSguts{llalatSwet_hbrgeand m{k_>wilirt_hanX{n idZ{rs XamZe Xent_hXw{nX etSwelersw{nX{nitSot_htsindalas
svan1243	i aXXwi:daX a dosa ala d{:s XoXal	iaXwidaXadosal@dasXoXal
svan1243	a etSk_has {dbine lit_hXw{r rusland edZ	a:jtSk_has {dbinelit_hXwarlusland edZlade
svan1243	amZi Xwasq_>i ales tSi:s i t_het_hra:lZi: Zi Xwade:sne t_>ot_>s t_>k_>bileulZi:	amSgwasp_heleSSizi t_het_hraZiZXwadesneddodst_hgwileulZi
svan1243	k_>omunist_>ar er sga:nq_hadX emtSede:liX jerXi satsXowreblad t_hbilist_he ierXi imt_he jerXi imt_he k_ha loXtswi:raX ale	k_>omuliSts_>ares ganXad XemtSedeliXerXisartsXworebladbilist_he jerXi imt_he erXimt_hek_haloXtswira Xale
svan1243	k_>witsiniad X{k_hwe k_>obaXias	k_>itsinat_hXaXwek_>obaXjas
svan1243	lit_hop_h {dbin{n ali k_hot_hibZ	lit_hRop_h{dbinanalik_hot_hibS
svan1243	sasadilo ensq_>a:nda etSe damsweneblar p_>ionert_ha banak_>ar	sasadilwensXa:nda etSedamsweneblarp_hion ert_ha banaq_>ar
svan1243	tSSw	smg
svan1243	mare maints ser etSXa:w XotSa at_hXe bop_hSa:reSd etSXa:w n{j adZaR Xwirdid adZaR ame Swans	mar@n mensritSXawXotSat_he bowSareSt_hXotSawatSXawedwat_hXenejadZaXwibid{dZaXamiSXonz
svan1243	edZi woddo tSwit_ht_heno:l etSa:nRo Zalt_h@da tSeriZi i adZS@:da etSXe:nk_ha mat_>erias	edZi woddotSu it_ht_hwenol etSanRuZ alt_hudatSeriZi i adZSilde etSXenk_ha mat_herijas
svan1243	ek_>lesj{j l@ma:reli tSik_h Zibe Swans er edZi lie k_>wirik_>obas er XalX esXri edZi l@ma:reli ma:nk_>wi etSe: benjers	ek_>lesiel marelitSik_hdZibeSwanseredZiliek_>wirik_>obaserXal Xesdri jedZilma:reli mank_>wetSe beniers
svan1243	m@tS_>SXi Semoiwlis ot_haXars lamz@ra:luS	m@tSk_hiSemoiwlisot_haXars lamz@ralbuZ
svan1243	ma:d it_hXo:l at_hX e:r it_hXi amZi de wok_hrwa:l i de wertsXlar i det_ha: jar Xet_hXe:lda imdenad	ma:dit_hXolat_hXier it_hXiammi dewok_hrwali dewersXlaridet_hajerXet_hXel daimdenat_h
svan1243	m odagr aRo si Soma mim{rdZw	niodagraXwessiSomamim{rtSu
svan1243	etSa ladeR dera lits_>iani li	detSaladeXdera lits_>ijanelil
svan1243	etSX{n tSuk_hwa:nZi i esRwrid t_h{k_>ws sga Xw{:bd m{g edZZi	etSX{ntSk_hw{ esRridt_h{XsaXw abdmegedZi
svan1243	l{s dro ere gatsX{d desma gwitS_>irda	la:sdroere gatsXad desmagwitSirda
svan1243	miSgu ma:de i Swant_hej no:ru ogwda:gra iwaladeR aXlobel etSk_ha laX onq_hwde:nid	litSk_>ul ma:dej Swant_hej norugdagrajwoladeR aXlobel etSk_>alaXonXwdinda
svan1243	al dats_>eril edZi st_>olsap_h{r tSuk_h {md{wne	aldats_>eliledZist_holsap_h{rtSuk_hemd{Rne
svan1243	dolarsi Zi Xwade:s lap_hek_hZi i ser welodebi do:sgi gat_henebas	dolarsiZwiXwadeslap_het_htSi sneX melodewizira dosk_>i gat_henebas
svan1243	edZRad ere miSgwa:t_her {nq_hde:niX Semots_>mebat_he deSajmoS m@de madZarimeX	edZRad@r@ miSgwat_heranXdereX Semots_>im@rbat_he d@Sa:rmoSm@d@ madZ{rimer
svan1243	etSetSu:nen gwa:r ser limz@r i mag	eStSetSunemgwarse limzeri mag
svan1243	edZk_>{ mdgomareoba:js{:ri mank_hana:j tSogwk_>uSure lena at_hs agwist_>os	k_>tsk_>i{mdk_>wemarir basaari mank_hanatSogk_>uSure lena at_hsagwist_hos
svan1243	ala atS{d X{n i ma:ma i q_>artSa X{n aXq_>aX ala: k_>um{S	le{tSed Xani mam{j k_>artSa Xan aXXaXalaak_>um{S
svan1243	i eStSu asgu:rdaX sop_hel tSi:s mitSa muSgwra:l Xeq_>e:dda	eStSwasgurudaX sop_heltSis mitSaimitSamiSguralXaXedan
svan1243	at_hXe g@nts_>iSX{n gwandraX{n aR wala amX{n li al etSX{n li i jerw{:jmoS gaimardZwebda i amZi ts_>es l{sw etSk_ha i etSu:nRo al {dbin{:na Zi amtSu erw{js k_ha it_hiSdaX alas a XotSa meb@rgje:las i XelmdzRwanel{r tSwesq_>{:ndaX r{jont_he	at_he g@nts_>iSX{n gwandraXan jarzusiesgaXan awRwalamXanlialietSX{niwr{am@SgwemardZebdamZits_>es l{tSwetSk_ha etSunRwaladbin{na ZiamtSwirw{s k_hajit_hiSdaXalasa XotSa me birgelasi XemdZr{meX{tSwesXandaX r{jont_he
svan1243	edZi n{j ma:m ogwje:li sg{j Ziw adZje:naX mi ma:m memje:li q_hera ira a tSuj edZZi li tSwednetsna:n X{lX	edZin{jmamugwelus eZw{dZinaX mamimil Xar{ iramutSueddZirSw@d nesnanXal
svan1243	ese:gi alj{rs daut_hk_hwiat_h amZi ere etSe sgim lok_h l@ma:r mine p_he:djas i amXa:w k_he:r emq_hede:liX	segialiarsdaot_hgad amZere etSesgimlok_hlmadminep_hedjas amXawk_heremiXederiX
svan1243	ales deS laXSe:daX i am dros letSXumXen emq_hede:liX gelowa:nar Xat_hXe:lnaX modZmagi:rs modZmagi:rs	ales deSlaXZedaXi amdros letSXumXen emXedeliX gelowanar XaXt_hXelnaX modZmagir modZmagirs
svan1243	ZoXgaX ek_>lesia etSetSu	ZoXgaX ek_>lesijeetSetSu
svan1243	er laXtS_>wedne:naX edZis edZis Xo:k_hwa ere dZej lok_h iwaladeR dem lok_h idg{ri iwaladeR lok_h	erlaXStSwednenaXedZis edZisXok_hweredZeloX iwaladeXdemloXk_h idg{ri iwaladdeRlok_h
svan1243	q_>owel ts_>elits_>ads at_hXe at_h sek_ht_>embers uk_>we wgrowdebit_h amZi:n	k_>oeltselitsat_h aXt_hXe at_hsek_ht_hembers igrugrowdebit_h amSiZ
svan1243	emtSedX amXe:nk_ha	emtSedXamX@nk_h@rlnl
svan1243	al q_h{n eSdZi:n m@de l@m{:rne: dej uRwas X{gmunaX al q_h{ns i demgwaS i aSXw lad{R aXq_>aX t_hurme l{ldaRX{n al q_h{n	alX{n iStSin m@delm{rner dejuRwasX{bumunaX alX{nsi demgwaSi aSXmad{X aXk_>aXt_hurwe lald{RX{n alX{n
svan1243	t_hawSesap_hars er Xet_hXelida gamonaXa eSXu {dgilas	t_hawSel sap_harser Xet_hXerida gamonaXaSXwadgilas
svan1243	maj ajRwa bednje:r	ma:jeRwabednel
svan1243	X{ge:dna tSot_hda:graX ser ale d{Sdw i etSa bel{r ser tSot_h@:rma miSgu mus	XagednetSot_hdagrasral daX jetSabelarser tSot_hurmamiSgumus
svan1243	amXe:nt_he maj guRwa dabila:re de:sa iSgnaS de:sama XetSda mag jet_ha:nSa	amXent_hel majguRwal dabilaren get_haeSk_hnaSesamaXetSda magjet_hajSa
svan1243	jep_>rasia XejZXa:nda	jep_hrasiaXeiSRanda
svan1243	ametSu:ne tSu er osts_>we:naX ale XoSa l@ma:r jet_ha da:lar m@res lasX	ametSunetSwerostswenaXale XoSalma:rjet_ha dalarmaresas
svan1243	goljat_har lok_h m@res l@marde:liX ame:jsa	golijat_haluXmrensmardelRalmesal
svan1243	k_>otS_>o:l bep_hSil{r liX	RotSobep_hilar
svan1243	al k_>as k_>alak_>onarSa:l Zasq_>@:daX tSuk_hwa:n lemes Xo:Swda	jalk_>as k_>alak_>onaXSalSasXdaXtSuk_hwan nemessXoSda
svan1243	lamz@:ral XeRweno:l t_>ot_>isa buzula jers Zi Ximq_heris edZk_>a	lamzralXeXwenoldadisam buzul{erSiXimXeris etSk_>{
svan1243	romel raik_>ommats	romnangrajd umar
svan1243	ere at_hXe de:s {ri edZk_>{ mat_>eria	ire at_hXedtsaldZgemat_herie
svan1243	mt_hawrobaXen i Xelisup_hlebaXen tSik_he desama li absolit_>urd	maRramgram t_hawro baXeni Xeli sup_hlebaXentSik_he dessamali ap_hsoldurd
svan1243	tSwemq_hede:li i mitSa buba tSep_hXaniSt_he ot_hjaX sasa:St_he ale samk_>urnalod	tSwemXedeli mitSa gubatSXep_hXan iSt_hijot_hiaX sasaaSt_hijalesamk_>urnarud
svan1243	edZa:r tsnobil gelowa:nar sp_>at_hagors l@mzige:liX	adZeartSnobilgenolwanarsp_hat_hagorsmemzigeliX
svan1243	tSwanjeX etSXaw r{jont_he i etSetSu l{sw etSk_ha e wordZer gawXdi ese:gi ap_hXazet_hi tSemp_>ioni	tSwaneX itSXaorajont_heRetSetSul{switSgew@rdZer gaXdisi ap_hXazet_hitSemp_hijoni
svan1243	Zot_ht_>iXd meX{jl{ laXwt_he i atS{d miSgouba edZ gamok_hwabuliS las@ndZ{wit_he i ant_>{X tSu nebozs i t_hurme m{ XotSwminaX mine X{lXs	iZlot_ht_hiXmeXal{laXt_hej artS{d miSgulba edZgamok_habuliS lasendZ{wit_hej and{XtSu nebosi t_hurmem{XotSminaX minejX{lXs
svan1243	arap_heri ar iq_>o ik_h	Xarap_heralik_>oi
svan1243	i tSo:mtSed ale nat_hXwja:re Zi Xatswme:na i tSo:mtSed i tSo:sda al nat_hXwja:re	ritSwemtSedalen natSXwijareZXatsumenajtSwemtSeditSost_ha alnatSXwijare
svan1243	Ze:mtSed etSXawt_he:sae gamok_hwabult_hejsa k_ho:Xq_hida luwar belar	gemtSedetSXalt_hisegamuk_hwabult_hezek_hoXXida luar belar
svan1243	ala l{sw i mi lib@rgje:lt_he oXwtsXe:n i Xwib@rgja:ld{s i ma:m XotS_>inda edZZi Xwib@rgja:ld{s i jurin gawXdi ap_hXazet_his tSemp_>ion	alal{si mi debrgelt_ho tsXeniXwibirgiald{s nu m{lXwetSin dedZdZ@Xibirgeald{si jurin gawXdej ap_hXazet_histSemp_hion
svan1243	at_hXe Som{js ere amZi li ere Suk_>w ma li uk_>we ale mat_>erialur tsaXen li dak_>awSirebul	at_hXwi Somaseri amZili ere Suk_>umali uk_>we ale mat_>erialurtsaXenli dak_>awSirebulu
svan1243	i ametSu:nen imartSjelalda at_hXej lok_h imartSjelal etSe t_hbiliss Zest_hXa:ldaX edZi wok_hrs	jameSun@n imartSelalda at_hXeluk_h imartSelatSet_h bilis Zest_hXaldaX edZuwok_hrs
svan1243	amne:md Z{ngoXle	anedZamgoXle
svan1243	ro gadawartSine amas me dawts_>ero	rogadawartSinia jamasmiddawts_>ero
svan1243	etSa:nRo sga laXRanwe:na edZi t_hawad gelowa:n lewans ale	XeSanXus galaXRarmen edZidawadgeloma:l lewarsale
svan1243	mara mdebareoba sasa:S k_>ali de:sa	maramdebarobasasaSXewed esajamXwa
svan1243	Zi Xwasq_>is lap_hek_hs i k_ha Ru:ris q_>o:rk_ha Xuat_>u:li	dZiXwasXislap_hek_hsi k_haRuliSk_>orXaXwaduli
svan1243	ali anq_h{d miSgouba sp_>irdon i	a:lianX{d miSgu miSgol basp_hirdone
svan1243	eStSu k_h{Xb@rg{:nX waZa gurtSia:ns leSundebis leSundwebi wano p_>irwels wano p_>irwel megtS_>ad ib@rgj{:l dZudZula tSop_hlia:ns i ametSu adZaR edZj{r mogebul esR@rdaX i lohXwid tsindelia:ns mi i etSas mowuge adZaR mi ase midioda dwrew esR@rda i drot_ha ganmawlobaSi uk_>we dadga edZk_>{li dwrew ere sop_hlisop_hel Xemk_hara:lX uSXwa:r sop_hlisop_hel	dZuk_h{Xbirige{nX waZagurtSeans leSwundebis leSwundelwel w{not_hirwelz wanot_hirel meXdZ{diburigialdZudZul{tSwep_hlia:nsi wa metSwadZaRidZ{r migibu lesXirdaXib loXwidsindeli{nsmin itsas moilgadZawmi asi midijoda drewesXirdadrot_hagano
svan1243	etSk_had deme lumXurjelolin jeSdeSXu il lumXurjelolin eStSu:nen	etSk_had demel@mXurjelonin jeSt_heSXu illumXurjelon neStSunal
taba1259	a_?\XirimdZi vaXtna lap tSav q_>abi duxnu tamam urgts_>ur jislan ziindZi uldubtS_wigan dirXuz qu_?\Rnu duvu urgmar maSindZiindZi	a_?\XirimdZu vaXnu labtSavk_>abiduXnu tamam urts_>ur islazindZul dudZiga_?\n dirXuzqRunu duvu urgmar maSindZ indZi
taba1259	andZaR qa_?\l Ru_?\b daribSri k_>ur sar sarika qa_?\l Rafirin gardan jivub	andZaX qa_?\lubdaribSdZik_>ursarsavik_>a qal afini gardan ebubguuuuuuu
taba1259	sar maZ_wgli?in sarsana axnu Ra_?\rats_>andZi	sar madZguliin sar Sana aXnu harazandZi
taba1259	qa murarin Rul Xal har ajiS_w darZi Sulu	qamurarin Rul Xal har ajiSdartSi Sur bagag
taba1259	murar k_>ur iXtijatdZi la_?\Xin ap_>i k_>ur ga mSar u k_>ur k_>ur tynt gamSar u k_>ur	murark_>ur eXdijatSila_?\Xnap_>ik_>ur gamSar uk_>ur murar tund gamSar k_>ur
taba1259	fuk_>a k_w_>az zigudar	fuk_>ak_>vardZigu dar
taba1259	kasib ketSel vu k_>uri	ka_?\sib ketSiluk_>urim
taba1259	uvuz k_>ur RiliXubdZia pulra tuvurzavuz k_>ur andZaR k_>ur qa_?\l diribSri k_>ur ix ari?	u uzk_>ur leXubdZija pula tudZiza uzk_>ur andZaXk_>ur qa_?\l daribSdZik_>ur jiXari
taba1259	mart:Sar tuvru sab a_?\Xu_?\ zurba lidZ mart:Sara havru mu tS_>urariz	martSar tur usab a_?\Xauzur balidZmartSara havurun vudZurariz
taba1259	sab tki sib mani Sulu	satk_>isi mani Sulu
taba1259	k_>ur jiz abaji k_>ur utSuz hadZigan Rapnu k_>ur tSan nuq_> u_?\bX k_>uri	ahk_>ur jiz aba jik_>ur utSuz hadZiga Rapnuk_>urt:san nuqubSk_>uri
taba1259	rabadandZiz Xabar Suldar q_>anaz	rabadandZizar Xabar Suldar qanaz
taba1259	hamu juk_w_>ar juk_w_> k_>aru lik_> hamrar kadat_>un dap_>un ?ip_>rubra saru mu a_?\dZu_?\zsi a_?\Ru_?\ru natSdZi	ham jik_> juk_>uk_>aru lik_> hamrarkazat:suun dap_>un ip_>rubrasaruma k_>a_?\dZuz siiRuru nadZdZi
taba1259	ja itS X_wla ip_>rubra amdar k_>ur	rjautSXlajip_>rubramdark_>urahXu
taba1259	insandZin u_?\mur hat:sib u a_?\Xir adrub dar varibdZiz a_?\Xir ajib vu	in sandZuRimur hatsibu a_?\Xira rub dar varibzizXira jibu
taba1259	mura salamat ap_>uru	mura salama tap_>uru
taba1259	qa herXru fu SuluR dap_>nava uvu	Xa hirXruf fu?SuluRdap_>naburvr
taba1259	deetnu tS_>urariz mart:Sara daxnu daqru hamS_wax	duSu dedet mudZurjimartSr duX nu ura daqrumSag
taba1259	sab ari haklimina ha_?\jvnariindZi Ru_?\ra admir Subur juq_>ur kas Ru_?\ra	subari haknimina ha_?\rnar indZiRura admir Subur uk_>ur kas Rura
taba1259	flanu pat:SihdZin Suran k_>ur vitS jivura k_>ur	flanu patSihtSin Surank_>ur vitSi vurak_>ur
taba1259	ildipuru tS_>ala	ildip_>ur utSanla
taba1259	diS Sulu nyra_?\li hamili dyz Ra_?\rats_>andZiz	diSSulunirali hamlin iliin havniindiz arazandZiz
taba1259	qa g_watS_>indZiz hamu bali ras dap_>u nuq_> Ru_?\ru qadarkun	XaguatS_>indZiz hamu bali ras dap_>u nuk_> Ruru qadark_>ur
taba1259	ga_?\bru izan ap_>uz	k_>eavuru izanap_>uz
taba1259	hap_>uva vah vah kerim Ru_?\ra kerim Ru_?\ra	hap_>u va vaX vah kerimjurakerimurak_>R
taba1259	qa mu k:aqu Sulu fikrarik:	Xa uzemu k_>a?XuSulu fikrarik
taba1259	RatS k_>ur hutS_w_> k_>ur ulix	RatSk_>ur hudZk_>urulix
taba1259	mu jiRra a_?\bRuru	mujiRaburun
taba1259	Sahriz adaqu pirim	Su harizadaXub kirpirim ergnu
taba1259	gatS_>in Sulu	k_>utSin Sulu
taba1259	pat:Sih saR Sulu udZu Sulu	patSiz saXSulu udZuSulu
taba1259	qadarkun Ru_?\ru mu ketSel tS_wi ts_>ib damaXra kadZi dZejran dubk_>u	XadarkuRarumu ketSijartSuts_>ib damaXrakadZidZejran dubk_>u
taba1259	hat:si tunza k_>ur	XudZitunzu zanak_>ur
taba1259	ketSel tS_wi tS_wi Sulu pat:Sih pat:Sih	k_>iintSviSulu patSi patSi
taba1259	qa murar hamu fu dibik_>najib Reebxgan RurXga a_?\Xu_?\ tS_wut:S_wuz a_?\Ru_?\z k:un Sulu	hamurar mhamuafu dibik_>rejib rejbxk_>anRurXga a_?\XutSdZuz Ruzk_>un Sulunrl
taba1259	udutS_w_>uru kerim RadabRnu tSan palatra ertSnu Ru_?\ni herbira hamu ra_?\q:dZi adaquS_wadZi adaqri k_>ur hele a_?\dZaza k_>ur ibSri	ududZuru seli kirim RadautSan palatra ertSnaRini hirbira hamrdZi rak_>u adaquSadZ adaqrik_>ur ali a_?\rdZazaurtSan abSi bibSri
taba1259	uzu uxuz la_?\Xin abgurza	zuR Xuzk_>ur duSnu la_?\Xin abgurza
taba1259	jada k_>ur mu fu a_?\lamat u k_>ur	jaXudZak_>urn falamatuk_>urX
taba1259	sarun gabni muRaz dupna a_?\Xirra murar vari k_>ur javdar vu sarun k_>ur mu hamRaz Sulu	saru gabni muRaz dupnaXira umurar varik_>ur jabdar usarunk_>urmamRaz Sulu
taba1259	tSa_?\Xir Ruqu naz bab Sulu pijan	tSa_?\Xiruv qunaz bab Sulu pijan
taba1259	muRaz Sulu sab lidZ malar dZerdar fjir	muRaz suru sablidZ malardZerdark_>fir
taba1259	va? k_>ur rabadandZi k_>ur jav jits hitS_>ibk_>urudar k_>ur	vak_>ur rabadandZik_>ur javizt:sitSik_>rur dark_>ur
taba1259	urtsmi abiz adZi axnu Subur baZ nu_?\ra_?\li Xa_?\na_?\li gyla_?\li	urtsmia bizadZaxnu Subur baZ nurali Xanali gulali
taba1259	dusnu hadindZi sab RadabRnu fikrara ap_>uri jarabala hap_>zajk_>e fit:si ap_>uzajk_>e fdZila ga_?\bRzajk_>e la_?\Xin Rap_>ur dar fu kavuk kespira hap_>za k_>ur hamt:sdar fikrara ap_>uri uquri tSajra dusnege	dusnu bSixindZisabtSenigtSajra Radamnu fikrar ap_>urirabala hap_>zek_>i fi ap_>uzk_>i ftSlaga_?\bzek_>iamla_?\Xin ap_>ur dar fukuvuqapiSk_>uSuladar muvxa kesp_>ira hap_>zek_>uramtsa fikr ap_>uri ubXuritSajir dusn igij
taba1259	naz babu k_>uru ja gyla_?\li ?uxu utS_wu fit:si dusnatS_wa itS_>idZi fuk_>ara ktardZi RaraX hakmu ix k_>andZi varq adZa murtir aji	nazba buk_>ur jagula_?\li uXu utSufizidusnatSviidZidZi fuk_>ur aqtardZi RaraXavukumihkandZi RuarqadZi murtiraji
taba1259	ja selim mart:Sar naSt:i a k_>ur	jasini martSarnaStek_>u
taba1259	qa murariz sarun tSara adar	Xamurar isarunSaradar
taba1259	haz Rafuva nyra_?\li k_>ur	haz afuvanur alik_>ur
taba1259	hamt:sdar SuluRar kadZi Raxnu gyla_?\ldZikra	hamtstar SuluvarkadZi jakunu gila_?\ldZikran
taba1259	udZu Sulu dupun darman Suldar	udZuSuludu p_>uda_?\rman Suldar
taba1259	funu la_?\Xin vuSra uduq_>rur	funu la_?\XinuSruuduk_>rur
taba1259	sabdZikanq_>a fikir kt:ardZi mu baZar a_?\Xu_?\ Sulu	sabdZikanqafikirktardZimubadZar a_?\XuSulu
taba1259	hamt:si fikir ap_>uradZi livuru hamu admi adaquru qana hamina	ramsafikrap_>rudZi livuru hamu admi adaXuru Xana hamina
taba1259	a_?\Xu_?\ tS_wut:S_wun Ra_?\tS_>niqindZi qipu hamu vitS itS ?ult_>ut:S_wun dufu tSan aliS_win tSan ali formajiz dufun ha_?\jvan teebturu	a_?\XutSudZun hat:sini qindZiR qipu hamu vidZitSults_>udZun dufutSan aliSintSan aliv furma izdufun hajvan dijebturu
taba1259	uvu fu abxida jiz k_>ul?in alabqu hatmu hamu qa_?\l Rafige	uvufu abXidaizk_>urlabXu bala hatmu hamu Xir Xalafigimusunu jik_>raru
taba1259	uvu la_?\Xin tuvrajir vuna k_>ur	muulaXinturrunak_>urrrr
taba1259	qa mu eleturu ha_?\jvani tSan q_>a_?\lin hamu ?uligansi	Xamu ele uturu hamu havnitSank_>al in hamuuliXgansi
taba1259	hat:sdar insanar axnu hamu maZ_wgliin	hat:sdar insanaraXnu ham maSgli in
taba1259	uzu saban jiz ?uzu pat:Sih Rap_>unza k_>ur qa jiz Xp:iri Rap_>unzu k_>ur qa jiz Xp:irin daSiji Rap_>unzu k_>ur	uzu sabajiz uzupatSi hap_>unzak_>ur qa jiz Xbiri Rap_>unzuk_>ur ajiz Xbirin datSi Rap_>unzuk_>ur
taba1259	t_>ap_>u Sulu muRu rak: t_>ap_>un Ritru	t:sap_>uSulu muRur rakt:sap_>unRitru
taba1259	a_?\Xirki RadabRu sab ts_>iji Sarvar magazindZian vari ?ajisi k_>ur ktabS_wunza k_>ur	a_?\Xir Radan musabt:sijiSar vark_>ur magazindZian vri aji sik_>ur kdab Sun zak_>ur
taba1259	hamt:si dilignu tS_>ubar jertsnu birXuj tSan	hamt:si dilimnudZubar jertsunu birXujtSan tutSnaXijilap_>iitSan razmir
taba1259	hamu bits_>i t:S_wut:S_wu tSan tS_wut:S_wun Ra_?\tS_>niqindZi qipru hadmu vitS a_?\Xu_?\ tS_wut:S_wun	han bik_>di amketSiltSutSutSantSudZun RatS_>ni XindZi Xip_>uradn vidZa_?\XutSutSun
taba1259	sab hamt:sib k_>ak_>lin metri xadZi sanu hamu tS_>ubar hamt:si qu_?\b tS_>ub hamindZi hamt:si dap_>nu zigura ktabt_>ura	ksab hamtsik_>ak_>ulin metru XadZa sanu hamudZubar hamtsiRebdZub hamindZi hamtsi dap_>nu zivurats_>ar ktabtura
taba1259	hamus kerimna selim giligura pirim Ru_?\ru k_>ur	hamus kerim na selim gilRur apirimavruk_>uri u
taba1259	RaraX k_>ur izan bala dar k_>ur izan dZaradli ap_>uru k_>ur uvu mart:Sarixna RaraX k_>ur	RaraXk_>ur zanu izan baladark_>ur izandZaradar jap_>urk_>ur u maStSariXadn araXk_>ur
taba1259	RuSnu k_>ur jitsar RuSu S_wlamina gamSara	RuSnuk_>ur it:saruSulaSgi gamSar
taba1259	qa k_>ur fu Ra_?\bq:u_?\vuz tS_wi k_>ur	Xak_>ur fuRa_?\bqu vuztSvik_>ur
taba1259	pul tSavir k_>ur RejeXir mart:Sar	fultSavjik_>ur RajXik_>umartSur
taba1259	qa baZari gardandZi? bisuru haruri sad jiS_wan u_?\bXu_?\dartSa k_>ur haruri Subud Subud jiS_wan	qabbadZari igardandZib izsuru harurizsad iSanubXudartSek_>ur ha_?\ruri SiubudSubud iSaubXurdZeur
taba1259	?andZaR Xa_?\na_?\li qpa_?\qrur dardZi axnu	r andZaX Xanaliq pa_?\XrurdardZaxnu
taba1259	hat:si sab ?a_?\dZuz vatan vudZi Sulu	hat:sisab a_?\dZuz vatanudZiSulunlnnn
taba1259	fikir ap_>uru muvu gizaf fu ap_>uru Slixa ap_>uz Sulu hat:sib la_?\Xin	fikirap_>urumu giza fap_>uru Skap_>uSunu mitsibliaXin
taba1259	hatmu jitsra pulla dubk:u tuvnu	hatmitsrapulladurXutunu
taba1259	?a_?\Ru_?\ru mu a_?\Ru_?\ru	a_?\urumu a_?\Ruruummm
taba1259	fuk_>ara sar kasdZi sab sab urgam birXuri	fuk_>ara  sarkastSi sab sutk_>i sap_>urRanbirXuj ud
taba1259	Xabar na?na Xabar gyla_?\ldZikan	Xabar nna Xabar gula_?\ldZikan
taba1259	hamu diS apuru mu jitsar	hamuRunilakinidiS ap_>uru miitsar
taba1259	dZan baZ k_>ur harur sad jiS_wan k_>ur dusun k_>ur jiz nuq_> u_?\bXaj k_>ur	dZambarzk_>ur ha_?\ru sad iSank_>ur dusunk_>ur jiz nuk_>ub hajk_>ur iSnu iSnu
taba1259	sab darval sab a_?\zjat fuvuSq_>a a_?\jdardZi aba udZub aji insan vudZi Sulu udZub devlet aji udZur hadmuq_>an tSan qurq_>uvalar adZi	sab dar val sab hazijat fuSqa_?\jdardZi aba udZurb zehmet keS insan udZu Sulu udZub devlet haji udZur admuk_>an tSan Xurk_>uvalar adZi
taba1259	ra_?\bRu_?\z qu_?\Rigan mu hadmu jiS_wanna hamt:si k_>at_>argu eleun hamt:si gardan dibisu sarun mu ktarsudar ktarsudar	rabRuz quRigam mu Xad miSan hamut:sik_>atrgu eliun hamdZi gardan dibisusarumuktarzudar ktarsudar
taba1259	maha k_>ur dusru Xalla ip_>ru u_?\lla	mahak_>urdu sur Xalla ip_>ru ulla
taba1259	litsuri litsuri litsuri litsuri a_?\ru a_?\ru mu a_?\Xir adaquru SahridZi qanara hamura	liitsuri liuru litsurlitsuri r va_?\rrnu a_?\Xir adaquru hamuSaXridZiqanar hamura
taba1259	darSul hamindZi tindZi qa ix X_wla Rafir fuZ adZa fu ap_>nu fuZ u	darSul hamindZi tindZi qajiXladafir fudZurdZafuap_>nu fudZuXR
taba1259	pat:SihdZi tSa Xazna tSan devlet tSan ?ajib vari tuvru ketSel tS_wut:S_wuz	batSihtSitSan XaznaSan divlidtSan ajib varituru ketSirtSudZuz
taba1259	Sulu muvaz havkan sar baZ	Sulumuvaz avkan sarbaS
taba1259	hadZiqamina k_>ur hadZiindZi ebtsuri k_>ur ktabt_>uri birXuri axunza k_>ur Xalq_>ariz Sarvrar qa pendZkar valdZRar	Xa hadZi Xaminak_>ur hadZiindZi jebtsur ik_>ur kdabt:suri berXurak_>hunzak_>ur Xalqariz Sabrar XapendZkar valdZRar
taba1259	qa hamRura hamt:si aldabRu Xab nuq_>dZin R_wandZilan sarun u_?\ltS_>u_?\q_>u_?\n uler riS_wudar mu gutS_> Sulu muRaz	qaham Rurahantsi aldabuXab nuk_>dZuRvandZilan saru ultS_>uqulhir riSudarmu gudZtSulu muRazinzz
taba1259	tSp:i fu fu Rip_>nuS fu RubqnuS a_?\jdardZi na?na RafnuS q_>adar adardZi hamt:si tSp:iz guni si dulanmiS SuladZ Sulu murar	tSpi fu fuRip_>nuS fu Rub qnuS RidardZif nana afnuS k_>adar adardZiji hamtsitSpiz gunijsi dulamiS Sula Sula murar
taba1259	qa qadarkun Rafigan tS_wjiri herXru fu Ra_?\bq:unvuz k_>ur	taqazar kuRafigantSviri hirXru fuRa_?\bquguzk_>ur
taba1259	jiz mart:Sar uvu fit:s tuva k_>ur	urizmartSiruvidZituvak_>ur
taba1259	hamt:si bits_>i bits_>i ustavalar durRuri k_>uli fikir ap_>uri a_?\Xir muvan ?imdi baj jaSamiS SuladZi Sulu imadZ Rula? tabasaran rajondZi? imadZ Rula? Rula? havaxna a_?\ru mu xadan vaXt:na liXuz	hamt:sij bits_>ibit:si ustavular durRuri k_>ulifikirap_>uri Xir muvan imdibaj jaSamiS SuladZi Sulu imadZuRula tabasaranra jundZi imadZuRula ula havana Ra_?\r umu xadan vaXna liXuz
taba1259	it:sru Sulu pat:Sih	it:suruSulu patSi
taba1259	jiz hamu ?ibandZi utS_w_> k_>ur uvu hamu ?ibandZi udutS_w_> k_>ur	jiz hamu ibandZu utSk_>uruvu hamu ibandZu ududZ
taba1259	k_>ur hamS_waxra mart:Sar xadZa k_>ur	ha mhak_>uran Sarha martSar XadZak_>urarrrr
taba1259	dZaX dap_>nu ustirixan herXnu qerXnu fit:si dZibru uzu hamu Ran fit:si dZibru hamu murtS_wa? Ran fit:si dZibru uldZ fit:si dibkru fuq_>an jaRliSin dibkru fuq_>an jarq_>uSin dibkru	dZaXdap_>n ustiriqan hirXnu XirXnu fitsidZibra uzu hamuRuan fitsidZibru hamu murtSaRvuan fitsidZibru uldZfitsidibkru fuk_>an jaRliS indiibkru fuk_>an jark_>uS indiibkru
taba1259	tunza k_>ur mart:Sar	tunzak_>urmurtSa
taba1259	sarun mu hamu vitS jivuz ?a_?\Ru_?\raji hamundar gizaf Xalq_>ar adZi Sulu	sarun mu hamu uhitSivuz a_?\Rraji hamundar gizab XalqaradZi Sulu
taba1259	sab vaXtna maZ_wglari nyra_?\li ktaRuru zamina RaravuldZi Rulan	savaXna madZglari niraliktaRuru zamina RaravuldZi ulan
taba1259	Xa_?\na_?\li qpa_?\quradar	qanalaq p_>aXuradar
taba1259	hajaman hamrari mart:Sar tuvredar Sul ha k_>ur	iman hamarimartSar turidar Sul hak_>ur  rrrr
taba1259	hatmu hamu ix tS_>aliindZi ap_>uru muvaz a_?\Xu_?\ nu_?\q_>nar	Ra_?\t mutSamu ixdZalindZiz natSit qanu ap_>ur muaz a_?\Xuruk_>nar
taba1259	a_?\Xir muRaz qadZi Ru_?\ru muRaxna sar hat:si a_?\Ru Slur ligrur	Xir muRazk_>qadZri muRaknasar hatsi a_?\RuSlur ligrur
taba1259	maha k_>ur uvuz Xal maha ip_>rubra k_>ur	mahak_>uruvuz Xal maha ip_>rubrak_>urR
taba1259	fit:si tuva k_>ur	fitSitulvuk_>
taba1259	qa muRu hap_>ru Xu_?\nir murari Ra_?\?ru lidZa_?\R	Xa muRu hap_>ru Xnir murari Ra_?\ru lijdZa_?\r
taba1259	qa_?\l afunuz a_?\Xur k_>ur	qalafunuzaXvurk_>ur
taba1259	hamt:si dupnu batSan qadarq_>nu Ru_?\ru	hamt:si dupnu batSan Xadar knururu
taba1259	hamu X_wt_>il gudubk_>uru muvu	hamuXtel gudubk_>urumur
taba1259	hat:sib jiS_wariz a_?\Ru_?\ru murar Subred tS_wjirra	Xat:sibiSfariza_?\Rur umurar SubretSira
taba1259	ja muRaz Riligu duXtirira k_>urdar	jamuRaz Riligu duXtirirak_>urdar
taba1259	hitS fuk_>a ajib adar k_>ur fuk_> Ra_?\bq:undarzuz k_>ur	hidZSuk_>a jibadark_>ur fuk_>a_?\bqundar razk_>ur
taba1259	hamus Sa_?\jban udutS_w_>iS	hama siRiban ududZis
taba1259	ov havan umbrarin k_>ana dusru udutS_w_>uri jabnu jik_>urza k_>uri	u Xavan umbra jk_>ana dusru ududZur jemni ik_>urzak_>uri
taba1259	ibSri k_>ur pirimdZi	mibSik_>urpirimdZi
taba1259	ja Xalu	dijaRanu
taba1259	riS_wuz Suldar muRaxan	riSu Sul darmuRk_>a
taba1259	a_?\ru izniz	aru izniz
taba1259	fuk_>a ajib adar k_>ur fuk_>a Ra_?\bq:u_?\ndarzuz k_>ur	uk_>ajibadark_>ur fuk_>a_?\p_>Ran darzuzk_>ur
taba1259	murari tSp:in nubatarra ildipuru	numura itSbinu batara ildipuru
taba1259	qa muRaz sarun baZ adar Subar vu	qama saru bardZadar Subaru
taba1259	bits_>i tS_wut:S_wu duSun Xuru	bits_>itSdZu duSun Xuru
taba1259	abi Rapib	abiR apip_>
taba1259	rabadan k_>ur kamar flanurin X_wla adZa	rabadank_>ur kamar flanurin XladZa
taba1259	muRu qanara g_watS_>indZik:na dyz dap_>u nuq_> qadarku Ru_?\ru Xulaz	muRu Xanara gvadZindZikna duzlap_>un nuq qadar kuRur uXulaz
teop1238	meori pa: sue	me ori pa:Ba sue
teop1238	meori pa: Ba:taBus beiko	meru paBa:taBusbako
teop1238	hua Bai ma: mepa: ma Bahogoro teobana	uama:e ma:mepa:maBahogoro teobana
teop1238	ma: tom tamana bona a buaku a beiko otei	matomu tamana bona abuaka bako o te
teop1238	e subuaBa toku B{:Buru	asubuaBa toku B{:Buro
teop1238	e mo:ge: kou na sue roho	emogekounasBeruho
teop1238	poka: bata ma:na bona henana beiko tena:	poka:Bata ma:na bananena bekotona:
teop1238	eori he tea Be:si bata nO: bona siniBi	oriteaBis batanoabona sineBi
teop1238	erau mepa: busu habana ki bona	era mepa:busuhabono kibono
teop1238	tahoa Bai tea	tahoaBateaBa
teop1238	mepa: pura te:bona	e pa:punateeboro
teop1238	me horiBana pa: sue ki bona si: otei ena: na ante: nom tea Ba:ku: Buan	mehori Bana pas Beki bona sote nana:n tera kanteBa:kuBan
teop1238	o bai bona he na sun nanO:ana rakaha kahi nana bona Ba:n	o babona hena su nana nanaBanarakahakahi nana Bona Ba:n
teop1238	teapu ore pa: pita ma:	kea:pu oru pa:pita ma:
teop1238	nO: Baha Bai ma: in teori	naahaBa ma:n teoru
teop1238	BatatO:nun Ba tatO:nu n tea in te be:ra	Batatonun atatonun ten te bera
teop1238	ahaiki mea otei pa: nO: mepa: ato bona mo:n	aheki meBa tepa:no mepa: ato bona mon
teop1238	beori tara bona ma: siniBi iana	bori tara bona ma:sine Biana
teop1238	ama: ariono team na na raka	ama:riono teamu na naraka
teop1238	me e pa:	me epa:
teop1238	o man{: Ba: tea nO:karipa	omanae Ba:tea nokaripa
teop1238	e ro:su: sa pa: ro:su: hau e ro:su: pa: matamata pote: koau bona meha aba	erosusa pa:rosuha:Berosu pa: matamatapu tekuBau bona meha:ba
teop1238	rerau me	rerame
teop1238	a asuasun aba e bukimeasun	a:susunuababuk measun
teop1238	a otei he na ti:ti: ma: namatoa	O:te ihena titima:na matoa
teop1238	meori pa: sue eara kahi Bo:su rara tea siBO:	mori pa:usuearaka:eBosora teasiBO:
teop1238	Bin nana bono hoi teBe	Binnana bono hoteBeB
teop1238	BanaBana Bai nO: meori pa: pak bona ma: ibun iana ama:	Bana Banaa Ba:noameori pa:paku bona ma: bunana ma:
teop1238	erau taneo Bai tea tamaka a si: beiko Bai	berao taneoBa:tea tamakasibeko Ba:
teop1238	{: po:m{: po:m{: a aba bona	hapome pomea:babono
teop1238	tea buaku a aba Ba: komano siniBi	teabuaka:ba Ba:komano siniBeBb
teop1238	erau meori pa: asun BakaBara bene ro:su: meori pa:	rerau meori pa:sunu akaBara bene rosu meori pa:
teop1238	me pa: roBa komana tahi:	me pa:roBa koman ta
teop1238	eBe he: tea hana bata ma:	Bete ha:nabata ma:
teop1238	eara kahi nO: Bahau tea boni ei	erakahinoBahaBiteabone
teop1238	mepa: nO:Bo	me pa:noBo
teop1238	pa: Ba:taBusu Bori teo piuBu	paptaBusugoro teo piuBe
teop1238	takarata meo mataBus pa: tamamata	takaratano mataBus pata mamata
teop1238	e ro:su: sue Bai bana	erosusueBabana
teop1238	poro ni	poromi
teop1238	tea sibono tea poka	teapusibono teapoka
teop1238	habana de: ma:	ehaban gima:ttt
teop1238	mepa: sue kiri bari	me pa:su ekiri bare
teop1238	e t{:gora: pa: rosin Bo:su nO: mepa: sue ki bona ma:mihu	etagora:pa:rosin Bos no me pa:su ki bona ma:mi
teop1238	eikou teo Bamurin{: ore pa: aba	ikou teoBa morinane ore pa:aba
teop1238	kas ni bona kahon{:	kasni banakahona
teop1238	meori pa: gono bona sino: na biri:	mori pa:gono bono sino nabiri
teop1238	tea paku a kahonam ore pa: gogo:raBi	tea paku kahona more pagogoraB
teop1238	tagan takapusu	taagan taka posu
teop1238	tea peha nubunubu mepa: pita ma:	tepehano guno muepa:pitama:
teop1238	saka manin Bigisi ha:ra eara kahi nO: Bahara	rasakamin Bigisa:raaraka:hinoBahara
teop1238	meori pa: me: bari	Bore pa:mebare
teop1238	kahi ma an BakaBakaBarari nana bona taBa:n	pahima n makaBakaBararinana bona ataBa:r
teop1238	a Boi kasi ma: a Boi	aBo kasma:Bo
teop1238	bea otei Bai Bahio ore pa:	beao teiBahio ore pa:
teop1238	a bua otei he	abuatahe
teop1238	tea Bagana tahi:	teaBaganatahi
teop1238	nO: tahi: meori pa: Bagana ma:	notahimeri pa:Baganama:
teop1238	tagan takarata	tahakan takarata
teop1238	erau he he otei tena: a beiko teara	iroamehhotatena habekotiara
teop1238	ei rau me tei tamuana nana	erome titamuananana
teop1238	eam eiei ama: mo:n team	eameeama:mon team
teop1238	pote: bona nO:Bana	pote bonanaoBanann
teop1238	me moge: pa: sue ki bona si: otei ean kou sa ante: kou an tea Ba:ku: ana:	emoge pasuki bona:siete Banunu koansa:n te koahanoo teaBa:kuana
teop1238	a si: aba meori pa: kokopo Baha bari	asiaba mori pakokopo Ba habari
teop1238	bona taba Bai to rake n{: be taBerete Bo te:bona	bona tabaBa: torakene betaBerete hote bona
teop1238	ta ma: raBiana	ta ma:raBiana
teop1238	ama: kara kaBe team na mahaka	ema:karakaBeteamu nama:k
teop1238	era sue bata eara koma pa: goroho Buru	erra:sui batahearako ma pa:gorohoBuro
teop1238	mea peha pa: sue	mea peha pa:sue
teop1238	taBus en to ti: n o pusbie mepa: boha Boen	taBusuene to tirO:po su bemepa:men
teop1238	erau taman{: pa: konau	erau tamanee pa:kona
teop1238	o pe:pe: Bai tea suin{: na taratara bata eBe tea pe:pe: bata tea Ba:kokopO:	o pepeBa:eteasuenena taratara bataBee tea pepebata tea Ba:kokupa
teop1238	bukimeasun me na asi bata	boki mesun mena:si botan
teop1238	erau mepa: noma: Baha: mepa: tauraBi BakaBara ma: mepa:	erau me pa:no ma:Baha me pa:taura:rurakaBara ma:mepa:
teop1238	tab{: eori komana o man{: Bai ei	tabe eoriko manao manaeBa:e
teop1238	iku Bai teo nO:no	ikuBate onO:no
teop1238	pa:na nahu to kokopo nana nahu	tea totea iipa:nanahu tokokoponananahu
teop1238	eBehe: e roanabai teBe	teBehe erBana beteBe
teop1238	nO:Bo batana	nooBobatana
teop1238	meori pa: Bagana	mori pa:BaganaB
teop1238	takaha koa mepa: nO: nO:	taka:ka:me pa:no no
teop1238	teo peho bon mepa: Bakokona	teopeho bon me pa:Ba kukonan
teop1238	bean oro bata Bo nO: te:bona	ban noore pataBonaateepone
teop1238	ka:ko: Bahai mepa: tei Baha inu Ba:n teori	keku Baher emepa: tuBaha: aBa:ntori
teop1238	ama: Buaba team ama: Bu: tab{:	ama:Buabatemama:Bu tabe
teop1238	erau bona t{:m sana	erau tittititiitibona temsana
teop1238	to kusu batana bona	to kusu batana bonopn
teop1238	me pa: Bo:su e sinan{:	mer pa:Bos mesinane
teop1238	kO: nO: kO: nO:	konao katoo
teop1238	meori kahu BakaBara bona	meri kahuBaka Bara bona:
teop1238	bubu: teBe	ububu teBe
teop1238	mepa: pa: sue eara kahi nO: Baha rara Ba:n a beiko pa: be:ra B{:Buru	me pa:pasuea:ra ka:noBa:rara Ba:na beko pa:bera BeBuru
teop1238	a ora: Bai nabunu:	a:ra:Bannabiru
teop1238	tahoa Baha:	ta:hoaBaha:
teop1238	erau pak tamuana Bona te:bona	era paktameena Bona tebona
teop1238	e subuaBa pa: sue	eso bao pa:sue
teop1238	me mo:ge: pa: iki	neBoge pa iki
teop1238	me tei mea taBa:n pa: nagu me tea rake tea bon	meete me taBa:n pa:nagume tera ki ta:bon
teop1238	merau meori pa: nO: teo peho Buri	mera:miri pa:nO:teo po puri mirip
teop1238	mepa: sue gaiBa:	me pa:sue ga:Ba:
teop1238	enam na toku nom	enam na tokunom
teop1238	ena: a henana: e iarabe:	he na:he nana:e erutiarabe
teop1238	a si beiko bona nO: Bai nO:	asiba:kobona noBa noBBB
teop1238	me peha me peha me peha me peha	mepeha mepeha mepeha mepeha
teop1238	teitei nO: ma:mihu t{:m e Ba:siri toro nO: nana	teteno ma:miho tem e Ba:siri torononana
teop1238	be:ra Bai a Bahuhu Bai a mo:n	beraBaa ba:kBahu Baa mon
teop1238	mepa: butara bona o tab{: a taba ani a mata:	mepa:butarabono tabea taba:nea:mata:
teop1238	meori pa: ki:kikira bata ni bene Ba:siri	mere pa:kikikira batani bene Ba:sire
teop1238	gaha sura:	ga:sura:
teop1238	a aba bene eBehe: a ora:	a:babene Beaora:r
teop1238	ean toro ante: koa tea	harato an tekuatea
teop1238	e ro:su: he na hio ma:na matano aBa:Ba teBe	erosuBohenahiBe ma:na matano a:Ba:BateBe
teop1238	me ro:su: peana tei ma:na kasuana	oreamero supeana temana kasuana
teop1238	eBehe: be:ra hiaBa bata	BeheberahiaBa bata
teop1238	nabunu: Bai roho na ti:ti: roho	na:bunoBu Baeroho na:tieteiroho
teop1238	meori pa: nO: tahi: tea Bagana	moeri pa:noa tahiri taBagana
teop1238	eam re no kaBekaBe ma:	amre nokaBe kaBe ma:
teop1238	sinan{: repa: Bo:su ore pa: nahunahu	sinanere pa:Bosore pa:nahunahu
teop1238	pi:pi:ana Bai e pi:pi:ana he	pipna Ba epipianahe
teop1238	meori Ba:raka bari	mori Ba:raka bari
teop1238	a abana Ba:ri: meori pa: an	a:bana Ba:rimeori pa: an
teop1238	teie: to poka: bata ma:na bona beiko	kekipu ka:Batima:na ban beko
teop1238	are pa: Bagana ma: are pa: Bo:su ma:	are pa:Baganama: are pa:Bosu ma:
teop1238	me noma: mo:n{:	meno ma:mone
teop1238	ei ama: hum bona	a mahum bora
teop1238	bona taba to paku bata n{: a otei Bai	bonata batapako BatanaaBateiBa:
teop1238	ma: naba hu:hua pina	ma:nna ba: huhuapina
teop1238	BaBa:h{:ri bona ma: abana meori Ba:h{: bona kaBe	Ba Ba:heri bona ma:bana meori Ba:hebonakaBe
teop1238	sun B{:Buru tea masi	sun BaeBur teamase
teop1238	gono bona a Ba:kokopO: a o Bua mepa: taBataBa	me gonobona aBa:kokopO: aouBua me pa:taBataBa
teop1238	Ba:hake nom ana: ena: re aha bata sosopene	Ba:hakeno mana:nareahaBatoso sopene
teop1238	erau meori pa: busu habana ki bari bona ma: iana	era: meri pa: busa:bane kiBareBana ma:ana
teop1238	a tab{: to rake nomeam	ata betorakenameam
teop1238	a aba a beiko teori roho	hba:pakoteoro ro
teop1238	meori pa: BO:gO:ga	mori pa:Baagoge
teop1238	tei nana	teinana
teop1238	a meha papana	ameha papana
teop1238	are pa: paku a tabaan a be:ra	arepa:pakoata ba:nabera p
teop1238	meori pa: hiBi a taBa:n Bai Ba:n	mori pa: hiBi ataBa:n BeBa:ne
teop1238	e ro:su: Bai na sue momohu kiri nO: bona ma: mo:n	erosuBa: nasuemamoho kiri nobona ma:mona
teop1238	Ba:sue bata ma:ri teo siniBi me keara teBe a be:ra pa: boha Boen	Ba:subarte ma:t bisni me tearteBa bera Ba:Ban
teop1238	are ante: are Batamari o hum Bai oi	arean teareBata mareo hon Baoor
teop1238	horiBana piu Babe:ra koa ma: me mo:ge: pa: pahin ku:	kehori Bana puBa bera kma:me moge pa:pa:nku
teop1238	to boha Bo a mo:n	tebohan baBamon
teop1238	pasi gogi rori bona	pasigogirori bona
teop1238	ama: meha na:n bebeahu Boen ama: meha ama: ruta:	ma:mehana:nbebehoBonen ma:meha maruta:
teop1238	erau Ba:huka Bai bona suinn{:	erau Ba:hukaBe bona suine
teop1238	meori BanaBana bari	mori BBana Bana bari
teop1238	me a mo:n pa: sue ena: na karahu rakaha nom tea an ama: taba:ni marakua	me amon pasuenana karahurakahanom tea:na matabaneamarakua:
teop1238	si: otei ean sa ha: tea Ba:ku: ana: teo nO:no	siotean sa:ntera ka:nteaBa:kuana teo nono
teop1238	hoBo Baha koa ma:	hoBa Bahakua:ma:
teop1238	eBei a Bagegeana na Ba:n ei	iBaBBagegenano Ba:ne
teop1238	tea tab{: a otei Bai kou to de: Bamurina batana a keho:	gatabeao teBeko to deBamuri na batanakeho
teop1238	me saka saka ora: Baha ha:na	misakarkasakaBora:Baha:na
teop1238	tea Ba:n teori ahiki	teaBa:n teoraheke
teop1238	nO: Bai nO:	noBa:no
teop1238	ahik ta naBis	aakta:na Behsi
teop1238	mena: kou	bena:kunu
teop1238	ere tete: koma mate kahi roho ana:	i ere te teko mama te kahirohana:
teop1238	peho Buri	peho Bure
teop1238	de: ma: ta iana	tema:taan
teop1238	mea abana pa: an	me abana pa: an
teop1238	erau hua batari	eetau huabartaru
teop1238	eori he sue B{:Buru Boen a henan{: e taguone	orihesueBeBuruBenahanane etaguone
teop1238	eara toro nO: Baha:	era turnoore Baga
teop1238	ore nahunahu bona taba an	aroenoahonahu banataba:n
teop1238	pa: Bahogoro mau mepa: sue	pa:Baho goroma:me pa:sue
teop1238	beaka ma: meo nO:no pa: dohidohi	beakama:me meo meonono pa:tdohi doe
teop1238	nubunubu meori pa: kO: gunaha bana ma: ruene	nubonobomeoru pako gun habana ma:ruene
teop1238	ena:i hua Bo m{:n	heahe huaBaben
teop1238	mepa: nO:Bo tahi:	me pa:nO:Bo tahi
teop1238	o Ba:nomo te to aBuhu bata ma:na	o Baa:no motetoaBuba tama:na
teop1238	bean rake tea rake ana: ean pa: Buriha ana: tobina namana	bean rake tearakeana n paBurehana to binana mana
teop1238	a si: beiko aba	asipekoamba
teop1238	a buaku a Basu a bebeahu	abuakaBosa bebeau
teop1238	ore pa: boha Boen pa: ruB mau ruene ahiki	aro pa:boh Ben pa:ruBumaoruene ahike
teop1238	meha sue Bai ma:	mehaseBema:
teop1238	rerau noma: tei Baha Bai	herau noma:utiiBahaBa:
teop1238	a bua tom sinana	eaBatom sinana:
teop1238	sue Bai	seBa:
teop1238	ena: me a Bahio mo:n e teie: sabin Bahio mo:n	ena:hamea Bahiomon eteesabin Bahiomon
teop1238	tea pupuhu	teapupuhu
teop1238	me a mo:n na ti:ti: papahiana koa	me amon natitipapahana koa:
teop1238	e sinan{: pa: matatopo bona ama: Bohu teBe	esinane pa:matatopo bono ama ama:BohteBe
teop1238	a to:to: a to:to: to aBuhu nana	atotoBa toto toaBuhu nana
teop1238	ena: nO: bata nom tea tara e	na:noobatonpataleh
teop1238	matakeho: he e pi:pi:ana to pa: asun Bamateu	atamatakehohe pipianato pa:sun Ba mateu
teop1238	e ihugoBa: he tara Bahiki bona otei	eihugo Ba:hetara Bahiki bonotaihe
teop1238	e gaiBa: he taBerete pote: bona ke:ra:	iga:Ba:he taBere te potebona kera:
teop1238	ama: hum he hapusu B{:Buru tea kasuana tea aba	ama:humhehapusuBeaBuru teakasuana teamba
teop1238	eori repa: kO: geBe bari ei kou	erere pa:kO:giBe bareku
teop1238	to boha bata ma:	tobohabatama:
teop1238	mepa: an BakaBara ma: bona mepa: taBus habana	mepa:an BakaBara ma:banemeBamon tausa:Baneu
teop1238	to ante: nana bono bO:ru	toan tenana bono bO:ru
teop1238	gono Bai ori a beiko	gono Baora beko
teop1238	sue Bai ena: a Bahio mo:n	seBa ena:Bahio mon
teop1238	nO: Bai e sit{:gora:	nO:Baestegora:
teop1238	mea si beiko pa: kO: hoBo mepa: gaha bono sura:	measi baheko pa:kO:hoBo me pa:gahabono sura:
teop1238	o oBere na Bua	oBerenaBa
teop1238	o pauna tenam bo papa e mokehiBa	o paatenombapapa:emo keBa:
teop1238	ama: iana kaBara Bai	ma:ona kataneBe
teop1238	me BaBereBerete ni bono pusbie Be tea mo:n he tea ti: pahi bata	me BaBereBeretene bonopus beBehetea amonehiteatipahi bata
teop1238	ahiki he be Ba:siri sue Bata:re: ki bene keara teBe Benei	ahikihe beBa:siru seBata:reki bene kra teBe Bene
teop1238	ena: toro paku ta peha taba	enaatoro pakutapehataba
teop1238	mepa: nO: na mete toBu batana eBe he tea Ba:kukune: bata	me pa:noname te toubatana Behe teaBa:kukunebata
teop1238	me mo:ge: pa: sue ki bona si: otei	memoge paso ki banasiBate
teop1238	a mo:n teBe na pakupaku mi nan bona enei	amon teBena pakupakuminana bonaene
teop1238	a otei Bai to pa: ku: mau	aoteBe to pa:kumao
teop1238	pa: bene eam ge toro sue bata nom	pa:ben eamgeturose batanom
teop1238	tahi: Baha	tahiBaha
teop1238	meori matatopo Banene:si rakaha bari	oromata topo Banenesiraka habare
teop1238	me gaiBa: pa: nO: koa gono koa bona tora:ra:	miga: Ba:pa:nokBa:guno kBabona tora:ra:
teop1238	pauna meori pa: Boenei	pa:una more pa:seBene
teop1238	a beiko teara na tapaku	ambakoterana tapaku
teop1238	i: na: Be ahiki	ihina:Beahiki
teop1238	hua bana nO: meori hua bana nO: meori hua nO: meori pa:	hua bana nomiru huabananomiru huanomiri pa:
teop1238	a peha a peho Buri	peha apeha Bure pBr
teop1238	meori pa: nO: Bapahana mepa:	mari pa:ro noBapaha:na me pa:
teop1238	paku Bon{:n e taman{: {:a mo:n	paku Boden etamane a:amon
teop1238	eam a abana nO: nom tea Bagana	eama:bana nonom teaBagan
teop1238	meori pa: paku Bo te:bona	meori pa:paku Bo tebona
teop1238	haBe: e mutaman e teie: to hio Bon{:n	a:reemutaman ete tooBanatr
teop1238	Burahe koa bona ma: sino: {: ama: a Basu	Burehe kuabona ma:sino aama: aBaso
teop1238	teo peho si: Buri na teitei roho a peha si: ma: tom tamana	teho peho siBuri na tetero ha peha sima:tom tamana
teop1238	haBe: to pa: paku Bo mau a beiko tena:	aBe to pa:pakuBomoa bekotena:
teop1238	teitei Bamata: nO: peho t{:m	teiteBamata:no behotem
teop1238	hua Bai ma:	huaBa ma:
teop1238	nO: Bai meori pa: a bua sumeke subuaB pa: sue	noBa:mori pa:bao sumeke su boa:pa:sBe
teop1238	meori pa: hua pete	mere pa:hia:peta
teop1238	me saka pa: ante: ha: tea kO: hiaBa	mesakapa:nte ha:ta kohiaBa
teop1238	Ban popoura batari	Ban po poura batanee
teop1238	nO: me nO: me nO: a bua tom sinana he pa: sue B{:Buru eara kahi nO: Bareko rara sahata	nome nomeno batom si nana he pa:su BeBuriara kahi nO:Bare korara bosahata
teop1238	gono bene ta nO:no mepa:	ogonobenetanO:no me pa:o
teop1238	nO: meori me:ri ma: bari meori pa: Bahio ri bari tea mohina mu:	munoamore meri ma:ba:rimore pa Ba:heori bara teamohinamu
teop1238	eara kahi eara kahi paku rara	arakahi arakae pakurararr
teop1238	ore ma ma kaBara	one mama:kaBara
teop1238	eBe koa mata:	Be kuama ta:
teop1238	erau mepa: Bo:su meori nahunahu	erau me pa:Bosu more nahu nahuu
teop1238	erau ta keha: pe: Bai bona	rerau takeha: peBa bona
teop1238	meori gago BakaBakaBara bona ariono meori pa: gonogono bona kara Bai tobin	meori gagoBakaBakaBaro bona:riona meore pa:gno gono bona a:kara Ba:to bina
teop1238	pa: hu:n a suinn{:	pa:huna suine
teop1238	a si mo:n Bai to nO: batana	esimon Batonombatan
teop1238	kahi Bata:re: ni rori bona marar{: teori	kahiBata:rendori bona mararaa tiori
teop1238	sa tora:ra: ha:na eBehe:	satura:rha:nnamehe
teop1238	me e roanabai teBe pa: nO: tea masi	mis ereBana betepa:rnotea masi
teop1238	me mo:ge: peha teo nO:no	emoki pea:teonono
teop1238	kakaku mO: gu:	kakako mO:gu
teop1238	gono taba an nana eBe he: Ba:kaBakaBara nana bono hoi teBe	gono taba:nana eBehe BahakaBakaBaranana bono hoteBe
teop1238	pa: aheahe habana	pa:aa:mana
teop1238	pa: hua bana	pa:hua bana
teop1238	e matakeho: boha Bai Benei	ematakeho baho BaBuene
teop1238	meori hua meori hua meori hua	mbori hua: mbori huambor hua
teop1238	meori nagu tea rake Ba:buaku o bon nagu	morinaguta:rake Ba:bako bonnagu
teop1238	teo peho Buri teitei roho a bua si: tom ma:ge:	teo peoBuri te teroha bosi to ma:ge
teop1238	meha papana nahu batari tea iana	mehapapana nahuBetari teaana
teop1238	anda eori hua Bahogoro Bai ma: meori ma Bahogoro	anda:ori hua Baho goro Ba ma:meori ma:Bahogoro
teop1238	pa: sue a otei Bai a gaBagaBa	pa:se e oteBa:a gaBagaBaB
teop1238	na: kou na e:	nakuronahe
teop1238	e ro:su: to	erosuto
teop1238	ahiki ta bai eam toro nO: komana bata eam re tara koman bata pusu bai	a:hekita:baan toro nako mana batamre tarakomatato pusu ba:
teop1238	mepa: sue ki bene subun{:	me pa:asuekiben subuna
teop1238	me obete nana eori he paku bona ma:	meo betenanaorihe paku bona ma:
teop1238	eBehe: saka ante: koa ha:na tea Burahe bene keara teBe	eBehesaka:n te kuaha:n teaBurehabene kearateBe
teop1238	mea taBa:n pa: paku bona taba:n meori piuBu meo	ma ta:Ba:n pa:paku bona ta ba:n mori pioBu mon
teop1238	a meha t{:m me taman{: pa: nO: Bahabana tahi:	amehateheme tamanea pa:noaBahabana tahi
teop1238	tab Boi to taButaBusu n{:n	tabaBeto tabu taBosuna:enae
teop1238	eam toro nO: eam ma tara	a:m torona amakarar
teop1238	a bua ro:su: Bai pa: pate mateu	mea abuarosuBa pa:pate mate
teop1238	bean a otei a to: karipa	beanootea tokaripa
teop1238	ean toro toro mosi a mo:na:	en toratonamesa amona:
teop1238	me sinan{: pa: sue Bamana:ta bo taman{:	misnane pa:siBe mana:ta butamane
teop1238	mepa: sue ki bona	me pa:se ki bona
teop1238	ena: na rake nom bean Ba:taBerete pote: ana: a iana	nanarakenombean Ba:taBere tepoteana:ana
teop1238	ena: kahi Bahutate nom	ena:akahi Bahuta tenuma
teop1238	mepa: ma sue tab{: to paku nom eam	mepama:sueee tabaito pakuno meam
teop1238	mepa: bene a kaBarana kaBe teara BaBa:nte: Bai	merepa:ben a:na kaBarana kaBeteara BaBa:n teBa
teop1238	mepa: sue kiri bari	me pa:sue kiri bari
teop1238	me e sumeke pa: sue	me esume ke pa:sBe
teop1238	ma: kara kaBe teori	ma:karakaBe teori
teop1238	puhana pa: ante: Boenei	puhana pa:nteBene
teop1238	Bihin{: bukimeasun	Bihine buk mesun
teop1238	e sinan{: Bai ei bara si: beiko na nO: rori mohina	esinaneBa:he bara sibeko na:naarori mohina
teop1238	Bahara beiko	earapako
teop1238	kuho: te kara tete	kohote kara tete
teop1238	hua Bamurina Bai nO: mepa: nO:	huaBa murina Banome panoo
teop1238	na: na rake nom tea taBus pote: a nO:Bana	nanarakenom tea taBus po teanoaBana
teop1238	to ti:ti: m{:	toe titime
teop1238	no toboha BO:bete rori bona e ta nO:no	tonotobohi Baabete rori bona etanono
teop1238	mea bua otei pa: de: kokora:	meoro abuote pa:dekoko ra:bono
teop1238	are tara a tab{:	aretana atabe
teop1238	tea nubunubu	teano bunububB
teop1238	mea otei pa:	meotepa:ro
teop1238	a meha papana he na Bara Bihi rori	amehapapanahe pa naBaraBihirori
teop1238	tea ma: bon be:ra tenam a Ba:n tea ma: piuBu	tea ma:bon bera te tenama:Ba:n tea ma:piuBu
teop1238	kara o mehoi o meho ei	ka:omeh omeohe
teop1238	a peha iana nO: Bon{:n	apehaana nO:Bonena
teop1238	meo mataBus pa: pa:s	omataBus pa:pa:s
teop1238	mepa: ma sue kiri bari	mpamasBe kiri bari
teop1238	t{:gora: koara B{:Buru bona	ta:agora:koara Ba:Buru bonaa
teop1238	ku: koa ma: me horiBana pa: sue ki bona si: otei	kukua:ma:mehori Bana pasukiBona siote
teop1238	meori Ba:sun ma: bona ma: kaBe teori tea siniBi meori pa: BatatO:nun ma:	mori Bahasun ma:bona ma:kaBe teore teasiniBi meeri pa:Bata taonon ma:
teop1238	Bagana ma: Ba o kaku Bagana tea ma: mo:n	Bagana ma:aoBaokaku Bagana teama:mono
teop1238	taBa:n ore gono bata Buan	taBa:n re eregone bataBan
teop1238	me pa: no hiBi ri bari	me pa:nohiBiri bara
teop1238	mepa: kuho: te kara tete	me pa:hkuhote karate te
teop1238	tea kurin{: {: tea mo:n{: meori pa: de: bari	teakurinea teamonaemori pa:debari
teop1238	mutene gaiBa: ei Bai roho komana	mo tene ga:Ba: heBa:rohkomana
teop1238	mos goBara bene mutan{: mutan{: pahin mate koa	mos goBarabene mutane mutanepehen matekua:
teop1238	ore hua ma: ore hua ma:	rehua ma:re huama:rr
teop1238	nO: Bai	nO:Ba
teop1238	me o oBere pa: taBusu te:bon	me oBarepatagustebun
teop1238	erau enam pa: uhu a kahonam	era enam pa:uhuakahonamo
teop1238	o sino: iana bara ama: Basu kokora:	osinooriana bara ama:Baskokora:a
teop1238	enam ahiki ta tapeako {: ta kaukau	enamaheta tapeokaatakaBka
teop1238	a henan{: a suBin	ahenam{:suBin
teop1238	teo haha koma nana a Ba:n	teaha:koman nana Ba:n
teop1238	ean pa: Bahio nom a mo:n a to: boen	an paBahon nomamonatobuen
teop1238	hoBo Bai	hoBoBa:
teop1238	e ro:su: to tei batana komano siniBi	erosuto tebatanakomano siniBe
teop1238	mepa: tara nO: bona bua tom sinana meori pa: BakakO:	mori pa:tara no bona botomu sinana muri pa:BakakO:
teop1238	a tab{: to oga nom an	tabetoo gano ma:n
teop1238	erau me pa: binun ma:	ezome pa: binun ma:m
teop1238	bara hio Bai meori	barahioBamori pa:
teop1238	o sine bukimeasun he tea ti:	esine buki mesuno hiteati
teop1238	na takopa: bata ma:na	atako pa:akamana
teop1238	meori he nO: Bahabana mohina a bua tom sinana	orihenoaoBahabanamohina boatomisinana
teop1238	a taba na karakaras nana	atabanakarakarasinana
teop1238	na boha Bo n{:nei a otei to pa: gunaha e pi:pi:ana to pa: ku: mau	na bahoBoneeneaBatei to to paguna epipiana to pa:kumau
teop1238	to nO: nO: roho	to naonarohhhhh
teop1238	nO: Bai nO: meori pa: Ba:sun ma: bona meha Ba:sun	noBa nomeri pa:Ba:sun ma:bona meha Ba:sunu
teop1238	eBe koa o hutate me kaBara Bai	eBoko Bahutate mekaBaraBa:
teop1238	rapana in te be:ra ei paku Bon{:n tea mahan Bai	marapanain te bereipakoneeni teBa mahanBa:
teop1238	kO: gunaha Bakahu ma:	kO:guna:rakaoma:
teop1238	eBehe: be haran gunaha tahi:	eBe beharan guna:tahi
teop1238	erau sue Bai	erahu sueBae
teop1238	ena: a si: hiki ta si: ta aba Bai to kahi huahua ki nom na:	ena:siehi kitasi ta:baBa to kahi Buahua kinom na:
teop1238	meori pa ku bona ma: kiskisi bata ni bari en bari en mo:n{:	neru pakubonama: kiskisu bataBanen barene baraimone
teop1238	kaBekaBe batana pa: nata B{:Buru	kaBe kaBembatana pa: nataBeBuru
teop1238	meori pa: Ba:h{: bana tea siniBi meori Ba:h{: meori Ba:h{: meori Ba:h{:	mori paBahe bana tea siniBi mori Ba:e mori Ba:h meori Bahe
teop1238	e subuaBa bona he a kuri kakaniBa	esubu Ba bona hea kurika kaniBa
teop1238	mea peha bua otei pa: kO: gunaha nO: roho ruene	meapeha buao tehipa:kagunahana oro horuene
teop1238	eam pasi hua nO: ena: ne pa: h{:	eambasuhuamoena:ne pa:he
teop1238	me pa: ti:ti: koa me si subun{:	me pa:titiikuambene subune
teop1238	ore pa: paku nana bona ma:mihu kiu	ore papakunana bona:ma:mi hokio
teop1238	e mutan{: ore pa: kO:kahi bona pa: Bahio bona meha	ntanoe ore pa:kO:kahibonoe paBahoboname
teop1238	me nO:nO: sana	me nonosa:na
teop1238	peha ruene	peharuBene
teop1238	me pou Bamatemate bona	me pouBa mate mate bona
teop1238	Ba:kaBara bona ma: kaBe teori	BakaBara bona ma:kaBeteori
teop1238	sue Bai eam o upa	sueBa: eamaopa
teop1238	sue Bai eara saka manin gogi ha:ra eara abana	seBahe earasakamen gogiha:raearaabana
teop1238	i: gina irihi	egina irih
teop1238	meno a goBuhun{: pa: no tamena: Bo nO:	emeno pegeBuhuneaepa:nu tamena:uno
teop1238	to roBa habana koa Buru a meha beiko	hetorohabana koaBuramehab bakokk
teop1238	sumeke bona a kakato eBehe: a magamagara	sume kebona hakakato eBehe amgmagara
teop1238	me be kahi ti: Bakisi nana	me bebekahitiBakisinana
teop1238	a Buhun	aBu hun
teop1238	de: ma: Bareko ta bai	te ma:Bareko taba:
teop1238	mepa: hiBi	me pa:hiBi
teop1238	a meha buaku pa: roBa Buru mena: pa:	ameha buaku paharo BaBuru menapa:
teop1238	o koBiro bene to kahi tara na na he na kamis nom	okoBiroBbentokahetarananahena ka:mis nom
teop1238	mea ma: mo:n pa: noma: tea isuisuBu tea ruene a ruene bona a ruene teo ora:	mea ma:mon pa:hano ma:tesisuBu tearueno aruene bon aruBeno teora:
teop1238	be tei nana inu	betenana inu
teop1238	pa:na nahu	pa:na naho
teop1238	erau pe: Bai bono hum Bai gogo:n{:	era peBepon hunekokuone
teop1238	mepa: mep a: no	mepano me panoatto
teop1238	erau a naba huahua pina orepa: hua pina bata ma:ri	rerau ana ba: huahupina ore pa:huapina bata ma:ri
teop1238	Binugu BakaB ara bona ma: kaBe teori	Binugu BakaBara bona ma:kaBe teori
teop1238	na taba bata ma:na	na tababakama:nannnnn
teop1238	tara Bai nO: bona a iana to noma: batana	tara Banoa bona aana tono mahabatana
teop1238	kabu: mu: BateBate:n Bo:su ma: a mu:	ka bumu Bate Baten uBosu ma:mu
teop1238	ku: Bai mepa: mirin	kuBeme pa:merin
teop1238	mepa: dona bona me dona me pahin tabusu nO: teo t{:no kururu	me pa:donabona medona mepahena tabusunoa te  tano kururu
teop1238	eBehe: o o Bihi	ebeheo oBbihi
teop1238	meori a meha gunaha ore Ba:sun bona kaBe bO:ru teBe	mori mehaguna haore Ba:sun bona kaBe bO:ru teBe
teop1238	mate B{:Buru bana	mate B{:Buru bana
teop1238	ahiki beori suesue tea taBa:n	ahiki berusuesue teataBa:na
teop1238	tobina namana me pa: nO: rakerake batana bene keara teBe	to binanamana me pano rakerake batana bene kiara teBe
texi1237	@ts ktSE?Ep d_jim k?ja?akhO?Oh d_jim	@tsktSE?pmahustujmgja?thOhjim
texi1237	hOjE ta w~E~?kp d_jim	hOitawE??im
texi1237	j@?@ kbjON	kbjOm
texi1237	d@k a?am@?	hEkahim
texi1237	nhumbu? kaJtSEJ	um@kaJtSi
texi1237	tE k@?NkOm	tEk@?kOm
texi1237	t@kEJ hOkt@kO?Om	takin hjOkt@kO?am
texi1237	d_jim w@: itS	EjEb
texi1237	ma? jaham d_jim	ajahami
texi1237	h@:kba:ts@? d_jim	h@kbatim
texi1237	hOjE a?j E:p@? kmitSka?kakna? kmbatsa?ja?ap ja	tErhOj?ajEkumitSatimbatsa?hpajmts
texi1237	ma? a:NwEh hEpE? sutuba:	tONsEtE aNwEhi?tSaNkaNwEhimiaNwEh tOksmawEhSEpsuk@bE
texi1237	zun k?ja?akha?ap d_jim	pEzumga?ksa?pim
texi1237	ma? dupka? iskpakO?Om dupka? iskpakO?Om	madupkatSiskpagu? dupka?iskpagu?
texi1237	ma?p@? kEt juku d_jim	pElOsJima?pkEtjukidim
texi1237	j@?@p ha: ta wE?kp d_jim	tSaswamEtE?patawE?kim
texi1237	ktsa?akha?ah@? @ts d_jim	ktsa?kahEsim
texi1237	ma?jE wi?kjah bjumbE	mawi?tSEbjumbE
texi1237	@ts kbE:SE?	?utskbESi
texi1237	ma? d@k t@:JE?	maEkt@J
texi1237	@ts u mEJ d_jim nhak u d_jim	Oats@ mEJu hakuim
texi1237	tSE? kJima?ap d_jim	tikinima?im
texi1237	EJd_jE: nhE?	iJhE?binu
texi1237	wa? w~j~a~t d_jim @ts ktsaka?ah@?	naumEtkasimutsktSutSkutsa
texi1237	EJtS w@:ta?	tSwat@?
texi1237	ta matska? d_jim tSi?k w@: ta wata? d_jim	aNtONs?atSitSEatSiktamatska?pihuE?tSikw@tawatajim
texi1237	EJd_jE ma? pjatsa?j	EJapjatsam
texi1237	tSiNhaka? isk@? tSiNhaka? isk@? hEpE? EtSp@?	tSiNhagaisk hatSiNhagaisk higantEpEtSpabibu
texi1237	ma? sE:tSah hutS itS d_jim	hasEtSahEntsihunitSim
texi1237	pjaNka?m@ja kjOp@k hOhO	pEnmE?mkjOpkOh
texi1237	ma?tE EtSahE?	matEtSa
texi1237	@ts EJd_jE ma? k?a:~NkE? d_jim pa d@k mbjus@jah bO:ja?	m@tJm@?aNkimpakmbsaja?bOjEn
texi1237	EJd_jE kJi?iksha?	ika
texi1237	mi:Ja?ap ndZik d_jim	tONkimEJamikim
texi1237	wjasbatSah hEpE? banabanda?	bEwsbabandband@
texi1237	nhEm ka?ap d_jim	hEnka??jimmm
texi1237	ma? taNnasE:t ma? d@kam	mtaNmEtmd@g@m
texi1237	pjahkdu?ka? ma? bi:Ja?	phk@duka?pEOthabOma?biJa?hm higantE
texi1237	ma? ba?jO?jksaham d_jim	hutsamba?jOikzahhikan
texi1237	d_jim zun tuNkak i:tSa?p@? p@:m	sijipErO nOsun tumkakma?sitSa?p@m
texi1237	d_jim EJtS E:tSE ma? k?wata? d_jim	sijimsEJOjmtSEkmkwata?jim
texi1237	hEsa du?kam	Esadudam
texi1237	ma? iSam hEp nhE?	amtOmsE maiSamhEsOldatsbEtS
texi1237	d_jim ma? kbEJ w~a~?kta?	pEpim@kbEJpahua?t@?
texi1237	d_jim tSju?jtu?jksah wiJ	dipmtSu?tu?zawinE
texi1237	d_jjakbaNtsuNtah tOtaj	utEjakbaNtsumkatOtaj
texi1237	hEkS wa?jtSE mEJ ?j~a~?mkakp d_jim	hEkSwa?ki m?akim
texi1237	tSEkEhtSE wa:t@?	tSikEhtSwata
texi1237	p@NkEtam pahku?	NEtamt@?pahku?
texi1237	kd@majah @ts ksawk@?da?a	bE mtSkSawkdE
texi1237	du?kjah ta:ks@?j du?kjah ta:ks@?j	tu?k taksu? u?ki taksu?i
texi1237	butskbutskdE? biJ p@:J	@tSbuimp@
texi1237	d@k k?a~?Nj@ta? d_jim	ts@kaNtsa?
texi1237	wjO?kbats hEp sapun nhEm	Nbatap
texi1237	nE: k?@ts	makatiwa
texi1237	mE:J@? d_jim	mEJhwam
texi1237	hEp nhE? d_jim ma?p@? Jjaka? w@sna? d_jim	mEpE?j@?mapJEga?w@Sn@jim
texi1237	k@?@N@? d_jima? wiJ	k@ima?wiN
texi1237	ma? d@kjaham	matd@pja
texi1237	hEpE? tSE?Eh@? tsuktu?tsba:	hE?tSE?tsuktu?tsba
texi1237	E:p ma? O?tsw@? d_jik hutS tsa?da?a	ajapma?sgikutSitsa?d@
texi1237	tsO:NtSE butskbutskdE? d_jik	tsObutsbutik
texi1237	EJtSp@? jOswatp nE: nhE? nduhka?ap	mitSpjOswaknahEduhka?p
texi1237	ma?tE kjOmjah d@?	matkOmjad@
texi1237	hEsa ma? a:NwEhksah tum buruba:	hEE?iSma wO ahaNwEhsatum buruba
texi1237	kO:t@? a?am@? a?j ma? pEh	kutamampEh
texi1237	upa d_jik d@k kd_jja?akha?	upakikupajik d@kdE?k
texi1237	nhunE? ma? w~j~a~t d_jim	jaNpEruhun@mawEpimm
texi1237	@ts kJjak:@?NkOm	atSkJak@?kO
texi1237	EJd_jE nhE? bE:SE?	hEbEs
texi1237	hEpE? du?umha?ap hEs w@?Nw@?Nna? d_jim	hEpdu?mha?pESb@Nw@?
texi1237	nhEm d@k kbjO:NE? d_jim	EtE hEmdEkbjONib
texi1237	d@k a?mta?am@?	d@ka?mtsaN
texi1237	ma? du?kam nhEm	madukamhE
texi1237	ma? du?kjah E:pu? tSik@ d_jim	du?tSa??EttSik kimjEbE
texi1237	k?a~?aNja?ap nhunE?Ep Ngi?tSkta?ts	amja?hun?Emdi?tStsa?tStStStStstStstStstStstSts
texi1237	ma?jE matska?	mamatka
texi1237	put ma? d@k wE:tSE?	putma?kwEtSE
texi1237	EJtS ?E~Sp a?j nhu:sa? d_jim	ptSESEhus@kim
texi1237	tSE? k?wata?ap d_jim	tSE?kwata?pEt@m
texi1237	hEsa du?k hutS EtS	asadu?kutSEtShEtkaswEa
texi1237	d_jim EJd_jE: kJi?iksha? d_jim	njmJikJE
texi1237	jOh@? d_jim ma?pu? nduhka? d_jim	p@JhjOhbudim?apmduhkaj
texi1237	ma? sE:tSah	tErumasEtSE
texi1237	hjO?k ma?pOl ma? E:ndZtSinak pOjtsuN	jOmapOwma?tSjatSiNhak pOwtsu
texi1237	?ja:Nwa?k ?ja:p nhunu ma?j ZjE:t	jaN?jphunmSE
texi1237	nhu:sa? w@: Jik d_jim	huSawuJiki
texi1237	hEs kbEhp d_jim	ahtaOsEtEdiSkbEjim
texi1237	tsO:NtSE ma?tE d@:kE?	tsONtSma?ts@d@
texi1237	a?j k?j~a~pudu:JE? @ts k?j~a~pudu:	aampdub@tkiapt@
texi1237	mEJ wE?Ek@?	mEJwE
texi1237	EJd_ja E: kjumJE:4u	ijatSEk@mk@mJE
texi1237	hESiS d@k ki?tSkta?ts d@?	hEsd@ki?tStsa?sd@?h
texi1237	EJtS E:tSE i:tSa? nE:tSE:na?	NiNitSEtSitSE?tSEn
texi1237	nhajt@:w d_jim	pEEhkEhat@jm
texi1237	ma? wi?Nha:m	awi?ham
texi1237	hastSikdu?kam nhEm	haStSdu?pEm
texi1237	upa mEJ	pamE
texi1237	ta ts@?@h d_jim	EmStEts@?him
texi1237	j@?@ k?itS	ibik
texi1237	j@?@p jOmstuba: sutuba:	mtONEjjOkban Esutba
texi1237	nhunE? itS d_jim	hOnEtSi
texi1237	nhEm wE:ptsa:k@? d_jim	Et ihEm mEbtSakim
texi1237	tsONtsO:N d_jik sutuba: hutS EtS t@kba:	tsamtsawmiksutbhutSEtakbE
texi1237	kj~a~k:@?NkOmta?am j@?@m	Jak@?kumtsanj@?m
texi1237	w@sna? nu?ukha?ap pi:m	@SdEh nu?ka?pEmJ
texi1237	hEsa du?k	asadukhEn
texi1237	j@?@p ha: kn@m@ta?am	E?pakn@mtsam
texi1237	nhEm EtS d_jim	mEkim
texi1237	?ja?md@kjah d_jim	jmnEkjEjim
texi1237	zun tumE:J d_jim	nSutumai
texi1237	a:NwEh@? a?j Zjun k?ja:NwEh	aNwEmakunjEnwa
texi1237	hE?ba?a k:@?NkOmb	mtOsE jEhE?bahk@?kO
texi1237	ma? pEham d_jim	napEhEmim
texi1237	usta?usta? bjuska?ap d_jim	utEmbjuska?pji
texi1237	ma? d_jima? hEjE?E banabanda?	ppakEmajimhbanba
texi1237	ma? d_jjaka? d_jjOmt@:w hjajt@:w	majk?ahij@mt@ hEt@
texi1237	bitS kNg@?@sp d_jim	hEbitSi@sim
texi1237	hEkS ma? d@k d_jim tuNkak	hEtSmad@kim tuNakrEj
texi1237	ta wE?kp d_jim	patawE?kin
texi1237	ki?mka? kjawa:j	ki?bkEwa
texi1237	E:pu? ma? pju:ta? tum b@jktSa?da?a	EEpmapjts@ktuhmbaktSda
texi1237	hutS ma? mEJ d_jim ma?m d_jjaka? d_jim	ma:SutSmamEjim ma:Smamagam
texi1237	hEkS d_jim tSi? w~j~a~tp d_jim	EhEkimhOktSmjatim
texi1237	hE?ktO:jE? @ts@? hE?jE?E ?E~tS d_jim	tSa?tOim@ts@ ajEkim
texi1237	hOjE kbihp d_jim	hOjkbEtSim
texi1237	@ts numkp@k d_jim	tSinONp@ki
texi1237	@ts d@k kbO:NE? juku	Et@kbONjuk@
texi1237	O?tsdE? itS	O?ditS
texi1237	u kmjE?ts d_jim	pEaahkEkmE?tsim
texi1237	EJtS E:tSE kw~a~ta?	tSitSEtSikwt@
texi1237	E:p ma? d@kjah tSikO?Om	hEpmd@kEtSik@?
texi1237	hEkS nhEm EtS d_jim	bEaSamatSm
texi1237	tsu?uj ma? mEJ ma? mEJ	tsumamaausEtmamEj
texi1237	du?kjah nhEm	ukkjahE
texi1237	bOj pikjah d_jim	tatSbEpikEjm
texi1237	ma?m tSjuhk@kak tum	mamtSuhukaktumbur
texi1237	d@ks@? bE?Ets@? Jju:JE?	d@kt@kbE?tSJuJi?
texi1237	wE:pa?aj@? d_jim	Epajim
texi1237	d_jim nu:JE? upam d_jjOswat d_jim	sijim nujpamjOs watEm
texi1237	@ts kJjak:@?NkOmta?am	@tskjak@?kumtsa?
texi1237	km@tSka?ap d_jim	mEtSka?pn@j
texi1237	ja upa d_jik ha:m hEs@pduk ma?duk	pajikabadu?am asdu?u
texi1237	nhEm ma? sE:tSah d_jim	put@EmasEtSajim
texi1237	hEkS ma? baNtsuN hEp w@tSEda?ap@?	hEtSabaNtsuN hEphigantwjta?b
texi1237	nhEm tu:pdE? ih	imman tOpdi
texi1237	baNtsuN ?ja:p	baNtSuNEp
texi1237	j@?@p@? d_jim j@?@p@? EJd_jE:na? nhu:sa? ?j~u~k d_jim	j@?pabEnim j@?pntSa musa?jOpkim
texi1237	wa? ndZjukska?hO?j	awaJjusOJ
texi1237	sutuba: Sjun ?ja:NkE?m tSi:ba: d_jjOmt@:w d_jjOmt@:w	sutbajimJSun?akEmtSiba?j@mt@j@mtabaib
texi1237	mE?ts tuNkak p@:J d_jim	mE?tuNgap@J
texi1237	EJd_jE Sjun jOswatp	isijOswat
texi1237	ma? mbja?t Jju:JE?	mambja?JE
texi1237	nhEm bitS Jja?akha?	imbitSaJE?kabih
texi1237	ma? hEsma? ?ja?ama? ki?	hEsma pEkpa?ma?maki?
texi1237	d_jim w@: itS d_jim	jw@itSim
texi1237	wa?jtSE EtS	watS@tS
texi1237	ma? du?k nhEm	madu?pam
texi1237	ZESbanda? EJtS du?kp k?jaha?ap bjumbE	SESbandsdu?kEnukjaha?bumbE
texi1237	w@: ih	wai
texi1237	ma?tE wEtSah	ma?t@wEtSa
texi1237	bja?jO?jka?ajah nhEm	ba?kka?jam
texi1237	@ts ma? ktSEhjah Ngukpakjuku d_jim	timaktSahjaNgupakjukim
texi1237	?ja:NwEh itS	jahahitS
texi1237	hEkS si EJd_jE:na? mEJ	EkSmjEnamEkE
texi1237	j@?@ k?EtS	bE?tS
texi1237	d_jim @ts EJd_jE kJi?iksha? ni tum	?hmatSnikEksEmski
texi1237	nhEm biJ	Embi paNlOh
texi1237	hi:kbats nhEm Sjatssatsw@?j t@?Nku?	hikbatsa Sattsatsw@? t@?gu
texi1237	nhajt@:w d_jim	hhajtEim
texi1237	bitS wa?	bitSwajat@m
texi1237	ma? tSihtSihka?jah	ambatSamatShkika?jEhE
texi1237	nhEm biJ	habi
texi1237	EJtS E: ?jOt@N	itSijatE
texi1237	d_jim d_jim nhunE?Ep d@k kbjONka:kE? aNk@?@m d_jim	ndimhwaNimpu@kbONgak?aNk@?mnim
texi1237	a?j ?i~S k?jO:t@jah	aiS?jOtija
texi1237	upa biJ	hnasipa?bihiam
texi1237	j@?@m wa?pa h~j~a~k hEmbE? hutS EtS hEpE? su:tu? d_jim	ja?pahakhmhEEwtSEtShEpsutsim
texi1237	tumtSE Ng@? ma? mE:Ja? d_jim	tumtSiNg@?mamEJaji
texi1237	EJd_jE: Sjun a:NwEh@tahp	Jisun aNtahi
texi1237	nhunu d_jim	pEhOdumahaSi
texi1237	d_jim ta b@tSEN nhE? d_jim	nOpE mmOtab@tS aptahEJim
texi1237	hutS kd_jik	tEtkik
texi1237	pwEs tSi?jO: d_jim	bOtSimEim
texi1237	ta mbu:ta? huSp@? tSE? tE zun	sEmbt?uptSitazu
texi1237	@ts u mE?ts tum p@:JtSE i:tSa? p@:m d_jim	m@tsumE?tump@ntSEmahitSa?p@mJim
texi1237	i:tSa? p@:m d_jim	itSap@mnim
texi1237	nhEm bjumbE tSjak	hEmbitSak
texi1237	nhE? t@?Nku? d_jim	mEhEtOujin
texi1237	EJd_jE kndzukska?	nEnikduk@n
texi1237	tSi? w~j~a~tp d_jim	imnEt
texi1237	ma? d@kjah	maakE
texi1237	ma? d@k	madaktSi
texi1237	EJtS E:tSE kw~a~ta? nhajt@:w	pEutSEtSiwatsahatS@
texi1237	upa w~i~?k	upuNi?
texi1237	j@?@ EtS d_jim	jE?itS
texi1237	a?j k?wE?kp d_jim t@kEh ndzEkO?Om d@?	pukakwE?kim i@kEhEku?d@k
texi1237	nhunE? ma? ZjE:t	kEttsaihiis@mESEtim
texi1237	kd_jik d_jim	nast@jEkim
texi1237	wja?Nkwa?NkdE? biJ	jatkwa?d?in
texi1237	@ts kbEh mEJ w~a~t nd@k d_jim	EsbEhmimatnd@k
texi1237	u kn@ma? w@sna? ha: tukna? ha:	ja?n@mkb@Snhatuknha
texi1237	nE: d_jim	matmd@kbEh
texi1237	d@k mb@k d_jim hutS EtS	p@b@kim atutSEtS
texi1237	d@k k?j~a~?mta? d_jim	aSkwatkikkamd@kjE?mtaki
texi1237	kOmhOsO?O nhE? d_jim p@NkEtpiS d_jim	kOmOshapOkahaip@NatpEtSim
texi1237	ma? k:ja?ham d_jim	@makE?hamim
texi1237	kd_jikp d@k ?j~a~?md@ka?	kakia?mka?
texi1237	tE s@?Na?ap b@kskE d_jim	taS@na b@kskjim
texi1237	ma?ja j~a~ka?tOkEJ	ma?JakatOkin
texi1237	bitS kbjONta? k@?@m	jimbtSkbmpk@?
texi1237	j@?@ k?EtS	jEkEtS
texi1237	a?jJtS mEh mEJp@? tE tsa?akha?ap pa ta wE?kp d_jim	jajiaJtSmEhmJtEtsa?katpatwE?kim
texi1237	tEh ta mE?ts d_jim	tSE?tSamE?tSin
texi1237	nE: j@?@p p@:J d_jim ma? d_jjEpk@jah d_jim	nEj@?p@JimEjEpk@jajim
texi1237	d_jim nhu?tS?E: mEhp ta w~E~?kp	EpEJi hu?tS@mEhpat@wE?
texi1237	ma? jaham Nga?atSE?	majaham ga?tSi
texi1237	kjEN sa: tSE? wjatSah	tSEsatSEmwEtS
texi1237	O?tsdE?jah nhEm	O?sdEjhEm
texi1237	j@?@p p@la:t E: tSjE?Eka?ah d_jim	bEnj@?p@latitS?dahE
texi1237	d_jim tSi? w~j~a~ta?ap hEpE? nhE? d_jim	jimtSE?NEt@phE?im
texi1237	w@sna? biJ	w@SnahigantibiJ
texi1237	tsa:k@? upa biJ j@?@ d_jim	ta??upamiJ@??immm
texi1237	ndu?umu?ktSE EJd_jE ta Etsp d_jim	pEiJtdu?tSij@?ta?EtSim
texi1237	ma? kNgjOkska? ma? kNgjOkska?	majska? ajOska?
texi1237	EtSpu? juku bjat@N	tOsats?EtSpjukbjat@m
texi1237	hEpE? pa j~a~ka?	Epasi paJEjpa
texi1237	ma?j kjOmtOkEJ	ma?kOmtab@tE
texi1237	ma? d@k	taS@mad@k
texi1237	EJd_jE:na? k?wE?kta? d_jim	jEn@kwE?tajim
texi1237	bitS h~j~a:~m d_jim a?j Zjun	bitSja ajSun
texi1237	hEsa p@NkEt tuktuk:a?j tSits	rausap@ga?tuktukatSits
texi1237	ma? kJima? ta b@tSEN	makimEsabatSi
texi1237	ma? du?kjaham	madukkham
texi1237	tsu?N?E:~tS nhEm biJ	tsu?NEtSEmbi
texi1237	EJd_jE ?ja?mO?j	amO
texi1237	ma? n@mjah ?jO:m ?ja:p	tOsmn@mjam jap
texi1237	hOn ma?j piNjah	hOn ma?piNjas
texi1237	nhunu ma? kja?jaham	mumamakja??m
texi1237	EtSpu? juku bjat@N kujuku	EtSpjukubEm kujugu
texi1237	ma?tE SjE?t	maiSE??a
texi1237	j@?@p@? EJd_jE nhE? t@?Nku?	pEj?piJhE?taNk
texi1237	ma? d@kjah	madakja
texi1237	w@: ?a~?aNja?ta? d_jim	w@?aNta?jim
texi1237	ma? d_jjahjah	mdhjamE
texi1237	@ts u mEJ d_jim	@tsumEJhuJim
texi1237	i tSi? b@:tS ta b@tSEN d_jim	bantSibitSts@batSm
texi1237	ma?j tSiNhak	u?tatOhma?itSiNhak
texi1237	ma? ?i~Sam mat@N	pahtimSmat
texi1237	?ja?md@ka? d_jim	hESE?ja?mdakim
texi1237	ma?tE pOkpOkhO?OjE?	ma?tSpOkpukhObE
texi1237	tum d_jij	tuNgi O Olibas
texi1237	nhunE?Ep maNtsuN EJtS E:tSE kw~a~ta? d_jim	pEruhunE?maNtsustitSEtSikata?dm
texi1237	w~a~tp s@N d_jim	pEwats@
texi1237	ma? Sjunam jOmt@:w	mmaSun@mjOk@
texi1237	s@NkEh tuNkak ha:	ts@NkatuNkha
texi1237	d_jim ma? d_jjaka? d_jim	tSimadakajEm
texi1237	pEpitu d_jim	bEnupEpitSim
texi1237	ma?tE E:tSE?	tam matEtS
texi1237	a?j Zjun kNgi?isp	mEaj@nkimuaski
texi1237	pa m@?@t d_jim	pajawE m@?tim
texi1237	a?j tSi?k d@k d@k k?ja?akha? d_jim j~O~hp	matSi?d@kd@k@ja?kanaulEasiJO
texi1237	j@?@ ndzakp d_jim	j?dakkim
texi1237	wOkdE? itS d_jim	hu?tawOknEki
texi1237	ma?tE E:tSE?	mE
texi1237	ma?ja wi?kjah	tSaNsaja? mai?kE
texi1237	@ts EJd_jE km@tSka? d_jim	tiJigamatSkaj
texi1237	tSjatstSjatshak d_jjO?t EJd_ja kEh	tSaptsasakdj?utasjakEh
texi1237	a?j bitS Jjaka?ap d_jim	mbaajbitSJakabim
texi1237	ma? tSjaka? tSi:jk@?@m	matSE?ka?ttSik@?m
texi1237	hja:jkput tsuktu?ts	jajh@tSuptu?tS
texi1237	ma?ja tuktuk:a?j nd@ts d_jim	ma?jtSuktukajd@ts
texi1237	ma? ka? d_jju:JE?	makadJi?
texi1237	hEpE? d_jima? d_jim	pugima?im
texi1237	ma?mES Jik t@k@	mamiSJik t@j
texi1237	kJima?ap ndEpSku? d_jim	dEnim apmdEbSkudimm
texi1237	@ts d_jim naSuku d_jim ?E:~tSa? tum d_jim	hOk?@kim naSukdim EtSap tum higant@jim
texi1237	nhunE? itS d_jim	hun?itSkim
texi1237	tuNkak ma? d_jjaka?ham	tumagaga?
texi1237	w~a~tp z@N d_jim	puhmatSam
texi1237	ma? d_jjaka?	matSak?amhikan
texi1237	d_jim j@?@p@? p@:J d_jim nhE?	uj@?psip@Ji EhkaOm
texi1237	EJtS ta numkp@k d_jim	JtEnu p@k?im
texi1237	@ts w@: w~a~tta? jO:s nhEm a?j tSi? tOkEJ	@ts wJak w@atE?jOsEmE?atSi?tukJ
texi1237	ma? d@k bOj piN	ha?apikanapiNk
texi1237	hEkS ma? wi:pkE?m	EkmwipkE?mhikant
texi1237	hEkSEhEkSE tSjE?tsE?ka?j tSjE?tsE?ka?j	hEShpStSE?tsEka?tSE?ts
texi1237	j@?@p d_jim hu:tS Ngi?N d_jim	j@?pimhutSNgiNim
texi1237	hEmbE? k:ja?ap d_jim	hEmbhkEap?im
texi1237	ma? du?k	Eatamzu?k
texi1237	ma?tE E:tSE?	amtO ma?ts?EtS
texi1237	ma?tE bja?j@Np@k nhEm	atSbEjin p@khEm
texi1237	hi:kput tSipSku?	hikputsipkumptS
texi1237	E:p ma? kndZjukska?jkak d_jim	tSEpmaktSukskagatSim
texi1237	ma? hjuja? bO:ja? up@? hjak	mahujbOja up@hjak
texi1237	@NdE? itS	akmitS
texi1237	hOjE ta b@tSEN d_jim	hOsitab@tSiNim
texi1237	E:p ma? d@kam tSik@	Epmad@ktSik@
texi1237	hutS d@kp d_jim	pEusdaki
texi1237	ma? tSipSka? tSjukpakjuku	atSika?tSukapjun
texi1237	huma d_jim j@?@ hutS u ktsak@jah w~E~?k:u? d_jim	pOhuna??impahhutSutsa?kEwE?kuji
texi1237	w@: d_jim	putakEw@dim
texi1237	ma?ja nd@Nhakjah d_jim	madaNhaka
texi1237	hEs du?kjah nhEm	haSaukE
texi1237	t@kEJ hOhO	t@kEJhu
texi1237	ki?tSka? ki?	ki?tSpatki
texi1237	hi:n d_ji:ks@jah	hEnditSa
texi1237	mEJ ku?ut@?	mEJku?
texi1237	ta wE?kpna? ma?miS tE Etsp d_jim	pE tEwEknapimE?imambstE tE?Etsim
texi1237	w@:ham ?jOt@N	kiSawEamjatam
texi1237	@ts EJtS numkp@k	kE?p@
texi1237	ma:n ma:n ma:n d_jim	mammamami
texi1237	w@: nhunE? itS d_jim	tSEwEhun itSim
texi1237	du?k hjO?k	du?hE?hikan
texi1237	EJd_jE: kJi?iksha? tum	snkJiktatumsE
texi1237	d_jjak:@?NkOm ?jO:m hE?ba?a tum jO:m@?	jak@?kum?iO hEba?tumjOm
texi1237	jah kE?ESku?	jahkEiS
texi1237	nhEm d@ks@? d_jim	hamdOksjum
texi1237	b@kskE wiJ d_jim	b@kskdimawiJim
texi1237	d_jim a?j ndzakp d_jim	puutadimazakdim
texi1237	w@: nhunE?Ep d_jjOswat d_jim	uaNtEtSihuna?pjOswakim
texi1237	hEkS ma? kndZEhka?	hEkSmEtSEhkam
texi1237	k?a:~Nwa?kta?am bjumbE	aNO?tsambjumbE
texi1237	hEmbE? d_jim EJtS kdu?kp d_jim	artamsjimtSkdu??tsm
texi1237	bja?jO?jka?jah bja?jO?jka?jah hE?ba?a hjajt@:w	ba?j@ga?ja bja?ja?ahphEhE?bahE??hEt@
texi1237	?E:~tSa? d_jim	Eti
texi1237	ta ?u~kp d_jim	Etapi
texi1237	ja ma? d@kjah hu?um	mjamadakjahu
texi1237	ma? ?jO:t@jah	akpjEhhEEE
texi1237	ma? put d_jjOmba:	EmtONsE kOmwalasds ma?putj@mbaEj
texi1237	ma? du?k tSik@	madu?ptSE
texi1237	nhEm ma? iSkts@?j huSp@? nhE?	hama?iSpts?usma?
texi1237	tum Sju:tu? EJtS jOswatp	itumSjutu SjOsat
texi1237	j@?@ k?EtS ?O:~m	EkatSum
texi1237	a:NwEhpa:p@? d_jim j~a~ka?ap	aNwEhpapim Jaza?
texi1237	hE?ktO: ma? kdEpka? his@ba:p@? d_jim	EktumakdEpkEhEjhi?Subapim
texi1237	E:pu? ma? wjat	Eptumih
texi1237	d_jim ma?m Jja?akha?	imamJE?kabiru
texi1237	bitS kzatsatka?ah d_jim	bitSssatkahim
texi1237	EJtS ?E~Sp tSE?ka?j	wamtSEtSEka?j
texi1237	?jukpa:p@? hEpE?	OrukpapEtE hwamlOh hEt kahE
texi1237	ndZE?EJ ma? wjat@jah	imkEjmawEtEjEj
texi1237	nOhkOj ma? jah nOhkOj	ninOkjamajah nOhku
texi1237	@ts EJd_jE ndz@kbEh tumE:J d_jim	atinz@kbaStumEm
texi1237	hEmbES tE mbu?utha?ap d_jim	mamStEmbu?tsa?kim
texi1237	EJd_jE kn@ma? d_jim	knamiktSk
texi1237	pu:4 tSipSku?	putSipSku
texi1237	w@: d_jim	makEw@tS
texi1237	upa tE j~a~ka? d_jim	pataJaka?i
texi1237	EJtS ?E~S a?j ma? pEh d_jim	tSESamapEhJim
texi1237	ma? bjumbE nhunE?Ep wjat	ajatSatSa?kEb@mbEhunEhuEt
texi1237	huSp@? d_jim ka:mb@ kuj d_jim ?j~O:~m kjanda?a	kuSp@hE??im kamp@ maskujim ium kjEnd@
texi1237	j@?@ ktSi?ih d_jim	ijEktSi?jim
texi1237	a?jJtS k:O?w~@~?ja?ap d_jim	kNatSihO?nja?kim
texi1237	EJd_jE: Sjun wan@tahp	iiSun wantah
texi1237	d_jim wa? mEJ k?j~O:~tata? d_jim	@tajtaktatam
texi1237	bjumbE k?wOk@jah	nEmupajak
texi1237	hEs ma?	thEsajimajmijimjikihu
texi1237	ma?tE wE?EkE?	ma?tEwE?j
texi1237	d@kjah hEpE? tSimba?	makaptSEm
texi1237	d_jikjah kujO?O hOhO	JikEkumjOmahOhO
texi1237	hE?ptSE EtS tum jO:m@?	hE?tSEktumjOh
texi1237	upa biJ	hpabiJ
texi1237	wjasbats tsa?	wEsmaktsa??
texi1237	nhEm tSi?k biJkak tuNkak his@ba:p@? nE: nhE?	EmtSikbiNgaptuNhiSubapjinEhEm
texi1237	nhEm kO:n@? hutS EtS	hEmkOn utSEtSE
texi1237	w~j~a~t d_jim	EtiwEtSimmu
texi1237	tEpSku? tEpSku? d_jim	tEpsku tEskuim
texi1237	ma?tE E:tSE E:tSE ma?tE	ma?tEtStE?matE
texi1237	EJd_jE ma? bjE?ts jO:m@? d_jim	nim@akubE?tsEjOmi
texi1237	upa w~E~?k	bupawE?ba
texi1237	ma? d@k nhEm	mdakEtS
texi1237	a?j bitS w~j~a~tp bitS h~j~a:~m w~i~J d_jim	mEpabitSmEtbitSjam
texi1237	ma? d_ji:ks@jah kujam	madikjakujaw
texi1237	EtS ?a:~tS d_jim	nOpEEtS?ati
texi1237	tsu?uJtSE ma? tsuNjakak	tOsE EtEtsu?itsu?tSima?tsuNidak
texi1237	EJtS biJ w@:n@: d_jim	JtSibiJw@nuja
texi1237	mE:Ja?ah@? k?wE?kp d_jim	bEhamEjkwE??im
texi1237	hEs ta ukp ta wE?kp d_jim	EStauktsawEtkim
texi1237	hE?ktO: EJd_jE ?jOt@N	hE?piijOta
texi1237	nhEm ma? d@kam p@:J	OtuzikEhE madEgap@J
texi1237	d_jim tsa:k@?	utsa
texi1237	jO:m@? d_ji:ksa?	hOmdika
texi1237	kd_jikp d_jim	pErupakjikim
texi1237	upa w~E~?k d_jim	pO?E
texi1237	d_jjaka? d_jim d_jjaka?	Sikakaaka?
texi1237	ta w~a~t s@N	tamatsEm
texi1237	hEp mEJ d_jjaka? EtSp@? j@?@m upu? tE ts@klukwat	hEpmEJ?akahianEEtSpj?pt@ts@klukwat
texi1237	ma? kndZjukska? d_jim	maktSukskatSim
texi1237	nhunu ma? ZiNkEh	kEtahunmuSiNk@
texi1237	ma?tE SjE?t sapun	?kSi?tsap
texi1237	nE: nhE? ma? ?juk tum d@? w@:d@?	tuhaNtSOh nahmi?ukjatumlidd@?wEd
texi1237	ma? du?k tum das	Emadu?ka dumdaS
texi1237	hEmbE?tSE ma? taNnasE:t	mbE?tSamataNasEt
texi1237	EJd_jE:na? mEJ hEkS d_jim	EnunamEhEktim
texi1237	ma?tE ukjahE?	ukah
texi1237	ma? tsakjah hutS tsa?da?a d_jim hutS kjOn j@?@p upu? biJ	tOtsaktj@?hutSuknEtumtsa?tsajim j@?hutSukOnipigant@ biJi
texi1237	bitS ma? ndZjuhka? d_jim	pEbitSmEntSjuhkaj
texi1237	ki?iska?ap ki?iska?ap	ki?ska?i?ska?
texi1237	ma?tE wEtSahE?	ma?t@wEtSEh
texi1237	a?j Zjun sE:t ndZik w@:	ajSutsEtikp@hw@
texi1237	wa? Ngi?Nta? d_jim	pawaNgi?tsa?JE
texi1237	d_jim nE: k?@ts hEpE? Ng@?@skak	imn@@tsEpNg@?skaki
texi1237	hEpE? ha: d_jim ma? du?k wOkdE? itS d_jim	hEwE hEpajimadu?wOkdihkim
texi1237	hEp upu? ta h@:kdasa? j@?@m	pukEp@tah@kzahEnt@j@?
texi1237	EJd_ja mb@:mkdu?kp d_jim	Jamb@udu?
texi1237	tSi?jO: nhE? b@tSEN	tSiwE hEgub@tSE
texi1237	du?k hEpE? hEpE? das d_jim ma?tE watahE?	hutaSdukEhEpdahi atawatabEsibi
texi1237	ma?tE E:tSE?	atOsE ma?ts@EtS@?
texi1237	nE: k?@ts nE: kbitS ma? ktSjOkEJ	nEg@tnEkbitSmaktSjOwin
texi1237	hEkS ma? ka?tOkEJah wist@k	hEtSujimaka?tsOwaJEbStu
texi1237	hjO?kjah ?jO:m	tSE?pj
texi1237	@ts ma? mba?t tum t@k d_jim tum	puk@tsp@mba?tum t@tkim tuN
texi1237	a?j d_jim	pOkakbEEt@Nim bOkskOkskaah
texi1237	hEpE? tsuskuj d_jim	najptsuskjim
texi1237	E:p ma?tE mEJka:kE?	Ekma?t@mEJga
texi1237	hEpE? nhE? d_jim nha?psts@?@h d_jim	pukEphEjimha?pkts@Jim
texi1237	ma? ka?ham	maka?am
texi1237	a?j hE?ja?ap k?jakb@tSENjah d_jim	hatsaja?kjakb@tSiNja?Oblikakim
texi1237	j@?@ mEJ w~a~t nd@k d_jim	@?mi Natnd@kkim
texi1237	kE w@: kuj?a:p	kEw@kuja
texi1237	j@?@p d@kjahp daSuk:u d@k pju:t@jah p@:JtSa?	E?pd@kjahkidaSud@kdkkutjap@tSi
texi1237	@ts j~O~hp a?j nhu?utsa k?wa?ka?ap tumE:J d_jim	atSJOhjahu?tsakwaza?ptumEJim
texi1237	ma? d@kjah	humadakjah
texi1237	d_ji:ks@jah bOj tSjak@jah d_jim	Ji?kjab@tSakjE
texi1237	tSE?ka?j ma? Jjaka?	tSEka?miJa
texi1237	nhu?tS?E: mEhp d_jim	wEnhu?tSimEhim
texi1237	ma? hO:jtSOkEJah	mahOtSukjap
texi1237	a?j mbi:mkjah	ajmbimjajn
texi1237	kajd_ja?a d_jim	pObkajaJ
texi1237	ma? du?kjah tum t@k	maku?kjah tumt@k
texi1237	a?j d@k k:@?@s d_jim d_jim k?wat@ta?am	pOsajd@hk@dim masEgurim watampEparaatSa atSa
texi1237	hEkS EJd_jE:na? mEJ d_jim	atahEkSNgEnamEJi
texi1237	hEpE? upu? mE?ts d_jim	kapupumE?kim
texi1237	d@k ta mE?ts tSE:J	tE?tmE?kEJ
texi1237	tsatsha:k@? JjOhkOj d_jim pOkpOkhO?Oj@? d_jim	tsatsakEJihp@i upukO?jim
texi1237	tSihjah wiJ hOhO	ma:skihjawiJhOhO
texi1237	ma? iS EJtSE tSikO?j	maSintSitSikE
texi1237	hEs upa d_jju?k daSuku d_jim	aSpai?aSuk
texi1237	nhEm EtS w@:n@:	hEbEtSwan
texi1237	d_jjaka? j@?@p@? d_jim	hatsgEkahizantji?i
texi1237	ta wE?kp d_jim	hatkEtawE?im
texi1237	hu?um ma? wi:p	amwi?p
texi1237	ma? sE:t ma? d@kam ma? sE:t ja biJa	masEmad@ asEtSa pata biJ
texi1237	tuktuk:a?j tSits	tukt@hE?tSiti
texi1237	kaia ma? ndZEhka?	kajtSahkam
texi1237	ma? ki?mka? kjawa:j	mEki?m@kEwajm
texi1237	d@ks@? pE:N@?	d@ks@kpEN
texi1237	nhunE? Zjun d_jim	hunuumi
texi1237	ma? tsaktah tsaktah	matstsaktsah
texi1237	d_jim ndZja?akha?ap w@sna? tsa? d_jim	tOmsi hE?pisakap@SnOtsa??im
texi1237	tSiw@ d_jjaka? tum	tSijt@manimai
texi1237	tSE?ka?j EJtS w@: ?jOt@N d_jim	tS@tsantSudEtnEm
texi1237	hEkS d_jim w@tSEda?aNma	nOhEkSimutSdam
texi1237	d_jim hEp ksE:t@? d_jim	nOjimpEuhnOEbEptm
texi1237	pjatstsaka? d_jjO?t d_jjOhkOj	wEpjaktsakajijtjjOhkwE
texi1237	wat@ta?am@? tum pahku? d_jim	watam p@Npahhim
texi1237	hEpE? @ts w~a~tp	Ep@tswat
texi1237	ma? d@kam hutS O?tsdE? nhEm	ma?d@kahutS?phigantEhEm
texi1237	d_ji:ksa? tSipSku?	ikstSipku
texi1237	ma? wEtSam	awEtSEn
texi1237	EJd_jE ma? wjasbatSah	inmukakba
texi1237	ma? kasw@? d_jikjah wist@kbE	makasudikEwist@kbE
texi1237	tSi? ?jO:ta? EJtS ?i~Sp	tSi?jOta?sianimantSiS
texi1237	hEkS d_jim nhunE?Ep ta w~a~t d_jim	JhEi hunE?tOmatnEm
texi1237	d_jim tsa:k@? tsa:k@?	aJtsa@?tSaw
texi1237	hEs ma? iS nhEm biJ	hEma?iShEmbihikak
texi1237	hEs ta wE?kp d_jim	wapusEtawE?kim
texi1237	@ts nhumbu? k?wOkp	pOkatSummwakim
texi1237	hutS d@k kbjaNpa?atE?	hut@kbjaNpatS
texi1237	ma? pOjtsuNjah	hENsikidamapOtSuNjahEn
trin1278	curi nhitSpo	curinhiwe
trin1278	ema ma Bija mawojko mariwo temnakoBi jmutu ?tSaJono	ema maBija maBojko mariwo temnakoBi imutu ?tSaJono
trin1278	huiti ?esu ?ewire sos?o ttSimratSoBi	uiti esu ewire sosohtSimratSoBi
trin1278	ene etoripo to ?tSini n@etShis?onBe eno to to ?tSini enho:ihi no tatSeranoBionrii to manhee to tSuje	ene etoripo to?tSini natShisonBeeno to totSini toenhoihi no tatSeranoBjonrii to mane totSuje
trin1278	makroho:i ?o:jo hmakro	makroho ojoh nakro
trin1278	takepo tnarakonCereko:i te to ?tSopeCe wkuCi te tatSotSoku to khokre	takepo narakoJherekoi te totSopeCeukuhi te tatSetSoku to hokre
trin1278	emapo mametokopo eno ?tSaJono te phoka titekpopo te to ?wosare	emapomametokopo eno tSaJono tephoka titekopo te to wosare
trin1278	enepo t@etShis?o pho	Jenepo tetSisopo kwento
trin1278	tamupotsero hoka netShiri:wo	tamutpotserhoka netShiriwo  tpttp
trin1278	take:i te to JetShikpo Ji noko sonta:ritS?o ?eJi	takei te to JetShikpoJi hoeato hnoko otsontaritSo eJi
trin1278	ene wo?ritSpukatsero te to tahnapka to nhitSapo:i te to te to nsamre	enewo?ritSpukatsero teto tahnapka to nhitSapo te?to tetosammre
trin1278	pjana piopna te hena wkuCi shitSpuihiro	piapopna tehenhaBkuhisitSpihiro
trin1278	Ji tan@ekurii tn@ektSo:i ?eJi Ji noko Cuahi napiaru ?eJi ?tSane napia:ritS?o Japia:ritS?o eJi tkotSitSanu	Jitanekurii tnektSoi eJiJi htohnokowahi napjaru eJi?tSane napjaritSo JapjaritSo eJi tkotSitSano
trin1278	muetsakpuihi to eto tkaju tajro ?eto to majee paperiJo eto to ?mu?hi eto eto takajro?mu?rii	mwetsakpuihi to eto ktaj eto to majepaperiJo eto to ?muhi eto eto takajro muriiht
trin1278	wiripka to tkepeno:i titoriCaripka	Buiripka to tkepenoi titoriCaripka
trin1278	eJi Ji ma:ti eJi tkesane:ihi to to ?tSope ?santi sponhi	enmatieJi tkesaneihi to totSopeati sponhii
trin1278	manikpuihi eto to Cesu	manikpuihi eto to Cesu
trin1278	nahat nahatpakpo namutu	mahatnahatpakpo namuitu
trin1278	takepo compuihi Jipo?tSo:i ?eto to iwoti	nhtakepo tjompuihiJipono JupotSoihi eto to jwoti
trin1278	to ?tSope piesta pia mopona satSe mopona satSe to piesta	ene to tSopepesta pemo ponasatSe moponasatSe to pestaa
trin1278	?konewoko nahinaritS?o no tkomerina ?mui:muri trinranono ?eno tpara:kono	konewoko nahinaritS?ono tkomerina mimuri trinranono eno tparakono
trin1278	netShis?ojre to tajee to BitSi Jijee Ji BiotSkini Bija kajetanini	a netSisojre to tajewetotoBitSi jeeo JiBjotSkini Bjakajetanini
trin1278	en nahu:ronrii te phoka ?wosare tkomeririkonrii	komo ena huronri?i te phoka ?wosare tkomeririkonrije
trin1278	take:i ema majose napo nwo:o nkohamikjore hmuena nimtSuko mahitSpuihi	take ema majosenapo nwoonkohamikjore hmena nimtSuko mahitSBui
trin1278	nuti wi no:poo he?wo piti napiaru piu:poo	inutuiBunopohewo piti napjarupiwupo?ottt
trin1278	take:i Beno pantSa huiti rusrupaja huiti manhee to piutekrii pimorikrii en takoe	takeweno pantSah e ti rusrupajahwi ti manhee to putekriipi mowrikriih entako?e
trin1278	noko cono tetShiko	hnoko tjono tetShiko
trin1278	ene to mahwopuihi em awo:o asapCa pho nsapru mahitSpuihi ema Bija semuini	ene to mahwopihiem aBoo aspjaphonsaprunwa mahitSpui ema jawakuntini semini
trin1278	kowre ?eto ?saipe nakoparesrare eno roresiono	kowree to sajpe nakoparesrare eno roresjono
trin1278	muemoti to ?pu:hono	memoti to puhono
trin1278	ene cowrerekompo	ene cowere kompo
trin1278	ene titekpopuihi te to tapaho to ?ijo tko:totSekowohnihi te to tapaho tahinJo	ene titekpopuihi teto tapaho to ijo tkototSekowohnihi te to ta phho tahiJo
trin1278	huiti neoBijrettSa tahitSpuihi	hwuiti neoBijrehtSatahitSpuihh
trin1278	mpeno tahitSpuihi ce:riohnihi mpeno	mpeno tahitSpuih terohnihi pn
trin1278	eno tpara:kono ntose apostore	eno tparakono ntose aposto
trin1278	te to t@eCnepo to piesta etho:i to ?ponajore piesta tatanoBiono ?tSotSu Bianeijrepo phoka ?pona piesta ?tumewok?ena ?tumewokoBina Bihakpawre ?ema ma Bija muetekpirajore phoka t@etekpirajore ?eto mueharem?i ma Bija	teto teCnepo to pjesta ethoi to ponajorepetweno tatanoBjono tSotSu janeirepo hoko ponapeta tumewokena tumewokoBina Bihakpawre ema maBija metekpirajore hoka ttekpirajore eto meharemi maBija
trin1278	en moBera to haniono	imoBera to hanono
trin1278	kuttSuhtSa nokropo ?tSane ?hiro Jikepuihi Ji BitSi	kutSohtSanokro potSanehJire pihiroJiBitSi
trin1278	nompo ?eJi Bija to JitSuti	nompo eJi Bijasarorenso to JitSuti
trin1278	charaipuihi eno komo kutiripka te phoro hmue Bija ?tSope siBi to manhee to phuena plantotaraku tkospuCono tajee	tSaraipuii eno komukutiriste phorumoja?tSopesiBi uimanhee to penaplan to taraku kospuConutaje
trin1278	nakosiopo tetShirikwompo n@em?o no ?tSaJono ?wosare phoka koCure	nakosoppo tetShirikomponomono?tSane wosarepho ka kosuri
trin1278	to titekpompo eno tsiopono tkoperohono eno no komisiononrii nakopajako no ?tSaJono	ene to titekpompo eno sepontkoperohono eno no komisononri nakopajakono?tSaJone
trin1278	potSpo n@entSektSopo curi epiaka	Bon potSpo naJtSektSopotSuri hBon epjaka
trin1278	etse tetSri:koCereko:i	etse tetSrikoCerekoe tStStS
trin1278	te n@etSmo:po phoka ?poC?e ?mui:muri trinranono ?eno tn@ektSono nanoktSitSapo to ?lesia n@epiakrii to to ?lesia najee no powriono trinranono hitSo katolikowko mahitSrii ma Bija	te netSmupuphuka ?pose mimuri triranono eno nektSonona nottSitSapo to lesa nepjakr to to lesa najeeno powrono triraono hitSo katolikowuko mahitSri maBija
trin1278	tihane phoka khokre	tihanephokakhokrerr
trin1278	nnosjore te phoka ?tSope ukuCi enepo now?ojre Jikepuihi eJi ene nimsi?jore	nosjore tepokatSopewukuCi ene po nowojreJi kepuihi eJene nimsi jore
trin1278	comono to jre:kowo tSeBe ?pu:hi	comono to irekoBotSeBepuhi
trin1278	?eno no ?tSaJono Jim?oCne ?eJi Ji ?hiro	eno no ?tSaJono JimoCne eJiJiihiro
trin1278	moBera to haniono tapono to pakCira	ene mo?era to haJono tapono to pakhira
trin1278	wo aku:joko tatanoBiono nim?arine nkahrejre hmakni tpara:ko te to trinra nim?arine nuti	po akujoko tatanoBjone nimrine nkahrerehmakni parako teto trinrama nsikenimarinenutii
trin1278	nokpohko to satSepuka chunopo	nokpohko to satSepukapero tShunopo
trin1278	?tSopetSe:hi meme phitSjore	tSopetSehi meme phitSjore
trin1278	Biow?a te to ?Bi?ku ?ema ma Bija tsamoBi te to BetShiCa ma Bija	jowa te to ?Biku ema maBijatsamoBi te to BetShiCa maBija
trin1278	eno eno tkowsano tajee te to marikunano	eno eno tkowsano tajee te to marikunano
trin1278	tkutSokompopka to Jikopasirajo:? eJi	ene tkutSokkompopko to naJekopasirajoeJe
trin1278	eJho:i Ji JitSitSaCira ?hiroriihi Ji JitSitSa	eJho JJitSitSahira hiroriihi JeJetSitSah
trin1278	en nasapriokpo ene tnarako to ?mojo	enasapriokpo ene narako to ?mojo
trin1278	ajustaka imsapi:Ca pno BijanoBiono namutu	ajustaka imsampiiCa pno BijanoBjono namotu
trin1278	takepo Jikepuihi Ji etona ene nutitsero nnokjore nkopakojre tajampane to ?etona Jikepuihi eJi	ene takepo JikepuihiJi eto ene nutitSero nokjorenkopakoires tajampane to etona Jikepuihi eJehi
trin1278	ene ma ?tSane manhee makori?tSokritS?ihi to mametsi to muewsos?ojre eto ?ijo	ene matSane tmanhe makoritSokritSihi to mametSsi to mewsosojreih to ijo
trin1278	takepo JitS?owkopuihi eno Jihanemuriono	takepo JitSoowukopuihi eno no Jhane murono
trin1278	makepripuihi ema tetSpukripuihi makpo:kuo	mosike nakepripe ema tetSpukripuih makpoku?
trin1278	ene Ji ?moperuCra JitSitSarii ?eJi cu:na eJi woihi pakumirina ?eJi Ji JitSitSarii kutriihi no kristianono	ene JimoperuCra JitSitSari eJi tSuna eJwoihi pakumirina eJi Ji JitSitSari kutriioktSanono
trin1278	?tSinitSniwa ?eto towrare to ?tSiJono moBera to ?tSini	tSinitSniwa oseae to towrare to ?tSinjono moBera to ?tSini
trin1278	ene takepo tajononohnihi wiro enena te phoka nakoohnihiro	ene takepo tajononohnihi wuiro ene na te phokana koohnihiroo
trin1278	nawo:o to njenojo:rii	nawoo to Jenojoroo
trin1278	nimoti nuti to pios?ine JihitSpuihi ?eJi Ji ?mojo	nimoti nuti to posineJhitSpuihi eJi Ji mojo
trin1278	majustakpuihi eto mamitSrukpuihi eneritS cutSkopo to chore	majustakpuihi eto mamitSrukpuih enetStSutSkopo to Chore
trin1278	oni wak?e Jikoohnihi Ji ?pona	oni wakeeJe koonihiJi?pona
trin1278	etoritS?o to ?mu?hi te sponi nanokpo eto n@epiako to saware nasapkojre	eto ritSo to muhi tesponi nanotpo eto nepjako to saware na sapkojBe
trin1278	chunopopuikompuihi ma ?pona ts@eikopuihi te ?potSkojo ma ?pona ts@eikopuihi	chunopopuikompuihi ma ponatsikopihi te potSkojima pona sikopuihi
trin1278	ene mpiko cuhtSokanu to tahpuka tkoBe nakpa o ktSiru etoripo to Core noktajaka tniCanu	enempiko tjuhtSokanu to tahpuka tkoBenakpa oktSijru etoripo to hhore noktajaka tnihanu
trin1278	Bjana utanka Jikepuihiro	wujanawu tankaJi kepuihira
trin1278	ma muemtSuko to te to BetShiri:wo ema komo karajanauCi ema matSinarii	makohamitjore mamwemtSuko to te toBetShiriwuporke ema komokarajana usi em matSinari
trin1278	nakosioppo te to muetSemrairarii ema nakosioppo koreCero:po ema	nakosoppute?to tetSe metSemrajrarii ema nakosoppo koreherowupo ema hotonoko
trin1278	takepo ma ?moperuCra mako:tokpo to etona sapCira ne manokpo te to mawupe	takepo ma?moperutSra makotokpo to etona saptSira ni ma manokpo teto mawupe
trin1278	eto netShiri:wo nuti nuti ?seno psuka ?seno powsahekCene ?sopei skopneri:hi to tajeerepi phoka Biowsa Biti	eto netSiriwo nuti nutiseno ukaseno?posahekhene sopeiskopnerihi to tajeerepipukaBjowsa Biti
trin1278	kopereo:po ma:ti shitSpuihiro	pereopo matihstSihiro
trin1278	ma koreCeroru enho:i to tkowo:rosiompo terompo to awariente tkowo:rosiompo nawo:opo tsemmuiCano enho:i no komisariono mawoniko akowaka akehaka	makoreCerorre enhoi to tkowoworosompo terompo to awarente koworosompo nawopo tsemmuihano enhoino komisaran mawonikpo akowaka akehaka
trin1278	te to tipruhrikjore ema ma tat@eni ene comnu te to tow?o to ?pu:hi tow?o to ?pu:hi	teto tipruhrikjore emamatateni ne tSomnu te to towo to ?puhi towo to ?puhi
trin1278	enero Jike:i Ji ?hi:i shitSpo	enerojikeiJi hiisitSpoho
trin1278	nsamtsero nuti kopeni te to te to nowrikritS?o te to kampo ts@eikono eno tSiJonono ts@eikono	nsamtseronuti kupeni tetoteto nowrikritS?o te?to kampo tsuikono eno ?tSiJonono tsuikono
trin1278	ene taBemakuaCopuihi to taCono	ene taBemakuaCCopuihi to taConomm
trin1278	ene tkutSokuaBi ene tetereutSaBi tniCaBi	ene tStkutSokuaBi ene tetereutSaBi tniCaBi
trin1278	wipo nitka netShiCa to tajro?mui manhee manhee to tajeerii papeliJo	wuiponitkanetShiha to tajromui hee to mahee to tajeripapeliJo
trin1278	wipo BputShiriCa wipo BnokriCa	puipo jputShiriCa hupownokriCa
trin1278	Jihukpuihi eJi Ji paku Ji ?tSane pakumiro Jihukpuihi Jihukpuihi	Jhukpuihi eJi Jipaku Ji?tSane pakumiro Jhukpuihi Jhukpuihi
trin1278	huiti tmopkuripo phuena joti Biti BkotSaneBjore	witi tmopkuripo phena jotiperoBiti wkotSane Bjore
trin1278	tejhutSwompo hmani ene wipuihiro to cutoka:i eto to najee eskopeta tahin@ehi	tejhutSwompohmani ene wopuihiro to cutokaihe eto to najeeo najepta tahinehi
trin1278	ene manhee JitutSihi etotse woihi tetShiCa	ene manhe JitutSiheetse woihi tetShiCa
trin1278	takepo eto	takepo eto tti
trin1278	toriko:i to emha:i ma ?moperu tahitSo t@emnaksarerii ma ?moperu to sapCira	ene torikoi to emhai mamoperu tahitSo temnaksarerii mamoperu to to sapCira
trin1278	esu su Jijenorii esu titutSwojreripuinihi eJopripuinihi Ji ?pona simajo:riinihi	esu suJijenori esu titutSwojreripuinihe eJohripripuinihJi ponasuimajoriinihih
trin1278	ene wo titkaBi hitSu wo wo jmetaka:i hitSu tamutu tkoCenono to manhee smenoCirano tapokohi	eneetho wwuititkaBihtSuwu wuijmetakatSuta mututkohenono to manheesmenoCiranu tapokohi
trin1278	ene etho:i to majee mahiko eto makoj?e ema	ene ethoihto majeeliwromahika eto makojeema hose santonokoss
trin1278	eto Japiha ne nemti	etaJapihane nemtis
trin1278	enetse eto n@epiakpo to napenojo:i n@epiakpo to najeejo:i ?resiarii muihiritS?o	entseeto napjakpo to napenojoi napjakpo to najeejo?reCari mihiritS?o
trin1278	curi napiaru	curi napjaru
trin1278	te to canaripo phoka ?tSohri:kowo takitohijre ojpuka takih?ejre noknoho:i ntSeranoBe namriono nokpohkojre ene tahpuka ene nahpukarii psuka ?seno nakejre	te?to tjanaripophoka tSohrikowwa takito hireojpuka takihejr noknhoiJtSera noBe namrono nokpohkojre ene tahpuka ene nahpukari ?psukasenonakej
trin1278	ene makJohoripka te phoka mapenorii	ne makJohoripka te phoka mapenorii
trin1278	ene ?eJi tetarakripuihi tek?oripuihi tBitaripuihi	ene iJi tetarakripuihi tek?oripuhi tBitaripuhi
trin1278	he?tSurai sBehno to ?resare sestSopo Jomuire	tSeheno to resarese stSopoJomire
trin1278	tepakarahikwompopka ene onoCi tBe?kokowohnopka	ene tepakarahikwompopka eneJ ene onotSi tBe?koko nohnopka
trin1278	ts@eikono kopeni eno tSiJonono naroto eno no ?pomriono	pero tsikonokopeni eno ?tSiJonono naroto eno no pomrono
trin1278	ema ma ?tSane tkesane ema tnarako:i te to mapeno	eema ma tSane tkesane ema tnarakoi teto mapenoh
trin1278	takepuihi to ?tSini	sotakepuhi to ?tSini
trin1278	to naBe?po to towCene nako:tokpo to maCekrupe ma ?mojo ?senopuka manhee wipo timka	to naBe?po to toBhene nakotokpo to maCekrupema mojo senopuka ene manheewupotimka
trin1278	en takoe meme pransiska eto nmetokowrii	entake?meme pransiska eto meto kohuri
trin1278	etonapka ?ora enosamini to timokonrii tkow?ono tahitSo to saware	eto napka ora enosamine te timokonrikowontahitSo to sawar
trin1278	takepripuihi eto tpio:rikpo:i ?eto	etakepripuihi eto tporikpoihe eto
trin1278	te to wko:toka su ?seno BianhiCa eto to jmomohi eto to Biammoojore te to BtSaraCi ojpuka te jpueCe Biammoojore	teto ukotokasu?seno BjanhiCa eto to jmomohi ene seuro eto to Bjammoojore te?to wtSarahiojpuka te pehCe Bammoojore
trin1278	mueptSoka to tahpuka to ?pu:hi makohmaCne ma ?tSane su ?seno	ene mweptSoka to tahpuka to puhi makohmacne ma?tSane suseno
trin1278	takepo titonisiompuihi eto n@ehrokpuihi to nanittaCerihi to ?jopeCe	takepo titoniCompuihi eto nahrokpuCi to nanitaCerehi to jopeCe
trin1278	atanka to saware ahatpaka to saware saware phoka maso	atanka to saware ahatpaka to saware awarephoka masu
trin1278	ene caneipuihi to ttupriCjore onsepuka eto	enecaneipehi to tupriCjore rahonseppuka eto o
trin1278	?enehi take:ihi phoka ?tSohri:kowo eto netSoCene nuti hee rusrupaja	haenehi takeihipuka ?tSohrikowo eto netSohene nuthe rusrupaj
trin1278	emha:i ma ?moperu te joti tharaku to kohe	emhai ma moperu tejoti tharaku to kohe
trin1278	eto takoj?e Beno pantSita ema ema koreCeroru n@e ?no trinranono	eto takojeBeno pantsita ema mksimoawtorih emakoreCeruru noeno trion
trin1278	ene ema titpa:hiorii ema etho:i to mako:to:rii ema	inekomo ema titpahioriema etho? to makotowri emahwesantohnokoh
trin1278	kopereo:po mariamona	tpere opu ma rijemonaje
trin1278	nek?opo pihrokanu	nekopoBo pihrukaen
trin1278	pJena tkojumruCi tpikoBi:i	hna kojumrihi pikohii
trin1278	woihi timeriCapo eJi tahitSo wo Jim?a to he?tSinarii ?tSanewokina	woihi timeriCapo eJe tahitSo wo Jima to hetSinariktSanewokina
trin1278	kopeni te to n@eraiko no natSitSanoBe ?tSi?tSoono en nawo:ihi nometSa noma tSu eno tithi:kowono timiktitSwono eno no ma t@eja to ?moperu	ene kopeni te to neraikono natSitSanoBetSitStSoono enawoihi nomitSa nomatSu eno tithikowono timiktitSwono eno no mateja to moperu
trin1278	ene woihi eJi to Jihikpa JihitSCenerii	ene woihi eJe to Jhikpa JitShenerie
trin1278	eto takan@ekjo:ihi te to ?tSopeCene koCure te can@ekjorepopka te canne?popka to titekpojre te to Jipeno	eto takanekjoihi te to tSopeCene koCure to tSanekjore popka to tSannepopka to titekpore? te to Jipeno
trin1278	tahnahtSa chikporiCa to mowkuCne peti	atahnahtSatShikporiCa to mowkuCne peti
trin1278	ema majoserikpuihi ma napo napoleon Cuariana sati psuka tihroriko te pho Beno kata Cuariana	ema majoserikpuihi ma napo napoleonwariwana satipsuka tihroriko komio katawariwana
trin1278	mopoeCene mpeno ene tahn@ehi thikpa	ene mopoihCene mpeno netahnotShikpa
trin1278	cutekompo no tkomeriono	tSutekompono komerono
trin1278	cutSutSwokoBionJore JihitSpuihi ?eJi	tSutSutSwokoBoJore JihitSpuihi eJe
trin1278	enero Jike:i Ji ma:ti shitSpuihi	neroJetSeJi matihitsre
trin1278	takepo ttSowonjorepuinihi te to napeno	takepotSowoJorepuinihi teto napeno
trin1278	takepo wo topeno to une ene ma ?moperuCra wo te:Ca mako:tokpo to majee paku ene majo:kopo	takepo po topeno to une ene mamoperuhrah wo teCa makotokpo to majee paku ene majokopo
trin1278	thirompo cuhrokompo asta to carakukuipo	thirompo tjuhrokompo ahta totSharakukuipo p
trin1278	he?tSuraiCne:i enehi JihitSo Ji Ji ?tSane	hetSuraihne ene hiJhitSo Ji JitSane
trin1278	eto t@ehare phoka itSiniwarii ?tSinitSniwa	eto tehare hoka itSiniwari tSinitSniwa
trin1278	te to smenheku enho nomuire eno ?tSanekunano BhitSo Biti Biti trinranono ?tSanekunano	teto smenheku enhonomuiruir eno tSanekunano BhitSo Biti Biti tritSanekunanu
trin1278	moBerampo to sapCirano	oBerampo to sapCirano
trin1278	o:jo hmakro	oje pmakroj
trin1278	pehamikpo BitSi jare psiopa pehaka	tehamipoBitSi jare psopa pehaka
trin1278	ene napiaru napiaru napiaru	ene napjaruonapjaru napjaru
trin1278	JijuktSitSapuihi tomuire soJore titowopo	JejutSitSapihi tomhne soJore tetoopo
trin1278	moponawokowriini Jimetokoripuihi tijooprinehi to Jimetosirarii no no no ?tSaJono pakumirono	moponowokowri ini Jemetokoripuihi tijooprinehi to Jometosirari no no notSaJono pakwumirono
trin1278	rusrupaja tamutpo n@entSektSopo	wen hruisrupajahre muito naJtSektSopon
trin1278	enepo nakih?e eno ?tSaJono eto to tkestarakompo no BijanoBiono hitSo wo nawrokrii to tsiopano no tkomeriono	eenepo nakihe eno ?tSaJono eto to tkestarakompo noBijanoBjono hitSoBo nawro?ri to tsopanono tkomeron
trin1278	cononohnihi en takepuihi Jikepuihi Ji ?pona	tjonohnihi tjonono hnihi entakepuihi JikepuihJi?ponah
trin1278	ema te to sonta:po ema ?tSane makotSane ema ma notSko nuti mueja ma tata	ema teto sontapo ema ?tSane makotSane ema manotSkonuti mejamatata
trin1278	witS?o nitka nowreCa te perota nowres?o	witSo nitkanuwreha teperota neuBreso
trin1278	eto to ?mojo	eto to mojo
trin1278	te hmani wo Bim?a Biti etho to tajumruhsi?wo eto te to cu:puono ?hiorehono	te pmaniuuiBimaBite etho to tajumruhsi?wo eto te to hjupuono?horehono
trin1278	en tahitSo to tsokompo to ?mojo thetSe ene unetSkoriompo take:i eto	en tahitSo to sokompo to ?mojo chetSe ene unetSkorompo takeete
trin1278	Jikepuihi Ji ?pona woi witS?o wa:too tahitSo nuti pnokro ?tSaJono te mpeno ?tSopemuriono ene phoka Bitrewrii onCiraritSu ?mojoritS?o wo man wo wa:toim?i Jikepuihi Ji ?pona	JikepuihJi?pona woi wutSowato ?o tahitSonotipnoko tSaJono tempeno ?tSopemurono ene po ka Bitrewrii oJhiraritSu mojoritSo wmanhwowato imi JikepuihJi?pona
trin1278	eno trinranono ?ene ?eno sienwore eno no ?oiono	sjeeno trinranonohene eno sjeworeeno no ojon
trin1278	ene co?kopuihi co?kopuihi	ehneco kopuihicokopuihi
trin1278	ene eto BetShis?ojre huiti eno no kopeni cutSkonihi eno no no tSiJonono	ene eto BetShisojre hwiti eno no tkopenicutSkonihi eno no no ?tSiJonono
trin1278	te to potSpo to manhee teneoriko namutu teneoriko ?puesapo:i ?puesapo:i to n@etkoCJono	ene teto potSpo to manhee teneoriko namutu teneorioposapoi posapoi to netkoCJon
trin1278	woihi n@emoti to tahpuka to t@ehare:i eto etotse Ji ?pona spuCi ene Ji ?pona	esekewoihi nomoti to tahpuka to teharei eto etotseJi?pona spuhi ene Ji?ponakondor
trin1278	Jikepuihi Ji ?etona jotijoreporo phuena ?o:jo to Bkojemjo:rii	eneJikepuihJi etona hjotijoreporophena ojo to wkojemjorii
trin1278	ene to madehkuwritS?ojre:i eto to ?ijo kuti nokJoho:i ?tSaJono te phuena mpeno wiro chikpanu	ene to marehkuwritSojrei eto to ijo kutiJonokJohoitSaJono te phenampenowrotShikpanu
trin1278	enetSu eno pikaronrii eno en takewrehi eto	enetSueno pikaronrieeno entakewurehi eto
trin1278	emha:ihi ma ?tSane tkesane to etho moCihi etho to sponihi	emhaihi ma?tSane tkesane to moChiihi eto moCihi etho to sponhii
trin1278	conompo eno ?tSaJono onoCi te phoka nakoparakpo eno no ?tSaJono n@estarakopo	ene tjonompo eno tSaJono onohi te phoka nakopawrakpo eno no tSaJono nostarakopo
trin1278	nompo te to nahiu eto tsipuCieresi thitakore ?tSoperii phoro towrare to	nompo teto nahiu eto tsipuheresi thitakoretSoperiphoro towrare to awaBenditStS
trin1278	tissisiokwopriihi tahitSpori	tissisokwaprii tsahitSpori
trin1278	ene te to ?nuC?epo eto trehmetropo to tanCewo eto to phoka ?lesia eno pnoni ?oiono te phoka koCure tsemompo wo noriCa	eneteto nuCepo eto temto taJtSewu eto to phokaesa enopnoni o?jono te phokakoCure emompo hwonoriCa
trin1278	pehamikpo ma:ti	tehamikpomatih
trin1278	curi rusrupaja nahitS	tSuri rusru pajanotSe
trin1278	huiti im?onjore etpirikjore nepenojre:ihi	witi imo nJore etpirikjore nepenojreihi
trin1278	titekpopo te ?to speno ttSohrikpo cuwarekpo to sponi ahta smetsi triktSo:ko	titekopo te?to speno tSohrikpo tiwarekpo to sponia to to to smeieto tetSokohe
trin1278	takepo tajukpo to pakCira	ttakepo tajukpo to to patSCire
trin1278	ene te to ?tSopeCene smeno nahnaCne ?tSanena no no no canano tajee wo takti to smeno conono no ?tSaJono nakas@esrare ene eto woiriihiro muemmo to smenheku tahina	ene ene te to tSopehene smeno nahnahne ?tSanena no ono tjanano tajeetwotakpi to smeno tjono no notSaJono nakasesrare ene e to woirihiro mwemmo to smenheku tahina
trin1278	ene takepuihi eto Ji Ji etonaCne JinosCenerii Jikepuihiro ?eJi	ene takepuihi eto Ji Jieto nahne Ji noskenerii Jikepuihiro eJe
trin1278	taha pemtone piti kristianu te phoka Biowsarai:?i Biti pakono JihitSpuihi	tapemtonepi ti kristSanu tepokaBowsara iBiti pakono JihitSpuihi hokroho
trin1278	nehamikpo mariamona	haBitu mariamona
trin1278	tSu twojekworipo to ?une	tSu twojekworipo to une
trin1278	he?tSupka tepeno	hetSupka tepeno
trin1278	etho tkotSrioknu to jotpoposinu jotpoposinu etho:? mpuiko to joti	etho tkotSroknu to tjempo jotpopo sinu jotpoposinu etho mpiko to joti
tsim1256	qaqustS barodeJ a nini	qaqusdZbarodeJininir  r
tsim1256	geruwatSa ejiNg a wamn buned a godufutSa	gerwatSajiJaqmnbunedagodufdZa
tsim1256	a: mutS g_wanaw qare:maNg a: q_wahe:de:J qamajaNg	damtSganaw qaremaNgaqhedeJ qamat:aN
tsim1256	nuJ a:hawo	noJahawu
tsim1256	gewaj qud siguri k:awaNg	mewaqodusNaJsigur k:awaN
tsim1256	gobal gije:t: de:buga	obalgijat:debuga
tsim1256	a qaNenesi	aqaqajene:si
tsim1256	a: gandaw ritSard	nagandaritSad
tsim1256	gitSa gamaNg gahar	gitSaqamaNgahar
tsim1256	g_walas g_wanugd fug Jit: aluf modZ	qalasaaqan qudfuqJit:olfumodZ
tsim1256	g_wasajin ha maiSedaJ ba qamn	gasajinhamajSadaJ ba:qamn
tsim1256	na giqaNul Naha su se:ni	nadZiqaNul Nasusene
tsim1256	ofk: law	fglawu
tsim1256	de:bug nade:g	debgnat:eg
tsim1256	de:bu:g su qamn i:s g_wahe:d dZaft:a a: i:suwi:l e:rut:a	gebugsuqamne isgaheddZafda ajswilerut:a
tsim1256	ed ajags qare:manandume:d gajags mt:ala	edajajags qaremanandumedgajagsmit:ala
tsim1256	gid qaj NEt:a:jd NaJi:d	dqejNeajt:NaJed
tsim1256	NaSe:g sijagaj asaNg dija ba asimdZe:ga je:n haj i:du a: mad egatSun gend dZe:d e:modZig	qaSegsijagajasaNdijabasmdZeg jn hajduamadegatSun bat:odgenddZedmodZg
tsim1256	gedZil balandeJ da maded duwatSed	gedZil ballandeJdamadedt:watSed
tsim1256	bade dZa qohe:ahim qamat: a: qon	badetSaqu qaJqoeSimqamat:aqo
tsim1256	darojek:as qaj sinawaj hanaN_w gad endawan gad egugdgut: gad enawSen	Ndarwajak:asqqasnawajhanaNgadehndawan gadegudgut: gadinawuSi
tsim1256	ase:s fug sind hidZi	ases fgsindidZi
tsim1256	si:d ar iwurdZ isij g_waramags dahagi q_walas dahagi	sidarwdZalsigarmagsidahageqalasidahagid
tsim1256	bune:d g_warotS is gesin mund	mbuned garwatSweNgisgesmund
tsim1256	Jas ga gaho:nadZ u:de:J a: ak: ni a: gidabani	Jasgaw gahonadZudeJadajak:niagdabani
tsim1256	abe:d qaNuSt:a	abedqaNuSida
tsim1256	a: u:si:n ga:dije:daJ	awusngadijedaj
tsim1256	NaSeg su ba qajan ijaNulaj a: gop:uNgusada mad	NaSegsobaqajjaNulajagopuNgusadamad
tsim1256	Jabuld gibaSad ginuJ atSibad ginuJ dug qut: am wa q_wahit: gunuJ ak:El duN_wendaN_w	Jabuldgba:Sadmqt:gnuJatSibadhanandajesamaqajt:gnuJ duqut:amawqajt:gnoJak:l haqowudNendaNabgi
tsim1256	hanan gid qamn gosawane:sa law hidZi	hanaNgid qamn gosawanesalawuldZidZgdZdZldgdZdZ
tsim1256	qaraJana ismdZe:so	qwaradZanajisimidZeso
tsim1256	a: emaNn t:anzani hi:dZi	qajmaNt:ansanedZi
tsim1256	a gidurg NaJidaJa	agedurdZ NaJidaJag
tsim1256	gijt: bune:d maiSed buned qahaNoJit: sid gobid ed gaw dZed gibaru a giqabar gabuk:t:a	git:buned majiSedbuned qahNwaJid sidgubidedZed gawdZed gbarwagiqabaragamgt:a
tsim1256	gej gawaj gejat:	gegawadZejat:
tsim1256	gidarug na anini a:	gidargunaninija
tsim1256	gamitSed buradig dZatSmo barajtSand a i:t: a asmdZanda	gamitSed buradgidZ qamqut:buratSandajit:asmdZand
tsim1256	surdZ gagal msoma a: surdZ gagal N_wak:aladZeg	soridZqgagalmsomaasordZgawaNak:aladZi
tsim1256	mawas wi:dand awe:g	mawaswidand aweg
tsim1256	Sandal e:d awe:d	Sandaled hawed
tsim1256	qamn gend duniani gEdZiles saw haj	qamnge:nddunjaneggadZile:ssajwahaj
tsim1256	qoji:d aha	gojda
tsim1256	gewolid laqaNg is geNgord laqaNg samog_w a: gEqarer safuriadZanda a: guwol amit:aN_w gEwol gisgisid	gewolidlaqaNgisgengort:laqaNgsamagageqarersafradZandagwalamt:angewolgsgisid
tsim1256	qawastS mandaro:ft:	qawasimandarofd
tsim1256	gequs mp:ak:a	dZagusn faga
tsim1256	a: qamn gideJast:ajt:a gidap: ase:s sen g_wrisik: a: maiS wak:at:e:d ije:n afugan ar dedaNu	aqamnase:s gidJast:ajt:adabasesangerisik:ammajiSewak:at:edenafuganaddedaNu
tsim1256	gidZesalunan lanidan get:ahanani	gidZiesallonanoSulawgewajanajlanidaNget:ahanane
tsim1256	bune:d gaqut:ostS galeg a: imutS edZor dat:og a: g_wasal maNol	bunedgaNut:ossigalegsenajmutShajdZardat:ogaqasaldat:ogaqajdma:Nal
tsim1256	asaha ar heJ giqabaSan gosiban hendZ qamn gigosib	sahaareJdZgeqabSangosibaneJdZqamn gigosib
tsim1256	a: gobugd dZe:rk_we:d	agobigddZerk:ed
tsim1256	gegasa:j NasdZe:g qamn ba k:isas	gegaseNaSi qamnubak:isasa
tsim1256	Jis sid gaw mijit: dZerk_wed gadZak:t: aqabar qaJ	Jisidgawamit:gerged gadZN gadZagt:aNdaJaqabarNa
tsim1256	ijd ar qaredaJ a mawed gil	idar qaredaJamawedgil
tsim1256	bune:d qOsa:m gaje:t: sEn	gunedqosam gajet:sen
tsim1256	qawuJ law	qawJlaw
tsim1256	isda asmdZand geNut: natSanda	isdasmdZand gjaNt:natSanda
tsim1256	gefk: e:genna gitSa a: gejanan law	gefgegenangitSagejanalaw
tsim1256	qamn ani:n qahedodZa	qamnaniNgahedoja
tsim1256	a: mad aNo:J	amadaNoJ
tsim1256	geNali:d laNaNg	geNalidlaqaN
tsim1256	ases gebidew mt:al	sesgebidemet:al
tsim1256	a: qaha:q_wedZ e:me:d	aqahaqedZlg aqahaqegemed
tsim1256	au samwog gequs obalo:li	gawusomogabSegusobobaloli
tsim1256	qamn gendidZa	amingiendidZa
tsim1256	aqaSed aNan dija imutS gejeS idZa:bar aqaSan	gasajewaaqaSedaNwandija mutSgeSidZabaraqaSan
tsim1256	qamn a: mamdan midZamu:s	qamnamandan midZamus
tsim1256	i:ridu ir eJas dug_wa	ird irajf eJasiduga
tsim1256	gik_wak: aqod badajd a: duNendaN_w ha ba	gik:alaqud badajdadNendaN haba
tsim1256	anin st:oradZe:g qaj ba qaji	anisit:oradZ qajbqaj
tsim1256	gequs ga g_wahe:du ehonda	gegus qagahedugaehonda
tsim1256	araeidZo:d ni wi:d asimdZe:gan	aralidZonehujdasumdZegan
tsim1256	gebaraj safadZand ak:alele	hebarahsafadZandak:alel
tsim1256	si:ni gidil asimdZe:g alak:ini e:d haw a: medili	sinegodilasimudZegarak:inedawamedili
tsim1256	gesisin sisind gedig a: gelil ab wud	gesssndgedgagellabuqud
tsim1256	qamn dZalo:d g_wand hi:dZi	qabJdZalod ganddZi
tsim1256	na gidZeJast:ajt:a git:a eJas dug_w saNg	nagidZeJast:ajt:agit:ajaJasidugusaN
tsim1256	a: gid i:t: qaji:Ji	agidet: qajeJi
tsim1256	sabadaNg sabadaNg sabadaNg gijin a: gEJit: sabadaNgagu gik_wal aqod daN_w gek_waladZ ag_wag nog gitSaj ga gisilg mek_wala	sabadaN sabadNsabadaN ginaqaJt:sabadaNgagagalaqadaNgek:aladZaqajgnok:itSajgagsilgmek:wala
tsim1256	de:bug qoluqudada	debqol qudada
tsim1256	hanan gahe:d a: geqe:nan	hanaNgahidageqena
tsim1256	a: gijagitSi	agijagistSi
tsim1256	qaj sidi	qajside
tsim1256	sa qaj gagurenes get:was	saqajgagurene:sgedt:uwasi
tsim1256	su gidZesin sen mandan dadZa g_waSiJ ar aqalele	sugidZessen mandandadZaquSJorak:alele
tsim1256	gendaj gejaqt: dawid ak:alele	gendajgegejaqt:dawudak:alel
tsim1256	q_wada:r gade:mg dahaNgaji:k:a:d a: qo qamn ar qamn gat:and dZe:d Si:d gade:mg mandan gandaw ge:w	qadardgademghaqandahaNgajk:adaqoqamn haqamnar qamn gat:anddZeSid gademgmandaNqogandageq
tsim1256	gik:aJ mdg_wak:alin	gik:aJmadNak:ale:nd
tsim1256	gereqord NaSagas gandaw	gerk:wad NaSagas gandaritSadi
tsim1256	ad g_walaJe:k:	adaulangeg
tsim1256	gaho:nu e:mo:dZi:ga geho:nan erJot: a: gawaj a: gawaj garrat:u	gahonwemodZigagehonanarJot:agawajagwagarat:u
tsim1256	madg_wand ar gil mat:ajiJadZ girg_waged qaremaNg g_wand da gademga a: madg_wand da adZnodig	maduqandargl mat:ajeJgirgaged qaremaNgamadwan t:agadimgamadqan t:adZnodu
tsim1256	gaje:w hoS	gajewS
tsim1256	gaho:nu bune:d gaho:nu e:mo:dZig	gahonubunedagahonuwa emodZiga
tsim1256	idu qofk: a qabarNaJ abidZi gelagsad NaJid ga si:d ba NaJidaJi	idoqofgsmdZegaqbar NaJabdZigelagsad NaJid gabsidbaNaJidaJi
tsim1256	gojagistS a: iqoNt: aq_wajda	gojagistSajqoNat:aqojda
tsim1256	dumdaJ gesarmaJ ak:alele	dmdaJgesarmaJak:alele
tsim1256	gewaj a: gidZesarman gesarmanid gurajek:	gewajagidZesarmaSandalSandalSandal gesarmanidgurajg
tsim1256	qaNet: dat:oJand a: g_wasin ndabid qaNet: agigabars dug_wastS	qaNet:at:oJandagasnndabidaJ qaNet:basgumadZandagabarst:gas
tsim1256	gE:t:aw aha dug_wastS a: gabi:s gaw qarE:daJ g_wasin gadijedaJ ha g_warg_wE:daJ	get:awhadugastSagabisgaw qaredaJgasNgadje:daJ hagargedaJ
tsim1256	ga do dahe:s mt:ar	gadodahesmit:ar
tsim1256	anin g_wade:n gak:e:s	aniNgadeNgak:es
tsim1256	dZaft: mad q_wanaleJi	dZaft:mad qanaleJi
tsim1256	mad enal mutS ar git:at:oJandumed bat:o:d geguje:wedZ e:mo:dZig saNg	madenalmotSargit:at:oJandumedbat:od gegujewedZemodZgsaN
tsim1256	gibalo:l a: qondaNg gidab ani:n gahe:dodZ gagasaj dageSi	gbalwlaqondaNg dabanin qahedodZgagasaJdageSi
tsim1256	qawuJ dahe:s hidZ ba lawu:n	qawundahesidZbalawu
tsim1256	a: qaji:d NaJi:n se:n NaSani qaji:d a: qaJase:w dZe:d asimdZe:g	aqajd NaJiseNaSanigadiqjdaqaJasedZidasmdZig
tsim1256	i:rugs dZaft: NaSand giro:Je:wi	eruwsdZaft:NaSand giroJewe
tsim1256	aqawastS qarm qaNetS a: gawa mat:al	aqasgarm qaNe:tSagamat:al
tsim1256	anin gid st:oried qaj	aniNgidanagidst:orjed qaj
tsim1256	naqahoneJ howandZi	u naninqahoneJ najt:owaJdZi
tsim1256	de:bu:g huma gedZi:la	debughumagedZila
tsim1256	ha gid qaj qadaj a: nihi	hagid qajqadajanihi
tsim1256	mand gap:t:uladZanda mand tSup:i mand ar gek:	manmand gabt:uladZandamandtSopemandarigeg
tsim1256	de:bug se:n	t:ebgsen
tsim1256	g_wasajin ha NaSegasa	gasajin haNaSagasa
tsim1256	asimdZe:g qaj g_wadul dabaqeg asimdZe:g	smdZeqegudabaqegsmdZega
tsim1256	a: manal gid qaj Net:idajda	amanalgid qajNet:idajda
tsim1256	gadg_wand gitS	adgandgit:
tsim1256	beg madg_wand	mbegmadgandd
tsim1256	beg ased mandan ha maNol jani alandZed sen	begased qabarmandan hamaNoljan alaJdZisen
tsim1256	gegursinan ab qed ag_wadZe:wi	dZegusnaniaqedawadZewi
tsim1256	JaS gik:uland a get:aj get:aj	JajSgik:ulandagget:aj
tsim1256	g_wand gidZobd debu:g qodZop:	gendidZdgidZobt:deb qodZob
tsim1256	ased qoroba roft: haw a g_waJarg JaJid a mandan uk_weNg manda faredZi	ased qoroqbaruft: hawagaJardZNaJidamandangeNmandafare:dZi
tsim1256	giwun jag buk_werim ar g_waJe:k: ada	giwujagubok:weremargaJek:ada
tsim1256	ani:n qawastS giragonde:g ed bahe:b	qanqasgiragondgedbaheb
tsim1256	gidagut: aq_wajga	gidagut:aqajga
tsim1256	madg_wand baridZe:d abgdab geqeJ haweg Jewa	madgandbardZedabgdab geqeJ hawegJe:wa
tsim1256	is gagut: amwa g_wahit: iwaq_wahit: g_wajin qon qabaSad am wa q_wahit: qon q_wanap:	isgagut:amaqt:qoNgajidZqaheSamit:qajNgudZihedamit:qoqabaSadmaqat:qNgan nab
tsim1256	gandaw debug daman	ndadebugdam
tsim1256	gitS ehondane:J giqaJ qahondane:J fuk:ahe:a haweg ga he:si	gtSajehondaneJ geqaJqahondaneJ fuk:ahesi hawek:ahesi
tsim1256	ge:nabs gile:Ng	enabsgleNgg
tsim1256	su q_waJaSana oSa qofk: g_wa lab doNgobeS idZa qurus	suqejquJaSananoSaqafgalabdNobeSidZaqurus
tsim1256	goNulan dZabistSo qawu:j g_warg_w	goNullaNqamJdZabsdZod qawujigarg
tsim1256	iru bahat:i mbaj g_warg_wede:J qabar beSak:i	irbahat:imbajgargeden qabarbeSak:
tsim1256	manuNg daraNg anin am siqus gidab qadaj si: sibar	manuNdaraNanimanuNdabaraninamsqus gdabgada qadajsisbar
tsim1256	qamn ased gandaw hamsini na nne g_waJek:	qamnasedgndamjak:ahamsinenainne gaJeg
tsim1256	geSo:d ageSi	giSinageSi
tsim1256	Ngedew sudani q_walap:	Jeresudani qalabisopa
tsim1256	gEJastS ar k:ioNgosadZega	gaJastSark:eNgosadZihga
tsim1256	Ja:s gejad i:t: e:mo:dZig a: gejad i:t:	Jas gejadit:emodZigagejadit:e
tsim1256	se:n g_waruk:une:s amure:d asindZe:g	seNgark:unesamredasmdZeg
tsim1256	gerusane:n un geSe:n	gerusanenun geSen
tsim1256	ba garmo:n	bagarumono
tsim1256	ragdawadZe:g madg_wand dumd a:simdZe:g godulan	ragdawadZegoSmadganddum daSmdZeqoqodula
tsim1256	si:d gEsi:d a: miqOn qO gEqu:s gagu:r	sidqessidamiqonaqaJasaneJ qogqusqaJasaneJ muhigaqus gagur
tsim1256	gamaNsi:nan muramude:J	gamaNsinamuramudeJ
tsim1256	gohe:t:u ar de:buga	gohet:war debga
tsim1256	gebar NaJ	ge:bargaj
tsim1256	mi: qoS dZaft:a	miqoSidZafda
tsim1256	a: mutS get:awan	amutSiget:awa:n
tsim1256	gigad eNoJ nah	gigadeNoJna
tsim1256	asEs gebide:w mit:ar	asesgebidemet:al
tsim1256	mutS gabalag qamuJit: g_wajd gabalaga don maNol	mutSgabal qamuJit:gajd gabalagadomaNol
tsim1256	gabig_w mt:al	gabigmit:ar
tsim1256	g_wand mweJek:it:adZega qaj NaSeg su mandan	wanmaJak:it:adZega qajNaSegsumadan
tsim1256	st:orijadZe:g su a: mad enal su ba qamn gid qaj Net:ajt:an	st:orjedZib suamadenalsubaqaNngdqajNedt:ejt:a
tsim1256	baland da haw	balant:ahaw
tsim1256	gak:e:s ijaNulaj gig_wade:n	dZak:esjaNulajidZigade
tsim1256	ani:n gegure:nan dZum e:d welwel	aniNgegurenamedZumed welwel
tsim1256	a: madg_wand q_warOt:	amadgondqarot:
tsim1256	gelase:w ndZago:d	gelasewuJdZago
tsim1256	asimdZe:g gelab anu	qasmdZqajgelabanu
tsim1256	ga sind hi:dZ up:ande:d qamat:e:nu ga saw qaj sidZil law hidZi	gasindadZunbanded qamat:enugasaqjsdZilslawudZi
tsim1256	awetSand a:wewew qend	awetSandaweweqenddd
tsim1256	haja wazaze:deJ qaj aJase:wi gomew se:n	hajawasasedaJqaj aJasewi hagomegusen
tsim1256	buned g_wadawit: qamn begaradaj gasisadZeg gasis	buned gadawit:i qamngebaradajgasisadZeg gassi
tsim1256	sajgilo gop:alak: asimdZe:s a: qot: e:	seglogoblak:esmdZesaqot:eqqq
tsim1256	gEqutS NanaNan vt:adZeg NanaNan madulalan	geNutSNanaNan fijt:adZi NanaNan madula
tsim1256	qasom a: dahi:t: Sul	hasamadahit:Sol
tsim1256	a: mi NaSe:gab law ab mt:ala	amiNaSegblawgoqoabNoJmit:ala
tsim1256	as ha imutS anin idZa dada: gidab qane: bune:d qan a: muJas bune:d g_wasidadaj geje:t:	asajmutSannidZadadagdabaqanbuned qanamuJasbunegasdadajgajad
tsim1256	ga maJare:g	gabamaJareg
tsim1256	giJasew gejeSno:J danqodZe qadZam	dZasegeSnoJdanqodZeqadZam
tsim1256	gendawedZa geguj qamn	gendawedZagegujiqamd
tsim1256	qawastS qare:mane:d a: lug_we:g a:gawe:ndZ ga saNa	qastSiqaremanedalgegagawadZgasaNa
tsim1256	a: guwas asimdZand gequs a: eroJe:w g_walaJe:k: obalo:l mutS	agwasasumidZand gequsajroJegolaJek:ubalulmur
tsim1256	ganalaj su mid law su gaji:Jaj g_wand ga mid bunda	qanalajsomindilawisk:aJegand gamidbunda
tsim1256	qaj ed qaj siNedew gend	qajdqajsNedewjanigend
tsim1256	ha ab hidZ mandan ar Si:d gaNa:d de:buge:s a: qalEqlEq a:	qabedZamandanar Sid haqaNaddebgesaqaleqleqdZa
tsim1256	bast: get:ut:unan nega	bast:get:ut:unanSJega
tsim1256	ani:n majat:u	anemajat:o
tsim1256	madg_wand saut:idaJ gidab gewastS naj gefoles gewastS barbar	madgandsaut:edaJegudagewastSNagefole:s gewastSbarbar
tsim1256	amsihindi JedoS gewaj qurus ed qaj siNgedew	amsendiJedoSgewaqurused qesNedeb
tsim1256	ga mad q_wanal gidquwar	gamadqanalgid quwar
tsim1256	ar g_warg_wed qesi:d ar roJe:wi:ni	argorgedqesidarroJewi:ni
tsim1256	anin qaj a: gEqenan	alijnqajageqenan
tsim1256	gejat: iwurdZ goSindik:an	geat:qamaJgt:agt:oNgodZwudZl sigoSn qanamugidagt:oNgodZi
tsim1256	ijaNulaj damand sihet:u	jaNulajdamandsihet:o
tsim1256	i:ru:gs NaSe:g g_waj mandan	jirgus NaSegak:ajmandan
tsim1256	a: qamat:aJi	aqamat:aJi
tsim1256	gebi:t: NoJomba	gibit:NoJomba
tsim1256	da gidabalo:l an qawastS gidaji:J gab gisire:d	gagidabalolaniqasdZgdajiJ gabgsired
tsim1256	su:rdZ maNo:l	suridZgaw hamaNol
tsim1256	qaj gej asimdZe:g sudan	qajgismijaqgellabsudan
tsim1256	guw a: giJarSi	giwagJariSi
tsim1256	gaNutS bune:d gemat:ostSew ndabodZig jani barband is gawus diqandandaJ	qaNotSubuner gemat:osgndabodZg ndabodZg janibarbandis qawust:iqandaJ
tsim1256	NgvaSe:g ga e: baro:d NaJ Jas geluldZ gejet: musa:da	NaSek:ae barwod NaJJasgeluldZgajet:musada
tsim1256	ani:n st:ori:adZe:g ana:l	nist:orjadZeganala
tsim1256	is gabumstS gahar a: gasiJ munden mund ded gado	isgabust:gahar agasJmundeJ mundded gadod
tsim1256	a: medahan laqanamb qaNg	amedahalaqanambqaN
tsim1256	as ha qamn	shaqamnaha
tsim1256	jan haj Jas mandan k:abis	jan hJasamandan k:abbis
tsim1256	niJ goNadanan NaSand did megas eguSin	niJ gogNadana NaSandidSt: megaseeguSi
tsim1256	ar ag_we:g_w qodaj mo:da qahaq_w e:me:de:J	arageqodaji mada qahaqemidin
tsim1256	qaNet: a: goSaNSaNnan beg a: gahuSi qaredaJ abit:a buned gobit: it:embadZeg sisinew gediga a: gerams Jega	qaNet:agoSaNSaNnambegagawuSi qaredaJabit:a bunedgobit:gal gt:embadZegssnegidgaagiramsiJega
tsim1256	qamn a: madehedadZ debug	qamnamadehedadZdebug
tsim1256	qaji:d a: qamiJan g_warg_we:de:Ju	qajdaqame:gargedJu
tsim1256	gand Jambo:d	qandJambod
tsim1256	gajeS dada na ginuJ a: maJ hidZ	gaeSiddananiNgnoJamaJitS
tsim1256	qamn ased a goguj JaNid qodobiw madg_wand gil	qamnasedawgogujaq NaJid qodobimadgandgin
tsim1256	su:k: gawa:j N_wak:a:l	surjgawaNak:al
tsim1256	na ni:n sis giga:d at:e:lsi:n gida:ba	naninabesidsigigadat:elsingdaba
tsim1256	qowu si:d gale:d a: gadg_wand Sule	qowusid galedagad gondSure
tsim1256	guwij natSand ar aNiNi	gwinatSandaraJ
tsim1256	qaj qaj darot:aJ qaj sindi darort: qaj	qajqajdarort:aJ qajsnddarort: qaja mejdjamawr ginebaqamnan
tsim1256	ha Jis q_waradan dororadZe:ga gebar	haJsqaradandaroradZegage:bara
tsim1256	qaqustS gew a: debuge:s gandaw debu:g damanag	qaqusgawadebgesqandadebgdamanag
tsim1256	qaj a: gabalag_w law hidZi	qajagabalagula:wudZi
tsim1256	a: guk_wal aqodaN_w	aguk:alaqodaNu
tsim1256	ba bundan	babundan
tsim1256	gid qamn qut: godurmanidew qut: asimdZe:g abhidZi	gidqanqqut:goggodrmanideb qut:asmidZegabigi
tsim1256	as ha qamn NaSe:g gik: ba qaj ba ik:a:s qaj siJa:gdi:n	shaqamn NaSegigbaqajbNbagas qajsiJagden
tsim1256	qaj NaJi:d qo:t:e:m ginanana	qqaj NaJid qajqot:emgnanana
tsim1256	ijaNulaj sajg_weda:b qamn madg_wand mure:d	jaNulajsajgedab qamnmadgandmured
tsim1256	gaba ga si:he:k:is	gabagasihek:is
tsim1256	is guk_wal aqod badajd a: guk_wal duNend gitSaj gESaNgag_w gijin niNajg qat:aN_w gileNg	isgk:walaqod badadagk:aldNendgtSajgeSaNgak:i:niNgajdqat:aNgramsgli
tsim1256	qaj ase:s gehet:u abidZ a: gejagaj marebadZe:g	qajases ghet:uabidZgejagajmarebadZe
tsim1256	anin qawastS diqadZat: e:d qamaje:n	anenqasgidqadZat:ed qamajen
tsim1256	a:jagaj gadije:d qed ag_wadZe:w etSam garmo:deJ	qgadebqelagoadZeamaSam garmodeJ
tsim1256	gewaj qurus	gewajqurus
tsim1256	gaft:a:d agEw	aft:adagew
tsim1256	ase:s qawe:de:s ase:t:	esqawedesasit:
tsim1256	qamuqut: masugm gawa bugust: masugm	qamqut:masugum gawabgust:umasugub
tsim1256	a: g_watS ab ha fu:qare:d g_watS hi:t: g_watS i:su:Nu:l	agatSabgatSaba hafqaredgatShit: hagatSad isisNulla
tsim1256	qonde:n gedZil hanan gaje:w hoS a: qon qaqe:n qamat:e:n ab law hidZi	qondeNgedZilsanaNgajewuSaqoNqaqenqamat:enablawudZi
tsim1256	ab balo:dZig ga was balo:dZigan qamn madqaNad qusug_w	abballodZgawas ballodZgadqanmadqaNat:qusi
tsim1256	haja qaj asimdZe:g i:hindajt:i:n a: q_wada:rd ab	ajaqajsumdZegindat:naqudrt:b
tsim1256	anin gegure:nan gambi:n e:d welwel	amiNgegurenaNgambined welwe
tsim1256	gawa a: gidibuger na aSagi	gawagalllabgdbuggihar naSagi
tsim1256	a: genugsi:nan quwar	agengusenaNqwar
tsim1256	aN_wak: saNsaNg ar gek: rabadZe:g gek: muSk: madedaha	aNak:saNsaNargek:rabadZeggek:muSgmadedaha
tsim1256	ar sut:adZe:ga qaj mandan	eSenabarsut:adZega qajmandan
tsim1256	gobidun dZe:d dumd ha qare:maNg	gobidundZe:t:umindhaqaremaN
tsim1256	a: Si:de:d ha qamn and dZe:da	aSededahaqamnandgeda
tsim1256	maNl a: maft:adan ha mutS	maNolamaft:adanahamuStSu
tsim1256	at:ajeqi:n garmo:daNg	dajoNgarmoda
tsim1256	a: goji:J a:q_ware:d dit:a	agojiJaqaret:it:a
tsim1256	gurwagudk: Jis goruwatS asmdZe:ga	girwagud gJisgorwajtSasmdZega
tsim1256	mak:e qamn gade:mg qot:awala	mageqamnagadimqot:awala
tsim1256	end ni	endini
tsim1256	a: ge:rut:a	agerut:a
tsim1256	jam dZitSa	jamgitSa
tsim1256	gidabigd dab ije:J	gidabgiddabjeJ
tsim1256	qaNad qaNdeJ a dijaNg asaNi Jeg asaNi bune:da	qaNad qaNideJadjangasaNi JegasaNi buneda
tsim1256	dije siJastSi gendaji mandaSid	dijesiJastSigendaj mandaSigg
tsim1256	a: g_warg_wan si majera a: ginuwasgeS	gagargasimajira agn wasgel
tsim1256	mutS fug mawedi gagal mbo:ru	motSfugmawediNgagalmboru
tsim1256	lak:in qamn	dak:in qamn
tsim1256	gehet:u haj a: ewu haweg he:si	gehet:uhajajewuhaweghesi
tsim1256	qamEw g_warg_we:deJu	hame:gargedeJu
tsim1256	damu:s gida:b giqawEda:n ar saw	damosgdabgigo qawedanarsa
tsim1256	g_warug_w i:geSi	garugijgeSi
tsim1256	qot: a: gop:alak: damand ni het: qomew haj asimdZe:g sij ewand	t:aqoaldamandJet:uqomehajmt:amelasmdZegisjewand
tsim1256	qamn a qoJid qo JaNid baraj qo sgand arer	qamnaqwaJd qowNaJidbarej qowsgandarer
tsim1256	giq_waJare:s adZino:tSand a: qabar ar niJ se:n gabardZudaje:w	giqaJre:saginotSandaqabararnNise:ndZgagujegabardZudaje:w
tsim1256	ased su senin a: madg_wand	asesuseninamadugand
tsim1256	qap:ard qaji:d NaJi:na asimdZanda	qabart:aqajd NaJssmdZanda
tsim1256	ha gedZams mt:ar hawo	hagedZamnsmit:arahawu
tsim1256	galab gaje:w galab maNol	galab gajegalamaNord
tsim1256	ed a hag_watS qe gem madesadaj	edahagatSqejgem madesadaj
tsim1256	ha gewa:j ebar Na:J g_wasi:n	hagejwajibar NaJhanagasi
tsim1256	a: se:s geJaJasa:ne:s dija	asajsgaJJasanesdija
tsim1256	anin qawastS uJaNg udab baheb	neNqawasiJaNg gdapaheb
tsim1256	giNaS am qojid gilot: a: gun bidi seNg	gNaSamiqojd gilot:agunnubidseNg
tsim1256	qamn g_waJ roft: a haw	qamrgaJiroft:ahaw
tsim1256	a: qo daqat:a:b qamn	aqodaNat:abqamin
tsim1256	gahaj NaJiNg gab asmdZe:g endoJaweg	ghajNaJingabasmdZeg endoJaweg
tsim1256	gad ebaraJe:n	gadebaraJin
tsim1256	a: ijojid quwar niJ gogoft:ad aboS ba gumd get:an	ajohed quwarenJgogoft:adabaSbagmndget:a
tsim1256	qawuNg Sul asome:wi qawastS gombanera bahebe gombanera	qawNgSur asomewgajast:gombanerabahebe gombaner
tsim1256	i: jani maiS gENEdew Sag dija Sag a: Sag dija	injanimaiSqajgeNedewiSagdija aSagdjaSagdija
tsim1256	a: gefundistS ar de:buga de:bug gowaj Sul	agefundStSardebga debk:owaSuli
tsim1256	g_walanhe:k: Jas gegurs gejet: a: gefk: eft:a:d	galaJegJas egursgaje:t:agefgeft:adagdd
tsim1256	rak:in qamn dab mutS gelab dZerk_wed i:ndaw q_weNgag g_walaJand giqaJ q_wasol gisirdZan	rak:en qaminadamutSgelabudZrk:edndaqeNggugalJandiqaJ qosolgsirdZan
tsim1256	ak: gidZe:fat:a:n ane:da	hak:dZefat:aneneda
tsim1256	gEgus idZaran a:simdZand nal asimdZand gil gEqus ran g_walaJand qaj madZ	dZaqusidZaran nasmdZandnalgdabsanesmdZand gilgjaqusrangalaJand qajmadZi
tsim1256	ha g_wasin ha qamn gEjadZ maendelewed	hagasinhaqamgeadZmajndalewedd
tsim1256	hek:adZe:g g_watS ar ajije:J au ginadaw hek:adZe:g ar mu:t:	hek:adZek:otSarajeJawugindahek:adZegarmotS
tsim1256	qamn ased gandaw abdZi gereqor dNaSe:gas	qamn asedgandartSadbdZigerk:od NaSegas
tsim1256	qaSe:g ga asinmdZe:g gaji:Jaj gej	gaSegasumdZek:ahiJajgej
tsim1256	a: mutS g_warg a: geho:n a: qofk: maNola	amutSgaragagewhonaqaf gmaNola
tsim1256	gaba qut: qut:qamuJand	gabaqut: qamuJand
tsim1256	giNeS am wa g_wahit: gidZegoJ dumdaN_w a: gisarmamn a: qaremaned aowastS ad	giNeSamaqat:gdZegoJdumdaNagsarmanaqarimanedqowastSad
tsim1256	ga asEs mEnali	gak:isasasesmenali
tsim1256	ira hidZ gad ebaraJe:n	irahidZgadebaraJen
tsim1256	surdZ gik: ha madg_wand gili	surdZgit:hamadgandgeler
tsim1256	qamn de:bu:g a: madq_wana:l qo:n a: madq_wana:l qama:t:	qabndebgamat:qanalonamadqanalqamat:
tsim1256	ha gabi:de:w hoS a: do dab de:bug i:je:J	haNgabidewSadabdbdebgijjeJ
tsim1256	manali a: gad g_wand	manali agadgan
tsim1256	qaj qajd a: bune:d	qajqajdabunedur
tsim1256	sufk:aJ gebalol gidasmdZeg ab gidab geguji	sfgaJgebalolgdasmdZegabgdabgeguj
tsim1256	gid N_wan gidZa naha ar qamn gaje:J qawe:de:s ase:t: gitSaj a: ase:s gade:gudgut:ane:s	gidNan gidZnnar qamnisgajJ qawe:desasit:gitSajases gadegudgut:anes
tsim1256	gitSa gad baloldajda	gitSagadbaloldajda
tsim1256	anin qaj a: gEqeban	aneNqajageqeanan
tsim1256	dumd qahaJ gesarmanadZ g_wand da sisarmanadZ ask_war	dumdqahaJgesarwanddasarmanadZasgwar
tsim1256	a gogul mwiS a ha madg_wand e tSa egal gidZe	agogulmujSahemadgandtSajegal gidZem
tsim1256	emed gonuNsi hed JeSeg qaj	emedgonuNshed NeSeqqaj
tsim1256	is gaw ar i wa dZeruk_wed e:qus gidabu	JisgawariwadZerk:edaqsdabu
tsim1256	dZaft:a:N_w madq_wana:lEJ	dZaft:aNmadqanale
tsim1256	a: gewastS e:med sisit:i: q_waside:s e:modZig	aggsde:sgstSemesst:iaqosdesemodZig
tsim1256	qamn geJardZi qai asmdZe:g	qabn geJaradZiqajasmdZeg
tsim1256	Net: made:d qaJ gaNe:s	maNet:madeaJqNesi
tsim1256	g_waramags Na dahagi	qarmagsNadahagi
tsim1256	wazaze:deJ gabalag_w qaNe:de:w maNola a: qafk: hidZi	osasidingabalqaNedemaNolaqaf gidZe
tsim1256	adZnodg qadiw anog	adZnodq qabiwanog
tsim1256	manuNg q_waji:t:	manuNqajit:
tsim1256	q_weNg gawi	qujeNggawe
tsim1256	Sandal amigad ak_wal aqod gik_wal k:aNgadZeg	Sandalamigadak:alaqod guk:al k:aNgadZid
tsim1256	ani gidabalol hadis	aneNgdabalolhadis
tsim1256	gand law	gandlaw
tsim1256	gabalo:l g_walaJe:k: a: gelase:w ndZago:d si:d dit:a a: gejamu	gabalolgalaJek:agelasaJdZagosit:it:agejamu
tsim1256	isig_walaji a gedZiles asmdZe:s a Naj dija	jisugaladZjagedZiles asmidZesaNajdija
tsim1256	a: q_wahi:t: gE:nap: gide:St:ajd	aqajt:ganapgdeSt:ajd
tsim1256	a: gu: Jas i:t: ab how ba mo:he:dan	hagoJasit:abuhobamoheda
urum1249	b{nMm {v4{nlidi J\{ldi dZinis{ deduSkami a5di	b{nM babuSkam{4v{4dMliedi J\{ldidZi4is{diduSkabaldi
urum1249	tSai axer\_r J\yz{l tSai axer\_r x4ami tSai	tSajaxe4J\yz{ltSajaxe4 x4amitSa
urum1249	c9vd{ iS joGudi biSe joGudi iStem	c9vd{iSjoGudi bioGudiStMn
urum1249	bir\_r J\yn Ga5di d9J\yS baSlandi	bi4J\ynGaldiyJ\MSS o4uxbi
urum1249	uSaxlar\_r Sko5aja J\idi4l{r\_r cytSykty4l{r\_r bi4i jaSMndadMr\_r bi4i onbir\_r jaSMnda bi4d{ GMzMm va4dM oned:i jaSMndadMr\_r	buSaxlaSJ\olaaJ\idill{4 cytSykdy5l{4 bi4i on jaSMndadM4 bi4i on bi4 jaSMnda bi4d{GezMmba4dM4 onjeddi jaSMndadM4
urum1249	bunun jazmasi joxtur\_r J\y4dZyl{4Mn va4dMr\_r	bunun jazmasM joxdu4 J\y4dZyl{4Mn va4dM444
urum1249	babam anam adamlar\_r bi4d{	bamanamne4 adamla4Se xazj{StuGu
urum1249	bizMm c9vd{ va4Mdi Sko5ada	bizim c9vd{ va4dMSolada
urum1249	ytS J\yn cis:{nMn d94tjanMni kM4lanadZaGMdMx	mytSJ\yn cisd{nM d94t{nMdikM4lanadZaGMdMx
urum1249	b{n{ 9ty4i dil da ejdir\_r oni tSoG byle4Mm tSem bu dili bi4janda bu J\etSmer\_r dil {4janda bylynir\_r s9ili4l{r\_r	b{n{y 4uscidil da edM4untSox bylimtSmbdilibijandabul J\etSmi4 4udil {4je4d{ bylyni4 s9jlill{4
urum1249	me4iamana J\ynynd{ onbeS avgust:a biz bizMm jo5daSla4Mnan J\idie4Mx t4abzona	me4amaa J\ynynd{ onbeSavJ\usta bizbizMm joldaSla4MmMzMnan J\idiM4Mx4bzona
urum1249	bir\_r Ga4daSMm J\et:i junanistana	bi4J\atMSim J\eti junniana
urum1249	Sindid{ xa5x J\idir\_r	Sindd{ xavMxJ\idi4
urum1249	b{n t4akto4ist adamMm t4akto4da iSli4Mm xa5xa ka4to5 {ci4Mm ka4to5 tSMGa4di4Mm jaSi4Mx xa5xMnan	b{nt4ako4sdadamMm t4akto4da iSli4Mm xa5xaa4tul{ci4im a4tultSMGa4di4M du4udZnM jaSi4Mx am xa5xMna
urum1249	J\idi4dMm jo5uma	cidi4d{n joluma
urum1249	dZinis bi4MndZi c9vdyr\_r b9jyk c9vdyr\_r	dZinis bi4{ndZi c9vdM4 b9uc9vdM4
urum1249	J\en{ n{ var\_r	J\en{n java4
urum1249	o4dada mum jaxe4dMx {psMn{ edi4dMx tSMxMp J\{li4dMx ceiSMn{n ba4abar\_r	o4dada monJ\axi4dM x{psMn{ edi4dMxtSixi4J\{li4dMx ceSMn{n ba4aba4
urum1249	J\{ldMx S{4{ tiflis{ J\et:Mx g4uzinsci Sko5aja J\y4dZi Sko5aja el{ 94J\{ndMx onutSun ci bu dili bu4da tSoG xa5x bylme4di tiflist{	J\{ldMx S{{4{ tiflis{ J\etMxJ\uznSolajaJ\y4dZM Solaja d{ el{ 94J\{ndMx otSynci budili bu4datSox xax bylme4ditiflist{
urum1249	dZinis b9juk c9v	dinibaobeicyp
urum1249	so4a xMxtMm J\{ldMm tiflis{	so4atSMxtMm J\{ldMm tevliz{
urum1249	d{4m{n J\{tM4sMn Go5uma	d{4m{nJ\{dM4sMn Goluma
urum1249	me4iamanaja oci ci edi4Mx {r\_r J\{li4dM5{r\_r u4umlar\_r bizMm xa5x bu	me4amanajaocipzniicatMlmtSatedi4Mx {4c9vd{nJ\{lil{4 u4umla4 bizMm xalx bup4zniJ\a
urum1249	ama Sindi oci b9ju5dym J\ide4Mm o c9v{ n{sM5 faxM4lMx va4dMr\_r	ama Sinicocib9jyldym J\ide4M muc9v{ n{fsM faxM4lMx va4dM4
urum1249	e4l{4Mnd{n o4dan J\{ldM5{r\_r x{ gasuda4stvoidi	tu4tsanje4l{4Mnd{n ju4tla4Mndan o4dan J\{ldM4l{4 { oniiJ\di
urum1249	dil Ga5di etS tu4etscid{ d{gM5 J\y4dZistana	4ilGalditu4ecetStu4ecid{d{J\il J\y4dZyst{na
urum1249	J\{ldM5{r\_r boS e4l{4Mdi {vl{r\_r joGudi biSe joGudi	J\{ldMx boSe4l{4ydi {vl{4 joGudi biSi joGudi
urum1249	bu4da b{n iSli4dMm so4toutSastokta delop4aizvodstvada {p c{GMdim{GMdi jaze4dMx u4us dilMnd{n	bu4da b{niSli4dMm aJ\4anum 4otSduda dd{c{Gedi m{GMdi jazi4dMx 4us dil{nd{n
urum1249	joGudi o sM4a Sei {vi zo4unan t4udunan jaxtM5ar\_r japtM5ar\_r el{ o5i4di ci s{kciz adam bir\_r cytSyk koxta jaSi4dM5{r\_r zo4unan sMxi4dM5ar\_r	jo5Gudios4aS {vizo4unan t4udunan jaxtMla4 japtMla4 el{ oli4dici s{cizonadam bi4cutSuk coxta jaSM4dMla4 zo4unan sMxi4dMla4
urum1249	o4da mum jaxie4l{r\_r namaz edie4l{r\_r J\{lie4l{r\_r {v{	o4da mum jaxe4l{4d{namazedie4l{4J\{lil{4{v{4
urum1249	bukvasi jox n{ bukvasi var\_r n{ jazmasi etS biSesid{ joxtur\_r iStem biz s9ili4Mx bu dili	bu joxn{bocasiva4 n{jazmasi tSbiS{sid{jox4z sli4Mx budili
urum1249	n{ zia4atla4ada J\{ler\_r J\ide4l{r\_r bizd{ J\ide4Mx zia4atla4a p4axmi4Mx etS dilMmMzi Sei et:Mx janici oni p4axmadMx	nundaxM d{4atla4ada J\{li4J\idill{4 bizd{J\di4Mxdja4atla4a p4axmi4MxedilMmMzitSietMxjanioni4axmadMx
urum1249	sjo5anMn {p u4umla4i n{ci c9vl{4d{n J\{le4l{r\_r bu4ja	mvexnizonanMn {pu4umla4n{cyl{4d{n J\{lill{bu4ja
urum1249	tSoG su	sudatSox unisM
urum1249	J\{ldM5{r\_r so4a jaSie4dM5{r\_r tsa5kada	J\{ldMl{4 so4a jaSje4dMl{4tsalkadM
urum1249	bu dil biz{ Ga5mMStMr\_r n{sM5 atanamMz J\{ldi s9ili4l{r\_r bizd{ el{ s9ili4Mx	budil biz{cunia5clo4GalmiSdM4nasanamMzJ\{ldi s9jlil{4 bizd{ il{s9jli4Mx
urum1249	tSoG xa5xMmMz J\et:i Ga5mMSMx u4umlar\_r azlMxtMr\_r	tSoxxalxMmMz J\etti azGalmMSMx u4umla4 azlMxdM4
urum1249	onnar\_r xetS bu Ga4MSme4l{r\_r bizMm iS{ cis:{ja J\i4m{x n{ mum jaxmax msvetSi onnar\_r etm{x joxtur\_r	onla4 etSbu5 Ga4aSMmi4l{4 bizMm biS{ n{cis{J\i4m{x n{mumjaxmaxvi onla4etm{x joxdu4
urum1249	isa J\y4dZyl{4Mnan u4umla4Mnan n{sM5 ci edie4l{r\_r me4iamanai var\_r n{sM5 siz{ diem	a 4azlitSi medJ\y4dZyl{4in{n iu4umla4Mnan n{sMlciamitSatedii4l{4 me4amanai va4 n{sMsiz{diim
urum1249	japi bu5du5ar\_r	japi buldular\_r
urum1249	texnikamMz var\_r {vd{ jape4Mx onnan iSlie4Mx iStem	texnikamMz va4{vd{ japi4Mx ondan iSli4MG4dM
urum1249	navaxci babam J\et:i a4miaja ondan so4am J\{ldi c9v{	navaxcibabamJ\etti a4miaja ondan so4am J\{ldic9v{4
urum1249	o4da iSte oci d9J\ySdava J\idie4di bunna4a dad ve4mie4dM5{r\_r bunna4i Guva5adM5ar\_r bunnar\_r GaSti J\{ldM5{r\_r bu4a5a4a	o4da Steocid9J\ySdavaJ\idie4di bunna4adadve4m4l{bunla4GuvaladlMG bunna4 GaStMJ\{ldM4l{bu4ala4a4
urum1249	tSa5MSmax iSl{m{x ojani bujani iStem xa5x bi4{z bi4{z Sei o5di J\en{ bi4bi4Mni dut:u5ar\_r	tSalMSmax iSl{nmaxoanebujaniStM xa5bi4{bi4{SooldMJ\el{ bi4bi4ni duttula4
urum1249	ej c9ti J\y4dZi dilMni a5MStMx g4uzinsci etS bylmi4dMx Sindi onida a5MStMx byli4Mx u4ustSa byle4Mx	{c{tiJ\y4dZidil{nialMStMx J\4uzii {tSbilmi4dMx Sindi onidalMStMx J\4{tS{scibili4Mx 4utSabili4exi
urum1249	oci g4etSesci bylmi4Mx J\y4dZydZ{i bylmi4Mx bu dild{nd{ biSe n{blem Ganmi4Mx bizMm Sindi {vd{ s9ili4Mx bu dild{n edi4Mm n{blem nia isti4Mm u4ustSa J\en{ uSaxlar\_r s9ilia5ar\_r	oci J\4etSesciibylmi4Mx J\y4dZydZ{bylmi4Mx abudild{nd{ biSn{bilM buGammi4Mx bizMiSindi{vd{s9jli4Mx bu dild{nmista4{edi4Mm n{bilym ni isti4Mm 4utSaJ\en{ uSaxla4 s9jlij{l{4
urum1249	o4da J\yz{l jaSie4dMx m9ib{tli a4xein	o4da J\yz{ljaSM4dMx m9jb{tlia4xejin
urum1249	bi4{z jaSa di J\en{ c9vd{ mamami Sei {vl{ndM5{r\_r	bilas jaSadiJ\en{c9d{ mamamiS {bl{ndM4l{4
urum1249	bu bi4MndZi Ga4in{n J\et:Mx iSl{dMx tSa5MStMx Sei et:Mx a5tmMS doxkuzMndZi s{n{d{ tSMxtMm Ga4a japMdan	bu bi4indZi Ga4in{nJ\ettMxiSl{44d{xtSa4MSlMxtMx {n{l{4tSextMm Ga4ajapMda
urum1249	n{ va4Mdi iSMx gaz o iSl{4i biz etS Sei etmie4dMx	n{va4MdMiSMxJ\az oniSl{4biz{tSetmi4dM4
urum1249	jaSamax na4ma5naidi	j{Samax na4maln{dim
urum1249	bizMm xa5x J\y4dZistana J\{ldi xa4stan tu4ciadan	bizMm xa5x J\y5dZystanaJ\{ldi ca4an tu4cadan
urum1249	o5di et:Mx onna4da J\{lir\_r Ga4MSir\_r bir\_r ici adam	oldiinteJ\44vatetdMx onla4da c{li4 Ga4MSi bi4ici adam
urum1249	tiflist{d{ J\94dym bir\_r oGlani	tivlizd{d{ J\94dym bi4 oGlaniv
urum1249	bu4da ei {vm{vMmMz var\_r jaSi4Mx iSte	bu4dae {vm{vMmMzva4 jaSi4MxStM
urum1249	bizMm va4dMr\_r me4iamana J\{lir\_r	ambizMna4dM me4n9eJ\{li4
urum1249	ambu dili biz ci n{ci s9ili4Mx oni cism{d{ Ganamas	ammult4ei dlibizcin{svelexonisin{da Ga4amas
urum1249	biz J\{ldMx suxuma	bizJ\{ldMx suxuma
urum1249	d94tjanMni J\{zi4Mx {p toma4i ty4cin{n J\{zi4dM5{r\_r	d94tananiJ\{zi4M x{ptona4i ty4ciin{n J\{zi4tMla4 ku4J\a
urum1249	va4Mdi Sindi joxtur\_r s9cyxtyr\_r n{blem ambel{	cant4a va4dM ant4aSind joxM4McxM4 nemm{mil{4
urum1249	otu4e4l{r\_r ie4l{r\_r itSe4l{r\_r J\yve4l{r\_r	otu4ella4 biell{4 itSell{4 J\yvell{4
urum1249	adZa4lar\_r J\etmi4l{r\_r onutSun ci onnar\_r musu5mandM4lar\_r	adZa4la4J\etSmill{4 ontSui onla4 musu4mandMla4
urum1249	xa5x baSladi jaSamaja cimci iSli4di o Gazane4di jaSi4di	ep xa5x baSladM jaSamaja cim J\i4iSli4di oda Gazani4di jaSi4di
urum1249	Sko5amMz var\_r obSepit var\_r su var\_r d94t{n{ cis:{ var\_r c9vymyzd{	SolamMz a4Siiva4ua4i d94{n{iz{va4c9ymyzd{n
urum1249	oGlan a5di saGo5sun ci bir\_r doxkuz Sindi o to4paGMnan jaSi4Mx	oGlanaldisavolsuni bi4 doxGuzJ\ekt{4 Sindi GMn jaSi4Mx
urum1249	babamMnan d{d{m ai4ldM5ar\_r babam dier\_r ve4{dZ{ix ko5xoza J\i4{dZ{ix d{d{m dier\_r jox ve4miadZ{ix	babamMnan d{d{m a4jMldMla4d babam dii4 ve4{dZ{jMx colxuzdaJ\i4{dZ{jx d{d{mdi4 jox ve4J\{dZ{jMx
urum1249	iSte bu c9v{ dyStyx el{ bi4zamanda die4dM5{r\_r e4manM5{4Mn{n ba4aba4MdMx gu4naSit c9v va4Mdi	ysebuc9v{ dySdux el{bi4zamanda di4dMl{4 e4m{nMl{4Mnd{n ba4aba4dMx J\u4naSetc9v va4Mdi
urum1249	me4iamanai edi4Mx biz tezd{n	me4amanamtSedi4Mx biz tezd{n
urum1249	babam o5di vad{ o5di b{n biz Ga5dMx d94tdZannan anam badZMm babam bi4d{ b{n	babam imvalitoldi sudu4uJ\i udu4uJ\ioldi b{nbiz GaldMx d94ttSannan anam badZMm babam bi4d{b{n
urum1249	J\{ldMx jox J\{ldM5{r\_r d{d{mMz Ga5dMx bu4a5a4da jaSi4Mx	J\{ldMxjox J\{ldMl{4 d{d{mMzmaSipeixaldMx u4ala4da jaSi4Mx
urum1249	iStem o5di Sei {vl{ndi bu4da iStem	StimuldiSe {vl{ndibu4da Sti{caline
urum1249	bizMm c9v dZinis ej c9vdyr\_r	bizMmc9vdZinis ec9vdM4M
urum1249	Gu4banda cim o5ir\_r diax ci onna4Mn xa5xta o5ir\_r onnar\_r diax musu5mandMr\_r biz Gu4banda 4asJ\{ldi tSMGM4i4Mx onna4ida Gu4bana	Gu4bandada uSecimoli4djaxci onla4Mn xaltda oli4 onla4dax mus4mandM4 biz J\u4banda4asJ\{lditSMGM4i4Mxonna4ida Gu4bana
urum1249	biz o4a5a4dan GatStMx J\{ldMx tu4tsia dad ve4me4di biz{	bizo4ala4dan GaStMxJ\{ldMx tu4tSj{d{dM ve4mi4dibiz{
urum1249	Gu4tu5du5ar\_r Sko5ai onnar\_r J\et:M5{r\_r bir\_r badZMm bu4dadMr\_r 9by4i cip4a J\et:i	ultu4du4laSolaonna4J\ett{l{4 bi4 badZn bu4dadM4 9bi4icip{4{J\ettim
urum1249	ambu4amda Gar\_r gMtSla4Mmda n{ n{ tufli etSbiSe jox ambel{	ambu4amdaGa4 bMtSla4Mmda vaSMmn{tSu4cin{tufli etSbioxbiommel{
urum1249	sabaxtan Ga5xie4Mx J\en{ J\idie4Mx o4da J\en{ em{x itSm{x o5ier\_r oinmax o5ier\_r tSa5ie4Mx oinie4Mx axSamatSen	sabaxtan Galxe4Mx J\en{ J\idije4Mxu4da J\9n{emaxitSmaxolije4 ojnamaxoij4tSalije4Mxjnije4M xaxSamatSMn
urum1249	ambel{d{ me4iamana J\yni biz bel{ J\ynn{4MmMzi J\etSM4i4Mx elda	{m{l{d{me4amanaJ\uni biz bel{biJ\yn{4mMzM J\etSi4Mx jMlda
urum1249	tsa5kada et:M5ar\_r	tsalJ\ada basnavatsaettil{4aa
urum1249	bir\_r {vd{ s9ili4dMx da bi4janda jox	tu4ei bi4 {vd{ s9jlM4dMx dabi4janda jox
urum1249	J\en{ n{ diem c9vymyzd{	a4J\e4{4{dip c9bMbizdM
urum1249	bu4ada etS b{n J\94me4Mm ci biSe dyz{l{ onutSun ci xa5xa iS joxtur\_r ci xa5x iSlija	bu4adatSb{nJ\94me4Mmci biSe dyz{l{ onutSunci xa5xa iSjoxdu4 ci xa5x iSlij{
urum1249	babam t4akto4da iSlir\_r Ga4daSMmda iSlir\_r mamam {vd{ xazjaistvenni d{ d{ b{nn{n ba4abar\_r	bavam t4ako4da Sli4 Ga4dSMmdaiSli4 mamam{vid{ xazind{ p{nn{n ba4aba4
urum1249	J\en{ va4Mdi ici Sei ici Gat	c9byz{J\en{ va4Mdi icitaSniSeitSi GaSola4
urum1249	o4da jaxSi	on o4daonladi njaxSidM4upM
urum1249	{v{ld{n Ga4M5ar\_r {v{ld{n tSoG byli4dM5{r\_r bar\_r dutar\_r oina4dM5{r\_r tSaGM4M4dM5{r\_r	{v{ld{ Ga4Mla4 {v{ld{ntSox bylizdMl{4 ba4duta4 ojda4dMla4tSaGM4MdM5M4
urum1249	el{ J\{lir\_r Sei GMzM5jumu4ta	el{ SindiJ\{li4Sepax GezelJ\umu4ta
urum1249	tS{tMnMdi bi4{z	tS{tindi bi4{s
urum1249	GatS zia4at me4iamana bir\_r a4jos jo4jos ici aj niko5ao ytS ytS zia4at	aa4a me4anabi4ajo4ici niJ\oliya4a
urum1249	J\{lie4di c9vd{ J\yz{l tSamlar\_r va4Mdi {vl{r\_r J\yz{l b9jyk {vl{r\_r	ovaxM suda j{li4dic9vd{ J\yz{ltSamla4 vaG4Mdi {vl{4J\yz{l b9c{vl{4
urum1249	Gapi dySti Go5uma	GapedySti xoluma
urum1249	bizMm uSaxla4da J\y4dZydZ{ Sindi to4unna4MmMz J\id{dZ{x o J\y4dZi Sko5asMna	dabiziuSaxla4da J\yzdZyz{4Sindi po4una4MmMzJ\id{dZ{xuMxbolasMna
urum1249	cimMsi 9ldyl{r\_r jo5la4da	cimisi9ldyla4 jolla4da
urum1249	bu4a5a4da jaSie4l{r\_r	pu4ala4da j{SijM4la4
urum1249	tSaimMz var\_r jazMn J\idi4Mx ba5Mx dutmaja edi4Mx	tSajMmMz va4 jazMnJ\idi4Mx balMx tutmaadixaedi4Mx
urum1249	o5e4di {md{ el{ duimamMza bizMm tu4klar\_r GM4i4dM5ar\_r bizMm xa5xi nasM5ci duimMSMx n{ diax ci biz	mt4udnooli4di{md{udZe el{ dujmamMzabizMm tu4kla4 Ge4i4dMla4bizMm xalxi n{Mi dujmiSMxdxibiz
urum1249	Sindi xa5x {p jape4l{r\_r {vm{v	iSndi xalx{papill{4{vm{v 4emanti4
urum1249	J\en{ n{ diem	sy4eanai
urum1249	tSaj va4Mdi c9vyn janMnda tSaj J\etSe4di	tS{va4dMc9bynjanMndatS{jJ\etSe4di
urum1249	ici J\yn ici J\yn em{x itSm{xtMr\_r o5maz iSl{m{x	iciJ\yn iciJ\yn pad4a jim{ xitSm{xdM4o5maz iSl{nM4
urum1249	slabi slabi jaSi4dMx	otSin labizili aSi4dMxbijaSidMx
urum1249	bel{ oini4Mx ni4Mx em{x itSm{x duva5amax xa5xi bi4bi4l{4Mni duva5i4l{r\_r	d4udZnibel{ ojni4Mx ni4Mx jem{xitSm{x  duvalanax xalxibibi4l{ni duvalidla4
urum1249	Gu4tu5di bir\_r 9by4yni oxier\_r	J\u4tuldi bi4iyMbi4inox4 adna4meneiSlii4
urum1249	babam anam va4dMr\_r ytSt{n{d{ uSaGMm	babamanamba4dM4 J\ytSt{ned{ vuSa4Mnmnmmmnm
urum1249	jaSie4di Ga4sta	a4x jaSe4dMl{4 Ga4sda
urum1249	J\{ldMx bu4a5a4a	bd{j{dlexbu4anla4a4
urum1249	b{n J\{ndMm baibu4tliam baibu4tli uSaGiam	b{nJ\{ndMm bajbu4tlij{m bajbu4ulSaGj{m
urum1249	ga4daSla4Mm b{nMm b{n n{ naxM5edem b{nMm J\{ndMmMn joxtur\_r	a4laSla4Mm b{nMm mub{nn{n{xledin b{nMsemiam j{nd{4mM joxdu4
urum1249	bu4da J\{ldM5{r\_r japtM5ar\_r cis:{ m{z{4lMk japtM5ar\_r	bu4da J\{ldM4{4 japMla4cis{ Solu m{z{4lijaptMla4
urum1249	xa5x tSoGi c9tSti J\et:i so4a J\{ldi 9zJ\{ mil:{t adZa4lar\_r	xalMxtSox ixp9StiJ\etti z4aJ\{ldi 9J\z{mill{tadZa4la4
urum1249	bir\_r juz GM4x va4Mdi jaxSidi bizMm o4anMn xa5xi jaxSi xa5xMdi	bi4 juzGM4x semjava4adi jaxSide du4uSnidi bizMmo4anMn xalxijaxSi xalxMdi
urum1249	d{j n{ byle4Mm da	d{nl{bilimda
urum1249	so4a J\en{ ka4to5ma4to5 toplamaja J\idi4Mx edi4Mx a4pa {ci4Mx ka4to5 {cir\_r bitSi4Mx	so4aJ\en{a4olma4o toplanaaJ\idi4Mxedi4Mx a4pa {ci4Mx a4o {ci4 bitSi4Mxod
urum1249	{ksi Sko5amMzi s9ktyl{ s9ktyl{r\_r japtM5a4Mdi t{z{ b9juk uSaxla4dan 9tSy4i	{siSolamMzM s9kty4l{4 ijaptMla4dM t{z{ b9yk Skola uSaxla4dan 9tSy4i
urum1249	ama Sindida ejdMr\_r	amaSindid{ el{dM4edM4
urum1249	va4dMr\_r cis:{l{r\_r beS a5tit{n{	va4dM4cis{l{4deSalti{n{
urum1249	jaSamax iS {p bu4da {p jaxSi	j{S{m{xiS {bbu4da {pjaxS
urum1249	n{sM5 J\en{ duimuSum ici ytS aj jo5da bunnar\_r J\{zie4dM5{r\_r	n{sMJ\en{ dujmuSum iciutSa jolda bun{4 J\{zije4dMl{4
urum1249	bizMm tiflist{ va4Mdi o instituta biz ede4dMx	biMm ilizd{va4Mbibiz patSin{tS{edidix
urum1249	onnar\_r me4iamana iS	onna4mana
urum1249	biz byle4Mx ci dZinis bu zonanMn o4tasMndaix	ibbizbilidexcidZiniuizonanMn o4tasMndaje
urum1249	m{z{4l{4{ lazMm tSMxmax	m{z{4l{4{abizatsin{lazMntSMxmax
urum1249	bu4da Ga5di GM4x u4um bizMmkMnn{4d{n	budaGaldi GM4xsem{ u4um bizimkMnl{4dM
urum1249	ama bu dil tS{tMn o5er\_r jazmasMni bylme4Mx Seini bylme4Mx oxumasMni a5favit iSi joxtur\_r	ama butu4editS{inol jazmasMnM bilmi4ix Sejini bilmi4Mx oxumasMn 4tiSi joxdu4
urum1249	byli4Mx bel{	bili4Mx bel{4
urum1249	b{n so4a a5dMm J\et:Mm g4etsiaja	b{nso4aaldMmJ\etMmJ\4etsia
urum1249	9by4i 9zJ\{ b{n bylme4am bi4dMr\_r	9zJ\{b{nbim4ambi4du4
urum1249	Sindi bylmie4Mm	Sindi bilme4Mm
urum1249	japM5ar\_r var\_r ici Gat japM5ar\_r	japMla4 va4 iciGatjapMla4z
urum1249	ed:icilis:{ tSoG J\yz{l c9vdyr\_r	jedicilis{tSox J\yz{lc9vdu4
urum1249	biz x4istian mil:{tix biz a5laGa inani4Mx a5laGa inani4Mx onutSun ci a5lax bizMm babamMzdMr\_r anamMzdMr\_r	bizx4itam bill{tiMx biz allaGa inani4Mx laGa inani4MxunJ\i allax eun bizMm anamMz babamMzdM4 anamMzdM4
urum1249	c9vl{4{ J\{ldM5{r\_r n{ japM5a4i var\_r n{ iS var\_r n{d{ biSe	J\9vl{4{J\{ldMl{4 n{japMla4iva4 n{iSva4 n{d{ biSa4
urum1249	deduSkanMn ytS oGli va4Mdi	upadedbMlSudedidduSkanMn ytSoGli va4Md
urum1249	jaxSidMr\_r J\idi4Mx iSte mo5aja ox umaja da4bazma4baza dyJ\yn e4Mn{ obSepita klubuna	jaxSidM4 J\idi4Mx SteSolamMlax dajada4baza4baza4diJ\ie4in{ Sipit{ clubMna
urum1249	u4umla4Mn o5anda u4umla4Mn me4iamanaja J\id{nd{n me4iamanada mumda jaxie4l{r\_r s{vMnie4l{r\_r	u4umla4Mn olandan u4umla4Mn me4amanaJ\id{nd{n me4amanada mumda jaxie4l{4ts{vMnie4l{4
urum1249	dZinis bizMm c9vyn adi dZinisdMr\_r	J\enisbi4{ bizMm c9vynadMdZenistM4
urum1249	el{ Gani4Mm jaxMndMr\_r u4us dili ci uSaxla4i isti4Mm u4ustSa 94J\{n{l{r\_r	el{GjaxMndM udiliuSaxla4M isti4Mm 4utSav94J\{n{l{4
urum1249	ne4d{ cim istir\_r o4dada iSlir\_r bizMm xa5x el{dMr\_r babai da Sei etmi4l{r\_r J\{ndi vo5ja5a4Mna iSli4l{r\_r	ne4d{cimisti4oada Sliz bizMm xa5xel{dM4 anababadaSetmil{4J\{ndivol{la4na iSlillM 444
urum1249	b{J\{ndi anama {vl{ndM	d{J\{ndijanama {vl{ndi
urum1249	faxMr\_r jaSadMx b{n tSoG faxM4lMx J\94dym oxumaja Sko5aja J\idie4dMm ja5najax o sM4a GMS tSoG o5ie4di Sindi el{ GMS joxtur\_r	faxM4 jaSadMx b{ntSox faxM4lMx J\94dym oxumaScolaaJ\idie4dMm jalMnajax Ga4os4axGMStSox ole4di Sindil{GMSjoxdu4
urum1249	tSoG iste4l{r\_r J\{ndM5{4Mn c9vyni onutSun ci J\{ndM5{r\_r bu4da o5du5ar\_r b9judju5{r\_r	tSox iste4l{4 J\{ndMl{4Mn c9vyni ontSuniJ\{ndM4l{4bi4d{ oldula4 b9yldy4l{4
urum1249	tsa5ga o5di	z{diJ\{olJ\i{i
urum1249	d9vl{tMmMz var\_r d{nJ\iz{	d9l{tMnMz va4Mp {d{ld{4j{d{n iz{4
urum1249	bazMsi S{4{ J\et:i	bazMsi S{4{J\etti
urum1249	bi4{z ej jaSi4dMx onna4Mn ystyn{	bi4{edZaSi4dMx onna4Mn ystyn{
urum1249	J\{l{nd{n sojuxda J\94dyl{r\_r aGM4dM5a4da x{st{da o5du5ar\_r	J\{l{nd{n sojuxta J\94dyl{4 aGM4dMla4da x{ad{ oldula4
urum1249	o4dada J\94ie4am xa5xi so4uSie4Mx ne4d{sMs n{sM5sMs	o4dada J\94ie4{m xalxiz s94ySi4Mxne4d{sizd{nsMsMz
urum1249	z{nJ\in c9vydi ko5xoz jaxSidi	z{nJ\inc9vydi olxuzjaxSMdi
urum1249	xa5x xa5xa joGudi pux	xa5xM xalxajoGudipu5xin{
urum1249	el{ s{vie4dMx o e4i cid{ {4d{m{ b{nn{n b{nMm badZM5a4MmMz c9v{ J\idie4dMx {b{ d{d{mMzMn janMnda	el{ s{vi4dM xoje4icid{ {4d{m{ {4J\aniJ\ul b{n{ b{nM badZMla4MmMz c9v{J\idi4dM G{b{d{d{mMzM janMdM
urum1249	Sindi ejdMr\_r epeim {vm{v et:Mx b{n{ Sindi jaxSija b{n{ Sindi jaxSi J\{lier\_r o sM4a ci jaSamama J\94{ Sindi b{n{ ejdM4l{r\_r	Sindid4p{m{viettMx b{nSindijSb{n{Sindi jaxSMJ\{lie4 os4acijaSamamaJ\94{Sindi b{n{edM4Mnd{4
urum1249	so4amda J\{ldi so4amda J\{ldi tiflisa	so4andaJ\{ldi o4anda J\{5ditifliz{
urum1249	six jaSie4Mx tiflist{	dixo4j{S4Mx tiplisd{
urum1249	ondan Ga4i J\en{ jumu4ta5ar\_r bojadie4l{r\_r	ondan Ga4icen{ 4azni4azni jumu4tala4 bojadie4l{4
urum1249	ytS adam va4dMr\_r bi4i badZi Ga4daS onun {vl{nm{miS icisid{ bi4t{n{d{ t{k Ganaxli ytSt{n{ adam var\_r 9by4l{r\_r {p svanna4Mnan adZa4lar\_r jaSie4l{r\_r	ytSadam va4dM bi4ibadZMGa4daS onunda{vl{mm{mMS icizid{ bi4t{n{d{t{kaddelniGanaxli ytSd{n{ adam va4 9b4l{4{su aa4nan adZa4la4 jaSili4l{
urum1249	bizMm c9vd{ var\_r punGar\_r var\_r tSai	bizMm c9vd{ va4punGa4 va4tS
urum1249	tSa5ir\_r kotSa4i oini4Mx Sei muzMka5ar\_r oini4l{r\_r o n{dMr\_r tango va5s	mzikdamuzikatSali4etSetSicotSa4i oni4ex 4uiSe muikala4 oni4l{4 onn{ndM tanuv
urum1249	babam jaSie4di ed:icilis{d{ so4am J\etSti tiflis{	babam jaSM4dijedicilisada o4anJ\etStitiplisa
urum1249	biz tSoG s{ve4Mx me4iamana J\yni	ditSoxs{vi4Mx me4amana J\yni
urum1249	tsa5kadada n{ J\yn J\94dyl{r\_r J\en{ tSoG J\94dyl{r\_r	tsa5kadada n{J\ynJ\94dyl{4 J\en{tSox mutSenj{J\94dy4l{4
urum1249	god:aidi o si4a joxsa x{	acoioaosM4ao4Mxau44
urum1249	so4adan babam baSladi bu4da iSl{m{ja g4uziada	biabavam baSladibu4da iSl{m{ J\4uziada
urum1249	bizMm c9v zonadadMr\_r g4uzianMn te4ito4iasMnda 4ajonunda	izMm c9v4leizonadadM4 J\4uzanMn te4ito4asMndatsalkanMn 4ajononda
urum1249	b{nMm ox{4t{n axlMmda Ga5mamMS tSoG c9ti J\ynn{r\_r J\94miSMm	b{nmuxM4tMn axlMmda GalmabitSoxtS9tyl{4J\94mison
urum1249	anam babam {p u4um	anam babam {pu4um
urum1249	bizMm tSoG jaxSi e4d{dMr\_r J\9lyn 9J\ynd{dMr\_r el{	bi4im c9vd{tSox jaxSij9vd{dM4 J\9lyn 95J\ynd{dM4 el{4
urum1249	iSter\_r naxM5ede4Mm budur\_r	naiStM4n{xledi4Mmbudu4
urum1249	el{ duimMSMx iSte bizl{r\_r n{sM5 J\{ldMx d{d{mMz {b{mMz tu4tsiada d9J\yS o5di	el{ dujmiSMx iSte biznl{4nasMJ\{ldMxd{d{mMz {b{mMz tu4tjadad9J\yS oldi
urum1249	el{ b9jyk J\yndyr\_r ci {p ba4abar\_r s{vMnie4Mx	el{ b9J\yndy4cid{ {b ba4aba4 s{vMn4Mx
urum1249	J\e4i J\{ldi tiflisa	J\e4iJ\{lditifliza
urum1249	byli4Mm o dilid{ J\y4dZydZ{i onna4Mm ku5tu4aida bi4{z edi4Mx	bil4Mm Mdilid{ J\y4dZydZ{i oGuna4Mn cultu4aida bi4{z inte4esavat edi4Mx
urum1249	J\et:M5{r\_r J\94dyl{r\_r iS baxe4l{r\_r J\e4i d9nm{x ist{me4l{r\_r	J\ettMl{4 J\94dy4l{4 iiS semabaxe5l{4 da J\e4id9nm{x st{nme4l{4
urum1249	b{nMm semjam diax ci Ga5xi4Mx J\idi4Mx xa5xta o4da {p eGM5i4Mx Gu4bani cimMn var\_r J\9ty4i4Mx mumumuzi jaxi4Mx Gu4banMmMzi fM4ladi4Mx c{si4Mx	b{nMmsemjamdi Gaxi4Mx J\idi4Mx xa5da u4da{pjeGMli4Mx Gu4banicimMmba4 J\9ty4i4Mxmomumuz jaxi4Mx Gu4banMmMzifM4ladi4Mxc{si4Mxx
urum1249	biz x4istianlMGi itM4m{dMx xa5xix ede4Mx cis:{l{4{	mi biz x4istannMGijytM4m{dMx M nxa4xijMx ve4itedi4Mxcis{l{4{
urum1249	o4da 4as:iadaidMm n{is{ u4usudi od{ J\{lm{di bu4aja	o4da 4aS{daidM n{iS{ u4uSulJ\ibod{J\{lm{di bu4ajamna
urum1249	me4iamana ci J\{ler\_r J\yni J\idi4Mx jazi jaxi4Mx Seid{ cis:{mMzd{ namazMmMzi edi4Mx Gu4banMmMzi c{si4Mx janMnda biSM4i4Mx	mi4mni J\{li4 J\yni J\idi4MxvetSdjaxi4MxSejd{cist{mMzd{ namazMmMzM e4di4Mx Gu4banMmMzdMc{si4Mx janMnda biSSM4i4Mx
urum1249	bizMm c9vd{ va4dMr\_r d94t:{n{m cis:{mMz va4dMr\_r bi4t{n{ Sko5amMz va4dMr\_r suju ve4i4l{r\_r tokunan biz{ itSm{ja	izimc9vd{ a4dM4 d9{n{is{mMz adM{n{SolamMzadMsujuve4l{4 toJ\unan biz{itSm{j{
urum1249	ceiS o4da	ceSo4da
urum1249	9zJ\{sMn{ tojmojuna b{n J\etm{m bir\_r u4umla4Mn tojla4Mna J\idi4Mm	bezJ\{4s{n{tmojnab{nJ\etm{m bi4 u4umlaM tojla4MnaJ\idM4Mn
urum1249	Sko5ada oni oxudux 9zJ\{jana oci J\idi4Mx {4c{4{n s9ili4Mx bu4da bir\_r c9vd{ s9ili4Mx 9zJ\{janda s9il{nmir\_r	Soladanjoxudux 9J\z{anaciJ\idi4Mx {4c{4{n 4usci jazik s9jli4Mx u4ecibu4da bi4c9vd{s9jli4Mxz{nd9l{i
urum1249	J\en{ n{sM5 di4di	J\e4{4{sidi4di
urum1249	jaSie4di tSapaevkada	bauJ\aaSe4ditSapvJ\ada
urum1249	da 9zJ\{ mil:{t joGudi u4umlux jaSi4di u4umluGunanda jaSi4dMx	9z{ mill{joGudi u4umux {Si4di u4um4uGun{nd{4 du4uznj{Si4dMx
urum1249	{p {v{lci {d{tl{4Mn{n Sindici {d{tl{4Mn{n u4umla4Mn {d{tl{4Mn{n ede4Mx c{sm{x	{bv{4c{{d{tl{4in{n Sindic{d{tl{4Mn{n u4umla4n{d{tl{4in{n edi4Gu4banc{sm{x
urum1249	b{n bu iSl{4i n{sM5 J\{lmiSl{r\_r b{n asnovnoi iSl{4i byli4Mm b{nMm deduSkamdan	b{n buiSl{4i tosMn{sMJ\{lmiSl{4{ buiSl{4i bili4Mm b{nMmd{ duSJ\amdan
urum1249	tSMxandan biz jaxie4Mx manasti4da mumlar\_r	tSMxandan biz jaxi4Mx man{stM4d{n mumla4 molimsa
urum1249	sabaxtan b9J\yn diax SeidMr\_r sabaxtan Ga5xMp J\idi4dMx iS {4bi4iS c{se4dM5{r\_r ede4dM5{r\_r ceif oinamax etm{x ty4ci tSaGM4max oinamax etm{x	abaxan b9J\ynid{x ildM4nabaxanaxiJ\idi4dMx muzikaiiS {4bi4c{si4dMl{4idi4dMl{c ojnamaxetm{xty4ctSaGM4Metax
urum1249	so4a baza4da uSax jaxSi adamlar\_r c9m{k et:M5{r\_r ba5ka5a4i udZuz ve4dM5{r\_r taxta5a4i udZuz ve4dM5{r\_r tsementi udZuz ve4dM5{r\_r s{n{ ici s{nd{n {ksik a5adZaix	so4a u4da bazada uSaxjaxSM adamla4 va4Mdi c9m{cettMl{4 balkala4M udZuz ve4dMl{4taxta5a4MudZuz ve4dMl{4 udZuz ve4dMl{4s{n{ icima s{nd{n{ksikaladZa4Mx4
urum1249	o5i4di {vd{ {4iSt{ kanfliktmanflikt ama axlMma J\{lir\_r bir\_r c{4{n babuSkama dedi ci Ga4i bax bu d94t duvar\_r n{ 9tSy4idMr\_r onutSun ci {vd{ ci s9ilian iS diS{4i tSMxmia	nuoli4di {vd{ {4iSd{ canflimlikdaama axlMmaJ\{li4 bi4c{n{nd{duSan bbMSmad{dici Ga4ibax budM4duva4n{{9tSy4idM4ontSunci {vd{ciso ilnij{niS diS{4itSMxmija
urum1249	daGda ma4a5 J\{z{r\_r telMni da4ar\_r J\{z{r\_r	daxdava4lJ\{z{4telMdida4a4J\{z{4
urum1249	b{nMm to4paGMm var\_r iSli4Mm Ga4in{n ba4abar\_r	4{mto4paGMm va4iSdi4Mm xa4Minan ba4aba4
urum1249	dil b9jyk dildMr\_r isto4iasi onun tSoG va4dMr\_r tS{tindMr\_r bi4{z ej Sei ed{me4Mx s9iliame4Mx tS{tMn o5er\_r	4usJ\idil b9c dildM4 isto4asMontSox va4dM4tS{tindM4 bi4{z bizeSeed{mi4Mx s9li{mi4MxtS{tin oli4
urum1249	{p jo5la4i dymdyzdyr\_r	{p jolla4i dyndyzdu4S
urum1249	ambelja jaSi4l{r\_r	am bil{j{SMla4
urum1249	nasM5 b{n bylie4am oci xa5x bu4ja J\{ldM5{r\_r tsa5kada biSe joGudi	n{sMl b{mbyli4Mm ocixaxbu4{J\{ldMl{4 talJ\ada biSejoGudi4
urum1249	b{n uSaGMdMm b{n tSoG Ganme4dMm b{n{ xoSJ\{le4di onutSun ci b{n cytSyJ\ydym b{n J\ide4dMm dindZ{lm{ja	b{n uSaGMdMm b{ntSox Gammi4dMm b{n{ xoSJ\{4li4di on utSunci b{n cytSyJ\ydyn b{nJ\idi4dMm dindZ{lm{{4
urum1249	tSoG tS{tMnnMGMdi bu4ada jaSamaxta faxM4lMGMdi tSoG	tSoxtS{tinlMG Mdibu4ada jaSamaxta faxM4lMGMditSox
urum1249	J\y4dZyl{r\_r Sindik tSoG zia4ata J\ide4l{r\_r saG dZa5lMx zia4at:adMr\_r a5laGa tSoG ede4l{r\_r	J\y4dZyl{4SinditSox zia4ataJ\idell{4 saGdZaallMx zia4attadM4 allaGatSox ve4itedell{4
urum1249	o4da sto5lar\_r Gu4u5ier\_r eJ\i itSci ie4l{r\_r itSie4l{r\_r oinie4l{r\_r jaxSi o5ier\_r jaxSi edie4Mx	o4dtolla4Gu4uljeJ\iitSJ\iie4l{4 iije4l{4 ojnije4l{4 jaxSi oli4M4 jaxSiedij4x
urum1249	anam a4tMx gaviJ\y4yJ\ein{n gavMnan et:i {4MmMz{ a4tMx jazdi cimMn SeidMr\_r bu cimMndMr\_r	anama4tSMx J\biJ\u4uJ\ejn{n J\avMnanetti {4MmMa aan a4tMx jazd4icimMn SedM4 bu an cimMndM4
urum1249	bax dilMmMzi bylmi4Mx dil el{ duidux ci dedM5{r\_r x4istian Ga5adZaxsMs dilMzi d{gMS{dZ{xsMs	baxdil{m{zi bylmi4MxJ\M4etSescidileel{dujdux cided{l{4 jax4isan GaladZaxsMz ja dil{zid{J\MS{dZaxsMzz
urum1249	biz J\i4i4Mx nastajaSi c9vMmMzi ede4Mx byli4Mx ci bizMm a5laGMn a5laGMmMzMn anasi me4iamanadMr\_r mamasi	yzJ\i4i4naSlaSMvMze4di4Mx by4xibiz{m allaGMn allaGMmMzMnnaSM memndM4 i
urum1249	J\en{ var\_r J\yz{l o4da va4dMr\_r jaxSi dvo4igMnan tSamla4Mnan	J\en{ va4 J\yz{l o4daScola va4dM4 jaxSi do4icn{ntSamla4Mnan
urum1249	axan Sindi ej jaSie4Mx jaxSidMr\_r {cie4Mx bir\_r e4MmMz va4dMr\_r to4pax oni {cie4Mx ka4to5dur\_r satie4Mx ma5lar\_r var\_r saxlie4Mx Gojun saxlie4Mx	iSte Sindi ejjaSMje4Mx jaxSidM4 {cie4Mx bi4J\4je4MmMza4M n{c4Mx4Mx ma5la4 va4 saxlije4Mxounsaxlije4Mx
urum1249	onna4da bylme4Mm	onno4d 9lenbilme4amM
urum1249	9by4l{r\_r a5ti beS antSel{	x9by4la4 udZM alti beS{ntSi4M
urum1249	baSladi el{ jaSamax	aSladel{jaSala
urum1249	b{nMm ici uSaGMm va4dMr\_r oGlandM4lar\_r	b{nim icuSaGMm ba4dM4oGlandM4la4
urum1249	J\{l{nsM4a n{blem J\{le4dM5{r\_r bazi ci J\{le4di jo5da adZlMxMdi c9tylyxMdi 9le4dM5{r\_r	J\{l{nsM4{n {milim J\{li4dMl{4d bazici J\{li4di jMlda adZMlMxtic9tuluxdi9li4dMl{4
urum1249	d94t zia4at var\_r d94dun{da J\idi4Mx {r\_r bazar\_r J\ynn{4i J\idi4Mx jaxi4Mx	d94s4atva4 d94dyn{d{J\idi4Mxx{4 baza4J\ynn{4iJ\idi4Ms vetS{jazi4Mx
urum1249	{p p4axtMx p4axtMx oxumai bel:i4dMx sa5datla4a	{p4axtMx p4axtMxuxumaibelli4dMxsaldatla4aG
urum1249	Sei to4pax japM5a4Mndada jaSamMSam el{ c9ti japM5a4da jaSamMSam x{ c9ti	c9ti{Se tu4axjapMla4Mnada jaGSamMSMmb{ el{c9ti japMla4da jaGSamMSMcyi
urum1249	o4dada paskainan jumu4ta5a4i Goie4Mx Goju4ie4Mx	o4dada bsalbaskan{n jumu4tala4i xojje4Mx xoju4ije4Mx
urum1249	axlMmda Ga5mer\_r dia Gane4dMmda b{n n{sM5 c9ti J\ynn{r\_r J\94miSMm	oaxlMmdaGamizuGja anbyn{c9tSyJ\ynl{4J\94miSom
urum1249	so4adanda iStem anama x{st{ aGM4ie4di b{ni istian ojani bujani o5di J\etm{dMm anami du4dum baxtMm	so4adan daSti anamaGxasta aGM4Mje4di b{niisti{non bujan oldicetm{{dMm anamdu4dun baxdMmM
urum1249	o4da va4Mdi u4us J\ene4a5i	odava4di u4usJ\ene4alipacevi4
urum1249	uSaxlar\_r oxumi4l{r\_r bi4i iJ\i4mi d94t jaSMndadMr\_r bi4i o5ir\_r ons{kciz jaSMnda a4miaja J\et:i J\{ldM5{r\_r pakamiz bu4da iSli4l{r\_r J\en{	uSaGla4 oxuminla4 J\i4iJ\imid94taSMnddMbi4 {z jaSMnda a4miaJ\ettiJ\{ldM4{4 mibu4da iSlill{4J\ine4
urum1249	oci J\{ldM5ar\_r J\y4dZistana baxtM5ar\_r bir\_r er\_r bu5du5ar\_r baxtM5ar\_r oda e4{ b{J\{ndM5{r\_r o Sindi ci nazMvatsaeder\_r tsa5ka	ociJ\{ldM4l{4 J\u4dZistanM baxtMla4 bi4je4 buldula4 baxtMla4 oda je4{b{J\{ndMl{4Sidici nazivats4di4zalJ\a
urum1249	o c9v b{n unutmam onutSun ci b{nMm babam o4da 9ldi o4da J\9mdyl{r\_r d{d{m {b{m cimci	onipoc9vib{n on utmamotSynci b{nMn babam o4da 9ldi o4daJ\9mdyl{4 d{d{ {b{m d{ cimci o4da44
urum1249	iSli4Mx to4pax a5dMx {ci4Mx ka4to5 a4pa iS c9m{k ede4Mm babama in{kmin{gMn{n iStem jaSi4Mx	iSli4Mx bu to4paxa5dMx {ci4Mx c4to5 a4piS c9m{k edi4im babama in{ min{J\en{n iSt{ ej{ jaSi4Mx
urum1249	so4a sabax 9zJ\{ janMndan g4etsia dan J\{li4l{r\_r 4as:iadan cip4dan cimci ne4d{ var\_r J\{le4l{r\_r mum jaxer\_r	su4a sabauJ\z{jannan J\4eadanJ\{lill{4 4asiadan cipM4d{n cimcine4n{ va4 J\{lill{4 mumjox
urum1249	uSaxlar\_r itS{4d{ adZla4Mndan aGlir\_r	uSaxla4 itS{4d{ adZMla4Mndanali4
urum1249	c9vd{n oci baxien b9jyk daGlar\_r J\94ynier\_r	c9vd{4{cibaxim b9ykudaGla4 J\94y4nii4
urum1249	Sei edi4Mx iSli4Mx onnan	Seedi4Mx Sli4Mx onnat
urum1249	bi4{z tS{tMnMdi d9J\ySt{n so4aidi o	bi4{4tS{tMndid9J\ist{n so4aidio
urum1249	ot:uz el o5di	ouzeloldi444
urum1249	etMm jaSie4di fMxa4aidi	jetimjaS e4di fMxa4alideduSkam
urum1249	otu4e4l{r\_r cis:{d{ me4iamanMn cis:{sMnd{ sabaGatSen	otu4e4la4 cis{d{ me4manMncis{sMnd{ sabaGatSen
urum1249	pMxa4MmMz var\_r adi Sei sojux pMxa4dMr\_r	dadZebMxa4MmMzva4 adiSe sojux buxa4dM4
urum1249	biz {p u4ustSa oxudux 4as:iada tSoGi Gu4tu5di	atak biz {p 4utSaoxudux 4asadatSoGiGu4tundi
urum1249	biz me4iamanamMzi ci edi4Mx {4v{nlid{n u4umlar\_r J\{lir\_r 9l{nkt{n u4umlar\_r J\{lir\_r ed:icis:{d{n J\{li4l{r\_r t{kcis{d{n J\{li4l{r\_r dZMzGa4istan J\{li4l{r\_r tza5gadan J\{li4l{r\_r tiflisd{n J\{li4l{r\_r g4etsiadan J\{li4l{r\_r uSaxlar\_r maSina5a4Mnan J\{lir\_r ci me4iamanai ed{x	biz mi4mnmi edi4Mx {4v{nn{d{ u4umla4 J\{li4 9l{nt{n 4umla4J\li4ei{d{nJ\{lil{4 t{cist{d{nJ\{lil{4 nJ\{lil{4 dalGadanJ\{li4l{4 tivlizd{nJ\{li4l{4J\4esad{nJ\{il{4 uSaxla4 maSMnala4Mnan J\{li4{x
urum1249	so4a o5dum b{n	su4aGoldum b{n
urum1249	Sindi b{n tSoG axlMmda d{gM5 onutSun ci tSoG el:ar\_r J\etSti b{n J\et:Mm	Sinik b{ntSox axlMmda d{J\MlontSuncitSox jMlla4 J\eSdi b{nJ\ettMm
urum1249	onna4Mn iStMr\_r o J\yni bizMm iSl{m{x joxtur\_r	onna4Mn iStM4 oJ\yni bizMm iSl{m{x joxdu44
urum1249	var\_r J\idi4l{r\_r g4etsiadan J\e4i J\{li4l{r\_r so4a t{z{d{n J\idi4l{r\_r {ci4l{r\_r bitSi4l{r\_r	va4dJ\idill{4J\4esadan J\e4iJ\{ll{4{nJ\idill{4 {cill{4 bitSil{4
urum1249	d{d{mMn babasMnMn adi spi4idonudi o4danda Ga5di Goidu5ar\_r b{nMm adMmi spi4idon	naci d{d{mMnbabaMdpi4idonudi o4danda Galdi Gojdula4b{nadamipi4ido
urum1249	xa5x iSlie4dM5{r\_r iSl{4i va4Mdi {4bi4iS va4Mdi	xalx iSlie4dMn{4 iSl{4i va4MdM{4bi4iS va4Mdi
urum1249	Sindi bu c9v {p 4ajona J\94s{dir\_r	Sindi buc9v {bsax4ajona J\94s{di4 clasupe4im{M
urum1249	J\{ldM5{r\_r ytS J\yn du4du5ar\_r cimMnMn {vi var\_r cimMnMn iSte xMsMmi var\_r me4iamanai J\yz{l et:M5ar\_r sabaGMsi cimi ici J\yn J\et:M5ar\_r J\e4i	J\{ld{l{4 ici ytSJ\yn du4dula4 cim{n{n{bi va4cim{n{n iSte xsemi va4 me4jamanJ\yz{la mitSetd{l{4 sabaGMscimi ici J\yndu4diJ\ett{l{4 J\e4i
urum1249	iSte bunnar\_r J\{lmi4l{r\_r bunnar\_r musu5mandM4l ar\_r jaxMn J\{lmi4l{r\_r	bua4 J\{lbill{4bna4mMz su4mandM4la4 jaxMnJ\{lmill{4
urum1249	baSladM5ar\_r japmaja to4paxtan japM5ar\_r so4am baSladM5ar\_r tSytSyk tSytSyk japM5ar\_r japmaja jaSamaja	baSladMla4 japma to4paxtan japMla4 so4amdaaza4 aza4 baSladMla4tSutSutSuuk japMla4 japma jaSama
urum1249	tSoG faxM4MdM5ar\_r	tSox vaxe4ed{la444444
urum1249	J\i4dM5{r\_r {pt{ ko5xoza	nu cantSekantsuJ\i4d{l{44{bd{colxuza
urum1249	tanMSlandM5ar\_r iStem jaSie4dM5ar\_r	danMSlandMla4 iStej{Se4dil{4
urum1249	J\yz{l c9vdyr\_r	otSi e byz{lc9vdu4
urum1249	so4a javaS javaS dyz{ldM5{r\_r xa5x bi4bi4l{4Mni tanMdi	4a javaSvaS dyz{ld{l{4 xaudZe bibi4l{4nitanadi
urum1249	c9vyn adMni d{gMStM4dM5ar\_r dZinisMdi et:M5{r\_r a4tsivani	c9vynadMnid{J\MStM4d{l{4dZinis{dyetd{l{4 a4ivani
urum1249	t{z{d{n jaSiamie4dM5{r\_r bu4da onutSun ci tSoG sojuGudi	t{z{d{njaSj{me4dil{4 bu4daotSumitSox sojuGudi
urum1249	onutSun J\et:M5{r\_r tsa5kaja	onutSyn J\etil{4zalJ\ajan
urum1249	9vl{d{n so4a b9J\yn d{gM5 me4iamana sabaxtan 9vl{d{n so4a eGM5ie4Mx J\idie4Mx cis:{ja	9vl{d{nso4a b9J\ynd{J\ilme4jamana sabaxtM4  9vl{d{nso4a jMGMlj4Mx J\ide4Mx cis{j{
urum1249	Guz{l otu4i4Mx Gu4banMmMzi i4Mx duva5i4Mx so4ada baSli4Mx oinamaja bi4d{ axSamatSan sat iciatSan	J\yz{ltu4i4Mx Gu4banMmMzMji4Mx duvali4Mxada b{Sdi4Mx ojnamajabi4d{ axSamaatSan sa onicatSa
urum1249	bunnar\_r axSamdan toplane4l{r\_r cis:{nMn ystynd{	bunna4axSamdan toplani4la4 cis{nin ystynd{d
urum1249	dZa5 oGlanMdi bi4{z ci jaSadis{ {vl{ndi bu4da	dZajal oGlanMdi bi4{sci ja4SadM tsa {vl{ndi bu4da
urum1249	J\y4dZystana J\{ldM5{r\_r o4dada baSladM5ar\_r jaSamax	J\y4duftan{J\{ldil{4 o4dada baSla4la4 jaSamax
vera1241	kumrum ?awin ni?ik wO kumru mE ?O?OGO asEne_r	kurum ?awin ni?ik wa kurum mE ?O ?OGO asEnO
vera1241	Ov e_rn kpE?E wOk Gin e_rn ro_rro_r	?O Ove_rnkpE?E wOkinEn ruro_r??
vera1241	Go_rnduo_r mE mul kEl kpiri le_rn kalraka nduk ?e_rkpEl	Nundu vE mul kElkpiri ndEn kalaka nduk ?e_rkkpe_rl
vera1241	su ro_rw le_rn ne_rn me_r?e_rrsa ane_r	suruwule_rn nEn mi?ir sane_r
vera1241	?ul kamanduo_r mE vus wal nik sa kpiri	?ul kamandu mE vuswal niksak mbe_rre_r
vera1241	van van vavavan sar	vaGan van va van sar aaa
vera1241	mba si GitaG nik mE mas ?e_rn Go_rr EntEG e_rn ni?i ?isim	va?asiGitaG niwe_r mas ?e_rn GurEn tEGin ni?i ?isim
vera1241	ndo_rl mE	ndo_rl mE lalaka nnn
vera1241	kpO? ndim mulo_r ndi wO mbulsal nOk mul ?Ekpe_rl	mO ti mulO? ndiOk mbul sal nOk mule_rkve_rl
vera1241	ndim nduruG kElkEl E tumErEn van asEne_r vanvan wO E raGa no_rGik	im nduruG ke_rlke_rlE tOme_rrEn vanasEne_rva ndan wErGanOwiG
vera1241	ndi Ga mOrOs nE so_rk kEl san nak mu nE kpO? e_r	amOrs nE sO ke_rlsan nak mu nEkpO?e_r
vera1241	mba ne_rn mar ?ama? e_r nE lama?i sO O kpiri ndir mE mi?ir lik le_rn kpaNris	wanE mar ama?e_rn nE la ma?iv sO?O vire_rndiis me_r mi?ir lik le_rn kpaN ris
vera1241	OtE mun E ni?i rENE ane_r nE ma	OtEmunE niirE Naani nE ma
vera1241	mOmOm kpe_r? suw e_rn mbOrE	mOmam kpEswEn mbOre_r
vera1241	ndiro_rl van kpe_rl suwe_r ndiro_rlm mi?ir mi?ir vavan ndiN e_rn ma?ava	durOl van kpul suwunduro_rl mi?ir mi?ir vavan ndiNEn ma?ava
vera1241	taEm ndurum ?e_rn ?ase_rne_r nduruo_r Ga mOrOs wal sO	taEm ndurum ?e_rn ?ase_rnEnduruG amurO suwal sOrn
vera1241	wO nduruk ndiN kEl ro_rw e_rn Gambe_rre_rlO	wO ndurul nduruk ndiNGe_rl ro_rwe_rn Game_rre_rlO
vera1241	nikE ndar Go_rr si nOm tEk me_r nike_r sO nduk mul kEl nduk mulo_r	nikE ndarGurl si nOm te_rk me_rnikE sO nduk mulkEl ndukmul
vera1241	m ?o_rGO vavan ndiN e_rn maso_rGi ame_rn nd inE lEn ni?iGi	nnuGOvan ndiNe_rn maso_rGe_r ?ame_rndine_rn lEn ni?iki
vera1241	ndirE man kalo_rn ?a?ar	ndirman kalo_r na?ar
vera1241	le_rn ma?av wal va?i ne_r E kpO? ndirE man ?e_rkpe_rl	ma?aval vai nEkpO ndirEn man ?e_rkve_rl
vera1241	Ge_rndo_rl siN e_rn ?ama?	nindo_rl siNEn ?ama
vera1241	ndim Es siviE wO siviE ndim kEl ma ndiN rEksE	dim me_r sivE wO sivE ndim ke_rlma mndiN rEksE
vera1241	sO e_rn amaruo_r nE te_rk sO	suwEn ?amaru nE te_rksOrs
vera1241	van suw ?asEne_r E mbambarak kasEm mba nduru kasEm rOs E wO E raGak mbOrsa nduru nduruk rara	?ansuase_r ne_rErGakE mbambara kase_rm mba nduruk kase_rm rOOse_r wOrak mbOr sa nduru ndurukk rara
vera1241	nduruk van wale_r ?a vatOv e_r	nduruk van Gwala vatOve_r
vera1241	ale_r sO	anlEsa
vera1241	kamam mul lik ?i a viE	ke_rmam mo_rl liki aviE
vera1241	E nO e_r nE te_rk nE ?aram me_rn ?uwaNme_rrE sO	anOEatik nE arame_rn ?uGaN me_rrE sO
vera1241	kpe_r? e_rk si su kEl ma a ke_rne_r	mEkp si sukil maa ke_rnE
vera1241	n nEr nE mbambarava	nEr nEmba mbarava
vera1241	ndim ?e_rv e_rn ?Ere_r ndundu vanda	nim ?e_rve_rn ?Ere_r ndunduvanda
vera1241	se_rne_r maranaGam kEl ndEn sare_r ndim	sine_r mara naGam ?awutkil le_rn sare_rnde_rv
vera1241	nde_rro_rl ndiN e_rn ?o_rno_r mimi?ir ane_rn	ndurOl ndiNEn ?OnO mi?iranEn ?
vera1241	van ro_rw ?alO re_rv sur e_rn nak susuo_r nduruk van	anduruGal lO re_rvsur naG suso_r nduruvan
vera1241	Ga ir le_rn me_r?e_rrsa	a?ir le_rn mi?isaala mi?irsa
vera1241	ale_r nduruk suo_r	?ale_r nduruk so_r
vera1241	kumruo_r ?Ovi?i vanvan	umurOvi van van
vera1241	?ama? sO kamandu mE vus wal nikE sa kpiri	?ama sO kamandu mE vuswal niNkisakkpe_rrEe_r
vera1241	susuo_r wuva ro_rw ma a sErEwan ane_r si ro_rw ma le_rn e_rn me_r?e_rrsa a rEv ane_r	nsusuur varumas sErEwan ane_r sir umas le_rEn mi??ir sa rEv ane_r
vera1241	kur e_rn Ere_r ?aNsara vavavan nE kpe_r van kur e_rn to_rO kur e_rn kpo_r kur e_rn mbuluk ndim kur vavavan kpe_r	kurEn ?ErE ?aNsara va vanEkpe_r van kurEn tuO kurEnkpo_r kurEn mbuluk ndiN kuru va vankpe_r
vera1241	wO nikE lEn GOk e_rn va?al ?aGe_rne_r nikE nOs mbiriN nO	wOnikE lOn GOkkEndva?alaG EnikE nOs mkpiriN nOrrrr
vera1241	O E raGa ane_r GitaG Eke_rGe_rn	raGane_rGitaG GEkke_rkie_rn
vera1241	wOs e_rn Nar ane_r ndir?o_rl ndan wiG	wOse_r Nara ?Enduru?Ol ndan wiG
vera1241	si kumru wOm wo_rl nO wo_rl me_r nOn raw Ga ito_rk ale_r nduruk	siGuruGOmwOl nO GwOl minOn raw ?atOk ?alEEnnduruk
vera1241	mba ndurus vanvan ?o_r ?i ane_r ?o_rn so_rm so_rm ?amiGinde_r	mvandu sOn vanduG anE ?On sOm sOm amiGinde_r
vera1241	raGa no_rGik ?isiwe_r	raGa no_rGi Gisiwe_rl
vera1241	kamam mi?ir sa Ge_rne_r le_rn wiO	kamam mi?ir saGE ne_rle_rn mvujO
vera1241	E nd inE van ma an wo_rkpa?aG vo_rwal ?Ese_rGe_rn	e_rndi nEvan man wo_rkpa?aGi vuwa lEse_rGe_rn
vera1241	O nikE E kpO? kpO? nE van lu ma ?a ve_rE	kpOn nikavus?akpOr nEkpO nE vanduma avie_r
vera1241	kamam mi?ir sa le_rn ?o_rno_r mimi?ir no_rmam ane_r	kEmam miGirsalOr nOnO mir nOman mane_r
vera1241	ndim ?aN ve_r?e_rn e_rn e_rn vanda ane_r?e_rn	ndim ?aN mvi?e_rn nnEn vandane_rn
vera1241	?aNsara ane_r te_rk me_rn E ndo_rl E ndo_rlm liEs e_rn	n?aN sarane_r te_rk me_rn?E ndo_rl E ndOl mbiliase_rn
vera1241	anEi nd inE rara nd inE awaw sO awO E ruwa vanvanNOk kumru ?Ovi?i nda maGarsin	danE ndinE rar randinE awaw sO?Okwruwave_rn van NO kurOvin ndam Garsin
vera1241	man kallu ndEn e_rn wiO ndir man ?e_rkpe_rl Nmas vEr?o_rG ?i le_rn lo_rlo_r iNme_r	man kal vu ndE ne_rNwe_rnde_rram ne_rkpe_rl mas vEr ?o_rGile_rm ndulOime_r
vera1241	E nduruk kalrakak van	Enduru kalakak va?an
vera1241	mba E kpO? e_r van rOs	ba?e_rkpOi van ro_rs
vera1241	?avalGim e_r lama?i rOs sOn ?amam NmEs kEl kiviE	?av?al Nim a?e_rlEmairo_rsOn ?ammam mEske_rl kirGi
vera1241	ndirEm ssu kal ?a ruo_r	nde_rre_rm sukalaaruwo_rr
vera1241	mba kumru Ga lama?in vOnOk akpit akpit akpit	mbak muro_r alamae_rn vOnOk akkpit ?akvt akvit
vera1241	nikE so_rk siEr lik e_rn o_rno_r mimi?ir no_rm nikE mi?ir	nikEsOk sEr likEn ?OnO mi mi?ir nOm nikE mi?irnn
vera1241	kumruo_r wOm ?o_rG ?i we_rndiNGo_rr nik Ga luwO nik mE ?e_rn Go_rr ?EntEG sa E mbo_rar	NuruwOm ?OG ?i? we_rndiNGur nikka luwO nik be_r?e_rn wo_rrEn tEG sa E mbuarre_r
vera1241	sO ?e_rris ?e_rne_r? wOm nd isiviE nik mak re_rv lun kOm va?ane_r	so_rGe_rr sisi?ine_r wOv nde_rG sivE nivakire_rv lum kOm va?an ni
vera1241	ndim ndiN kEl ma me_rn EraGa so_rso_rGo_rGi ?EraGa nini?iGi le_rn vunuo_r a le_rn mEriG	ndimndiN kElma mE nErEGa suNuGirre_rGa nini?iGi le_rn mvunwa le_rn mirik
vera1241	sO ndi ?e_rn?e_rn ?EntEG rOs sir kamanduo_r kamanduo_r GEnGEn EntEG rOs	sOa ndi?e_rn ?nEndEGe_rro_r sir kEmando_rkando_rGEn Nan tEG ro_rs
vera1241	kalrak Nmo_r kalrak Nmo_r	kal rak mO kal rak mO
vera1241	mbinikm tiktik ndEn	mbinik tik tik ndEn
vera1241	nE EsmbOn nE ndam rEk ma nE ?ire_r rEk	nE vEsbOn nE ndam rEk ma ne_r ?irire_rk
vera1241	mi?ir va?ane_r	me_r?ir vane_r
vera1241	aNsara ane_r?e_r ndim van van kal ?as van sar akp i Ese_rne_rm vavan rEvrEv ndire_rm lik e_rn GEnGEn le_rn ma?ava ndire_rm GEnGEn vavanvan ro_rv?E man rEvrEv ndire_rk ndan laklaka	?aN saran ?e_rndi mvan mvan kal ?as van sarm ?aku ?isEne_rm ?e_rn ?avan rEv rEv ndirEv ndilikkEn GEn GEn le_rn ma?ava ndirE mGn kEn van rOv ?Eman rEv rEv ndire_rk ndan lak laka
vera1241	wOk Ov e_rn GiE	uwOkOve_rn GiE
vera1241	e_r nd inE kal mba ke_rl sar ma ane_r nE ?aN kpal san	ne_rndi nE kal mba ke_rl sar mane_r nE ?aNval san
vera1241	?anti mun E ?e_ri	nEnnEn aantiminE ?i?
vera1241	sO wak ndEn ane_r wO nan ?ama?	suwak ndEn ?ane_r wOnan ?aman
vera1241	ndi nE kalu va?ane_r ndirEm Es rak saG e_rn laklaka laklaka rEksE wunvan laklak mu ?ama?	nkinE kalu va?ane_r ndirEm mE srak saGe_rn lak laka lak lak?arEk sEn vun va?an rEs re_rs ndOG Nar GErEn lak lak mo_r?ama
vera1241	nduru mE mas van	ndurumE mas van dv
vera1241	?En rENE ane_r vO me_r nduruo_r	?e_rGEnrEGane_r?EvOm minduruwO
vera1241	sava nik mE nda	savan nik me_rnda
vera1241	ale_rn ?uwaNme_rrE nE te_rk me_rn ?isiNme_rrE sO On ?isiNme_rrE mE nE mE wan mOm e_rn GiE ?ale_r	alEn ?uwamErE nE?te_rk me_rn ?isimErE sO?On ?isiwErEmE mE wan mO me_rnGi ?ale_rnl
vera1241	ndi nE te_rk me_rn mE? nE te_rk me_rn ?aNsara e_r sO nikE vindir kal va?ane_r nikE van kal EnEi E raGa ndire_rm nda GEnGEn sir nike_r ?ale_rn kpo_rN ve_rlime_r saGe_r	ni nEte_rk me_rn mE? nEte_rk me_rn ?aN sara?e_r sO? nikE vindir kal va?ane_r? nikE van kal ?EnErEGan ndilEndaGEn GEn sir nikE?al kpo_rN ve_rlimE saGe_r
vera1241	vaGa kamak van kElkEl si kamak van le_rn ?ar ?e_rkpe_r sik van ?a viE sEne_r kamak van ma nikE e_rn ?OG ?i le_rn lo_rlo_r vunuo_r	vaGE kamaNvan ke_rlke_rl sik?aNval le_rn ?ar e_rkve_r sikvan ?E viEsEne_r kaaNvan manikEni?OGile_rs nul luvunu
vera1241	nE kpo_rN ma nd inE mi?ir va?aGe_rn	nEkpo_rN ma ndinE mi?irsavin n
vera1241	are_r vindir an nEr ?are_r rEm	?are_r vindir an nEr ?are_rrEv
vera1241	ro_rvro_rv?E nE rEvrEv ndanda GOrun GEnGEn ndirEk ?o_rG vavavan ndanda GOrun GEnGEn ro_rv?En rEvrEv	e_rrGruv ?EnErEvrEv nEndaGkurvke_rn GEndru ndirik ?OOGO ndEndaGrwGe_rnE nduruvEn nrEvrEv
vera1241	ne_rn kpo_rN nE vo_r?o_rl va?aGe_rn	nEn mbo_rN nEvO?Ol va?aGir
vera1241	nikE ?E se_r nO nO E kpO? ?EnEi ?EraGa ?i?isik Ge_rn wOn Gunuk Ge_rn	nikEse_rn nOn nO?e_rkpO? Ene_r rakan ?i?isike_rn wOn ?uno_rke_rn
vera1241	?isiNme_rrE ne_r ke_rke_r kal sEGEne_r	?isimErE nEnE ke_rke_r kal sEGe_rne_r
vera1241	luluwO m luwo_rm luwo_rm luwo_r E kpO? mas Gavra ndiN Nmas ?avalGi	luluGwO luGwOm nluwOm luwO EkpOmasGa ve_rran ndiNmas ?avalGi
vera1241	mba ndi maso_rGi ndim ?e_rn siEr sO mE? ndim nda ?EsEne_r ndim NmalrOw ndEn ndi nE rara	nantis ma sOGitim ?EnsEr sO mE? ndim nda?EsEnE ntim mal rOG ndE ndinE rara
vera1241	?ale_r nde_rro_rlk suo_r va?ane_r	alEEnduro_rl ksuwO va?nE
vera1241	sO nO mE saG rEN ke_rGe_rn mbak	dO nO me_r saG rEn kiGe_rn vak
vera1241	sava nOm Ge_rnde_r mE nO mE nda ?EnEi	nsava nOm inde_rme_rn nOme_r nda?e_rnE
vera1241	se_rr tiktik ndiE ?ase_rG e_rn ?irmbe_rGi ndan ndaraGi nE vriG valakra le_rn lo_rlo_r niNm ane_r vavavan vriG ndiN wal man Nme_r?e_rNme_r	se_rre_r tik tik ndiE Gase_rGEn ?ir mbe_rGi ndan ndaraGine_r vriG vOlakranlo_r ne_rmane_r vavan viri ndiN ma lOl me_r?ime_r
vera1241	E ndi nE ?ar Go_rr sO	indine_r ?arGur risO
vera1241	nE ma?av ma	nE ma?av maa
vera1241	ndire_rm van van le_rn lavEt ?ane_r	sndire_rm mvan van le_rn lave_rtane_r
vera1241	nO Ga mOrOs nOk e_rn kaka aGe_rne_r me_rn EraGa Nme_rrNme_rrE rEksO ndir mE ro_rN e_rn kaka ane_r si ndir mE vaso_rGo_r maNasa nO lama?i rOs	nOwONuro_rs nOk nde_rdike_rite_r mEn kakaGe_rne_r? minE rEka mirme_rrE rEks vE ndir mE ro_rNe_rn kakane_r sin ndir me_r vasuGo_r maNasa e_rlO ma?e_rro_rs
vera1241	nE van kpe_rl suwO nE lEn GE Ew?i me_rnde_rr nE mbur Go_rr	nEvan kpul suwo_r nE lEn GEw ?ime_rnde_rr nE mburwo_rr
vera1241	varamba nE vo_rruo_r ?ale_r ?OGO ?OGO vavavan	varam banE vuru ale_r d?OGO ?OGOvavan
vera1241	?Ei ulul e_rn Ere_r nini?iGi an sO mbam nda siviE sEGe_rne_r	?e_r Gurul ?Ere_r niGanO sO mbam ndasivEsEGine_r
vera1241	nE van ro_rw ma ane_r	nEvan ruN maane_r
vera1241	sire_r nO mE ma? mba si nOm ma? ?amamruo_r ndim lEG kEl e_rn rENE Ga itOk rEksO E nO	sire_r nO mE ma? mba si nOm ma? ?am?amuru ndim lEw ke_rle_rn nrENEGaito_rk re_rk sOe_r nO
vera1241	O kandum vanvan ?i mban	?O kandu van van ?imban
vera1241	nduruk ?aN ve_r?e_r lik e_rn ndundu vanda vo_rwal ?ilik nE van ane_r nE Es lik e_rn ?aNndo_rGi	nduruk ?aN ve_r?e_r likEn ndunduva ndavuwal ?ilik nEvan ?ane_r EEsilike_rn ?aN ndOGin
vera1241	ndi nE ndiN e_rn liE nE vo_rwal ane_rn	dinE ndiNEn le_r?EnEvuwal ane_rnn
vera1241	a rEv si nik van ndiN a rEv nikE e_rn e_rn skul luwO sOGi ne_r mbe_rnE ?a rEv sa ne_r n vOnO nE kpO?	?arEv sinik van niNarEv nik?Enin skul lo_rvO sOw nin mbe_rnE ?arEv sanne_rvOn NOnEkpO?
vera1241	ndir?o_rl van ane_r	drOlvan ane_rnnn
vera1241	kpO? mbiriN EraGa ?i?isiGi	bO? mbiri nErEGa i?isiGi
vera1241	ndaraGa Ga ul le_rn te_rkte_rk ?a vEra?a Ga ul sOn ndaraG tOwla	ndaraG ?EGawul le_rn te_rk te_rk ?aviraGawul sOn ndaraw to_rwulan
vera1241	sO E ndirk kal sar le_rn ndirk kal ndiN sar le_rn Ne_rre_r o_rn	nre_rwEndir kal sar le_rn di kal ndiN sar le_rn Nire_rwOr
vera1241	ndire_rm ndire_rk van ndire_r sOk suo_r kpElEN ndEn e_rn ne_rn ?ama? kurkur ndirEk suo_r le_rn ni?i vunuo_r nE vo_rwal ne_r	nre_rmnde_rre_rG van nde_rre_r sOk suOkvEle_rN ndE nEn nEn ?amakurkur ndire_rk suOliEn ni?ivu nwOnOmvuwal ne_r
vera1241	E nduruk nda Go_rr e_rn ?ili to_rO ane_r	ne_rnduruk ndawOrEn ?ilitOane_r
vera1241	n ve_rve_rruo_r Garakpa ane_r n mOvuGi Ga Ga mo_rno_r valakra	nvive_rruwa karakkpa?ne_rn ma vuGi Ga kamunu valak ra
vera1241	rara ?aGe_rne_r sis sursur e_rn nEs ?aGe_rne_r rEksO E kpO? e_r	naraGe_rne_r sisur sur e_rn nE saGe_rne_r rEkpsOe_rkpO?e_r
vera1241	ndurum ?OGO ?OGO vaavan	ndurum O OGe_rvavan
vera1241	var tislaN sa le_rn ndaran E GunuGi e_r	var tis laN sale_r ndaranE GunuGi
vera1241	ndurum ?OG?OGO	ndurum ??OGO
vera1241	nd inE ma?	NindinE ma
vera1241	O Ga itOk kimi mE mi?ir sa ke_rne_r	OitOk kini mi?e_rr sakEnEn
vera1241	kpE nde_rro_rlk o_rn sursur va?ane_r	nEndurOl ko_rn sursur va?ane_r
vera1241	?O kamandu nEi	O kama ndunE
vera1241	?ale_r nde_rro_rlk re_rv kal e_rn nak susuo_r va?ane_r	ale_rndurOl kre_rvkale_rn nak susuOva?ani
vera1241	nde_rk Gal ndiE nde_rk van le_rn sisindiN	dikGal ndiE nde_rk van mle_rn susindiN
vera1241	kpo_rN nE vo_rwal ?ama? kurkur	kpo_rN nOvuwal ?amakurkur
vera1241	?Ere_r ?ama? an vuluGi nE tEk sO nikE ro_rNro_rN ?EntEG e_rne_rn mEn ne_r n laN nE ?o_r man nElNOGi	?Ere_r ?ama?an vule_r ndiksO nikiro_rGurO Ne_rn tE? nde_rn mEn ne_rn laN nEmanEl NOwilr
vera1241	?ale_r kpe_r ndirEk nd inE ?aN kal saG le_rn kpo_rto_r nd inE lE kpe_rl man kpi?i ?ama? nd inE ?e_rn	ale_rkpe_r ndrE ndinE ?aNkal sale_rn kpo_rtO ndinE lEve_rl manbi?i?aNna ndinE?e_rn
vera1241	ndim sur kpE? sEne_r nd inE e_rkpe_rl kEl	dim surukvEsEnE ndinE ?e_rve_rlke_rl
vera1241	nd inE mul ndEn	ndinE mul ndEn d
vera1241	?amaGi ane_r nE ma	?En?amaGi ?ane_r nEma
vera1241	tumErEn nE vus nE van an sav ne_rn ?imbie_r luwO sEne_r	ntO me_rrE nEvus nEvanansav nEn?imkpiin luwOsE?nE
vera1241	sO O GitaG sO kamandu mE vus ma? wal nikE sa e_rne_r	sOGita sOk ka?andu mE vusmawal ne_rGe_rsa ?EnEi
vera1241	nOk van an nO sOksOk siEr rOs ndirE	nOkvanan Gu nnOso_rksuksErOs ndire_r
vera1241	ndi Ga ?OG?OG wuva wal le_rn lo_rlo_r vunu mban nak muGi ?ane_rm nda mbe_rn siviEn nak ane_rm ?ar asEne_r m kalu ma le_rn me_r?e_rrsas saG ?i ane_r	ndikaw ?o_rvawale_rN lOvun mba nak muGae_rm dakpe_rn sive_rn nakane_rm ?arasine_r nkalumale_rn miGe_rsa sake_rane_r
vera1241	si wO nik wOm marmar e_rn ni?im wO ndi mE lEG ?o_rn ?ama	siuwEnukO mar mare_rn ni?e_rw wOndi me_rlEk ?o_rn ?amaG
vera1241	?Eke_r man miliGliGe_r	Eke_rman miliGliGe_r
vera1241	so_rw e_rn ?uwaNme_rrE sO	so_rwe_rn ?uwaN me_rre_rsO
vera1241	si nikEm lEG kEl wO ndi mE kur nikE mbiriN e_rn n Gunum Ga Garakpa lik ane_r	sinikEm lEGke_rl wO ndi mE kur nikE mbiriNNe_rn Gunum GE Garak van likane_r
vera1241	ndirEk van ?a ro_ru	dre_rk vanaruwo_r e_r
vera1241	mba wunva san rENE a nde_rm vus e_rn ni?iGi sa nE vo_rruo_r ane_r n varamba	vanvasan nre_rNae_rnde_rm vuse_rn nikisanE vuro_r?ane_rnvaramba
vera1241	kpe_r? nduruk lisEG sir	wEnruk lisEG sir sOO
vera1241	niks ?OG ?i ?ane_r nE GitaG kOm	nik su?OGEane_rn nEGita kOm
vera1241	ndurus o_rn i nduru Ga ro_rN i san ?Ere_r Nmo_rNmo_rle_rGE a ndirEs ndanda ane_r	nduru sOni nduru ?arON ?isan ?e_rre_rNme_rle_rGa ndire_rs nEndaane_r
vera1241	ndirm ?e_rkpe_rl ?e_rkpe_rl ?e_rkpe_rl ?e_rkpe_rl	ndilm ?EkpEl ?EkEl ?Ekpl ?EkpEl
vera1241	ndi nE ndiN lik e_rn liE nE vo_rwal ?ane_re_rn	rninE ndiN like_rn liEnE vuwalane_rn
vera1241	kpE?i nOk van nOk ?EnO ?e_rn ndire_r	kEnOkvanOkkE?e_rn?O ?indire_r
vera1241	nE mi?ir	nE mi?ir
vera1241	kumru E se_r mE wan mOk e_rn GiE	kumurO Ese_rmEwan mOkEnGE
vera1241	liE nE wak	nlie_rnE wakk
vera1241	nduruk kalaka	nduruk kalaka
vera1241	nd inE aw vo_rwal nE kar	ndinEhauvuwal nEkara
vera1241	ndurum susuo_r susuo_r susuo_r vavan nduruk suo_r kal sar ro_rN	drum su suO swO vavan ndruk suGal saro_rN
vera1241	nE van nEn vunu nE vo_rwal ma?ava	ne_rvan ni?nEn vununOwal ma?ava
vera1241	nduruk o_rn wal ?i ke_rne_r e_r kpe_r	waN nduruk ?On wan ?ike_rne_rkpe_r
vera1241	ale_r nd inE van ro_rvro_rv?E ma sa ?uwaNme_rrE nE van ro_rvro_rv?E ma E ndo_rl va?ane_r ale_r nd inE ?aN suw sa an wo_rmbin muGi ane_r	an le_rndinE vanduGrEv ?EmbasaiskpuG aN mErE nE vanduGrOv ?E maEndo_rl va?ne_r?an ndinE ?aN susan Go_rmbin me_rGane_r
vera1241	van le_rn ma?ava nE vo_rwal ?uwaNme_rrE nE tEk me_rn ?isiNme_rrE sO	man le_rn ma?avanE vuwaN ?uwaN mErE ne_rte_rk me_rn ?isiN mErE sO?
vera1241	rEm lik rEm saG nE sur lik e_rn nEs	rEm lik rEm sa? nE surilike_rr nEsnn
vera1241	sO Ga itOk	sOGaituk
vera1241	ndim viriG sar	kiviriG sar
vera1241	ndirk susu sar ma sOk ?e_rn?e_rn ?EntEG sir sO n ?irro_rr	nde_rr susu sarma sOk ke_rnEnEn tEGse_rr On ?irOl
vera1241	wOrukprukp ?ale_rn niNme_r	vOrukuruvale_r niNe_r
vera1241	nde_rro_rl suo_r suk suo_r ndiN man n OEn nE vo_rwal	indurul su suk sundiN man mkpOe_r nEvuwalu
vera1241	le_rn ma?av wal vai nd inE rOw lu	e_rnma ?avwalva?indinE rOGluma
vera1241	ale_r nde_rro_rlk suo_r suo_r suo_r ndiN man n GE Ew?i	ale_rnduro_rlksuO suO ssuO sundiN man NGEw ?i
vera1241	itOk nOk mulo_r	dOk nOk mulO
vera1241	kpo_rN nE vo_rwal E ruwa me_r Gunuruo_r	bON nEvuwalErwame_rGun nuro_r
vera1241	wak e_rn me_r?e_rme_r	wake_rn me_re_r me_r
vera1241	ndirk ro_rw lu ma ndEn le_rn vunuo_r ndirk ?e_rn E kpOs ?OG ?i	ndirkrOw lumandEn le_rn vunO NGire_rk ?EnEva s?Or?irr
vera1241	ndurum ?awis ni?iGi E mbam ?ir mbe_rnE sa nEi ?ir mbe_rnE sa sO	nrum ?awis ni?iGi nEmbam ?iG mbe_rnEsa nE ?iG mbEnEsa sO
vera1241	?OGOn ?Eke_rm kpo_rN wo_rmarawrawm kEl ma	?OwO?n ?Eke_rmbON wOmara wurawONke_rlma
vera1241	nOk ro_rN i sOn kpOrOtOt E OtE nE sursur e_rn nEs	nOG ro_rNisOnkpo_rruto_r tEGOtE nE sur sur E nEs
vera1241	sO O mba itOk nO mE rEm lisir kimi	saO bavitOk nO me_r rEm ndise_rr ke_rmi
vera1241	ne_r te_rkte_rk mun E kpO? ne_r	ne_rte_rkte_rk me_rne_rkpOn
vera1241	?isiNme_rrE sO Ga	isiN mEr svatukp
vera1241	nikE van kal le_rn Ne_rre_r?ie_r	nikEvan ka le_r Ne_rre_r ?iE
vera1241	ndirm ?aN ve_r?e_r nEi ndir ndir man mul ndEn ?a rEv ndirm mul ma a sisiOl	nirm?aN ve_r nE ndir man ndir almul ndEna rEv ndirmul ma sisio_rl
vera1241	E ruwa NmalNmala ?ane_r sO	e_rr wamElmElaane_rsOE
vera1241	va n mE? m van sar van sar van sar m van sar le_rn le_rn kpil ane_r?e_r m kal mba? ?EntEG sar	va mE? mva?ansar vansar vansar vansar lEn lEn kpilaG ne_r?E kal mba? ?En tEksar
vera1241	?ale_r ndurum inin vavan ane_r	malEndruminin vOvananE
vera1241	ndim ?O?OGOm GEnGEn kpe_r? le_rn lo_rlo_r iNme_r?	im ?OGam GEnGEn kpe_rlEn lOlOiNme_r?
vera1241	E nd inE kEl ma tumErEn ne_r	nEndinE kEl Na tOme_rrEnne_r
vera1241	ndir Ga ?o_rG sa ke_rne_r	irka ?o_rG sake_rne_r
vera1241	nOk ro_rN e_r nduru sas ululo_r ane_r	nOkruNe_rnduru sa sululo_r ?ane_r
vera1241	maso_rGi ndim saGsaG ane_r mba ndi nE susur lik e_rn akle_r ndundu wOkpE?EnGE nE nda sO rEksEn no_rGin nE siGil ndi mbe_rnE	nEnmas sO Gitim saGsakan ?e_rmbandinE susur likEn ?ak le_r nunduk ?ukv?EnGE nE nda sO rEksEn nOkin nE siGilikndimbEnE
vera1241	?ale_r ndir?o_rl mi?ir va?ane_r ndir?o_rlm mi?ir ane_r mi?ir ane_r nE vavan nE maran	ale_rndurOl mi?ir va ne_rndur?Ol me_r?iranE m?irane_r nEvavan nE maran
vera1241	nd inE van nE van vavavan van ndiN man ndaraGa	inE va?n Evan vavavan vandiN man daraGa
vera1241	EnEi ndi Ga ndar ndie_r va?ane_r sO nduruk itOk rEm an kOlOk	EnE ndiGa ndar ndiva?an ne_r sO nduruk itOk rEm ?an kOlOk
vera1241	?EnEi ndire_rk laklaka	?e_rnEndire_rk lak laka
vera1241	Ei nikE ane_r sas ndanda kEl nak muk as ?ir?ir kal kEl e_r	?e_r nikane_rsasna ndak ke_rle_rnnak mukasirir kal ke_rle_r
vera1241	?Eke_r ndim ?Eke_rm we_r sOn ?Eke_rm kpo_rN luluwO	?Eke_rndinde_rn Eke_rmmilike_rve_rsOn ?Eke_rmkpuN lOlo_rG wO
vera1241	no_rk e_rn nEr nikE malaw e_r nikE malaw	nOG ke_r nEr nikEmalawe_rnnkE malaw
vera1241	sO ?aw kumru Ga maGarsinE kumru Ga tiktik sOksOk kumru as vus Nmas sO OO kamandu man vus e_rn ?ama? kandum kar ma? e_rn ?ama? saGmane_r	sO ?awo_rkumuru Ga mare_rsine_rkura tiktisu sO kurua svus ma sO kama nduman mvusEn ama GanduN karmman ?amasOvOn
vera1241	?a Ge_rndo_r wOm ?o_rG?o_rG a EnEi si sO	aGinde_rwOm ?O?OGa?EnEsisO
vera1241	E kandum sik kEl san ve_rve_rmanduo_r ?a ?Ow?Ow a ma? ndEn kamanduo_r	ne_rkandumisikke_rlsane_rve_r mandu ?awuG?Owa ma? nEn ke_rmandu nn
vera1241	su kal ma mba E ruwa Nme_rrNme_rrEm van le_rn ?e_rkpe_r? lE GEnGEn ndirEk ndan GEnGEn sir san ?ama? ndurum vus e_r	sukalmamba EruGwaN wurG me_rre_rmvan lEn ?ive_rn lEGe_rn GEndire_rk ndan Ge_rn GEnisirisan ?aman ndurumvusie_r
vera1241	?Ei ?akpo_rro_rN ?akpo_rro_rN ndEne_rn ?ama? ne_r ro_rN Ge_rnduo_r	Ei?akpuruN ?akpuro_rN ndEnEn ?amanE ro_rN NGindo_rwO
vera1241	?uwaNme_rrE Ga mi?ir kpe_rle_rN wal ndi E ro_rNro_rN wal ro_rs	uwame_rrEk a mi ?irvElE Nwal ndie_rru NGurONGwal ro_rs
vera1241	nO kpOm mul ?o_r	nOkpOm mul?e_r
vera1241	mE? nE tEk me_r ndiE sO ?ama? le_rn ?aNsara le_rn mE? nE tEk me_r ndie_r sO	mE? nE te_rk me_rnisO ?ama lu nEn ?aNsarale_rn mE? nE te_rk me_rnisO
vera1241	ndirk e_rn lik e_rn vin va?al	dirk ?En le_rkEn vin va?al
vera1241	tumErEn nE ?e_rn ndire_r	tOmErEn ?indirErr
vera1241	sO mban ?amam van lu viE sO kandu man vus	suvan ?amavan nuvE sO kanduman mvus
vera1241	ndirm ?OG ?Eke_rne_r le_rn lo_rlo_r vunu a lOkOn ane_r	ndirm ?Ow GEkEnE le_rn lulwO kpuno_ral luko_r nanE
vera1241	nd inE kal le_rn lo_rlo_r kpo_r E	ndinE kale_rn lulukkpO E
vera1241	vriGe_r vriGe_r vivivivriGE vriGe_r ndiN man niNme_r Nmo_r nE ?amaruo_r wOn ve_rve_rruo_r	viriGEviriGEviviriGEvirik niG man me_ro_rN mOnE ?amaruwOn ve_rve_rrwO
vera1241	vanda van mam Es lik e_rn ?aNndo_rGi ane_r	mvandavan ma mEEs like_rn ?aN ndo_rGiane_r
vera1241	ale_r nduruk mulo_r wO E	anlEnduruk mulOwE
vera1241	nduruk ulo_r ulul e_rn ?amaruo_r	ndurukululEn ululEn ?amaro_r
vera1241	?ale_r ndiro_rl	?alEnde_rr?Ol
vera1241	wEndE ndim luwO	wEndE ndimlo_rwO
vera1241	sOm nda ?i sO ndim ndim saG rEN ?Eke_rne_r ?EnEi ndir Ga ul e_rn wo_rNmal ?ane_r?e_r kuNmo_r ?ane_r?e_r sO maltEtraG	sOm nda?is sO ndim ndim saGrEn ?EkEne_r? ?EnE?E ndir ka wule_rn kuNmal ?ane_r?E kuN mane_r?E sO ndin mal tEtra
vera1241	E raGa ane_r sO ?O mba siksik nduruo_r e_r nduru man ma	?e_rrGa ne_r sO ?O mba di inde_r sik sik nduruwOe_rn nduru man ma
vera1241	nE kalu le_rn miE	nEkalu le_rn me_rE
vera1241	?anEi maruruo_r nE awaw GE ?Ew?i nE kar GE ?Ew?i nE kar GE ?Ew?i nE kar GE ?Ew?i nE kar vavan kar mama	anEmaruru nE?awaw GEw ?inE kar GEwinEkar GEinE kar GEwinEkar vaman kar mama
vera1241	nde_rro_rlk van	ndurulvan
vera1241	kpOm saG rEN ke_rke_r	vOm saG re_rn ke_rki
vera1241	ndurum rEm ro_rw le_rn nak susuo_r ane_r?e_r	nurumrEm rOGle_r nak suso_r ane_r
vera1241	nduruk suo_r Galan Ne_rrsiGi vo_rwal	ndurukusuk alan Nirsiki vuwal
vera1241	?EraGa akle_rGi sO ?Ei mba Ge_rnde_rk vanvan le_rn ?ar naka E kpO? vanvan kElkEl rOs	kisO?imbaGi nde_rkvEn van nin ?arnakEvavan van Nkilkil rOs
vera1241	e_r so_rw e_rn ve_rve_rruo_r ?OGin ?amaruo_r sO	e_rso_rwEn ve_rve_rru ?Owwin ?amaro_rwOsO
vera1241	?uwaNme_rrE nE te_rk me_rn ?isiGE	uwa mErE nEte_rG me_rn ?isiGE
vera1241	sO ?O GitaG Ga itOk	aOtaGaitOk
vera1241	?a kpe_r ndinE nd inE visis	?akve_r ndinE ndinE visis
vera1241	nik mas lEG kEl rOs	nik mas lEwke_rl rus
vera1241	ndirm rEm rEm rEm rEm rEm	de_rre_rmrEm rEmrEm rEmrEm
vera1241	to_rO no_rn E EsmbOn nE ?e_rr wal e_rn ni?i kpE mbusun E EsmbOn	tuOn no_r nE vEsmbOn nE ?irwale_rn niikkpEmbusu nE EvEsbOn
vera1241	ndim mul kpe_rl ro_rw	se_r mo_rrkpe_rl rO
vera1241	?ale_r nde_rro_rl o_rn sur suw ane_rm mi?ir ane_rm mi?ir mi?ir	ale_r ndurOlOn sur suwane_r mi?ir ?ane_r mi?imi?ir
vera1241	mbE kpO? man kal le_rn lo_rlo_rGi	vEkvOman kal le_rn lulo_rGi
vera1241	ne_r s van kElkEl ?i sar le_rn ne_rre_r o_rn e_r	ni sva?N kilke_r lisar le_rn miriGOni
vera1241	sO mba kamandu nE GitaG so_rm	sOmbakamandu nEEtaG sOm
vera1241	kpO? nE nda ndirE ndirk van e_rk mi?ir le_rn kpaNris nE nOs ?E raGa ?i?isiGi ndir le_rn kpaNris	bO?nE nda? nde_rrE ndirvane_rk mi?ir le_rNkpaN ris nE nO sErEGa ?isiGe_r ndir le_rNkpaN ris
vera1241	nme_rre_rGi ndi msEr e_rn ?Eke_r ane_rm sEr sEr sEr vavan sEr kpal e_rn ?uvu wo_rkpE?EnGE	me_rrENGindim sErEn ?EkE ane_rm sEr sr sErran sErkpalEnuruwukpEn NE
vera1241	nduruk kaka ?o_r va?ane_r rEksOn amam nda me_r nduruo_r rEksOn maruruo_r me_rn te_rk i me_r nduruo_r sir e_rn te_rkte_rk sir sOn vEle_r ma sir nduruo_r	nduruk kaka??Ov a?ane_rrk sOn ?amam ndami nduru rk sOn maruru mEm nte_rk ?imi nduruG sirEn nte_rk te_rk sir sO mvEle_rmasir nduro_rn
vera1241	mba ndirm van ?a ve_rE	mbandirvan avE
vera1241	ale_rn maso_rGi rEksE nOm ulul kEl nike_r le_rn sav kpo_rN ndu wOm mulo_r nduk mulo_r	alEn masO Ge_rrEk sa nO mulul kEl nikEllEn savbo_rm duGOm mulO? nduk mulO
vera1241	nduruk ndiN sar	nduruk nde_rNsar
vera1241	kamanduo_r Ge_rn	kama nduGe_rn n
vera1241	nduk van ro_rw nikE lukun e_rn naw	ndukvaan rOw nnikElukwe_rne_rn naw
vera1241	so_rwe_r E kpO? sO	suwEkp mOse_rn
vera1241	nd inE rara me_r nduruo_r nduruk kar ndiE vo_rwal nE kar o_rn vus	ndinErE rame_r nduro_rGO nduruk kar nde_r wal nE kar ?On vus
vera1241	?OGO ?OGO vaavan	?OGOvavan ?
vera1241	aluwo_r nikE kEl ma nduk mbe_rr ?aN?aN e_rn nak ane_r	a luwOni ke_rke_rl mawo_r nduk mbe_rr ?aN ?aNe_rn nakane_r
vera1241	ale_r Ere_r ?a?aG nO	wale_r?re_r?a ?aN nO
vera1241	a viEn nak a ndirm su kal wal mbe_rnE le_rn me_r?e_rrsa ane_r	?avEn nakka ndirmsuk kal wal mbe_rne_r ne_rn miirsane_r
vera1241	nik mE nda lik rEksE Ge_rndum van ma nik nda rEksE n naw wOm van ma Ga lo_rwo_rO nikE ?ir kal naw wOm ?e_rkpEl nikE saG	nik me_r ndalik rEksE Gundu mvan ma nik nda rEksE nawwO mvan maGa lo_rwOn ikE ?irkal nawwOn ?e_rve_rl ikE sawsu
vera1241	tumErEn sO	tO mErEnsO
vera1241	nduruk kal mba sar ane_r	nduruk kal mbasarane_r
vera1241	ndi nE ?e_rkpEl rEk an mE	inE ?ikvil rEk ?an me_r?
vera1241	?uwaNme_rrE Ga mOrOs sOn GunuGi	?uwaN me_rrEG amo_rrOsOn Guno_rGi
vera1241	lasmbOn nE vriG nE ndam ?Ow?Ow	?e_rn lasbOn nEvriw nE ndamOw?O
vera1241	n ?amam NONOndO ane_r	n ?amam No_rNOndOane_rv
vera1241	isiNme_rrE nE ?ir le_rn kpE?an nd inE rEm lik nE sur	siNe_rrEn ?irumbani nE?ErEm lik nE so_rr
vera1241	nda vaG?o_rl naGi ndirE ?e_rn rak ?e_rn ndie_r	ndavawu ?Ol nave_rnde_rre_r?e_rn rak ?e_rn GiEr
vera1241	rEksE ndim van ?aG e_rn kpo_rrkpo_rr nE ?e_rkpEl ndiN ro_rwe_r nE vavan kal ma ?an mE? n mE? mal ndar ndie_r rEksE Ga ndi mal sal kal	rEksE ntim kana?ake_rnkpOrkbOr nE ?e_rkve_rl liN rOwEnE van kal ma?an mE? mE? mal ndar ndiE rEksEn ka timal salkal
vera1241	sO mba ruwa E ruwa me_rn ?isiruk te_rk va?ane_r sO	sO mbaruwa E Eruwa me_rn ?isuro_rk tiEk vanE sO??
vera1241	nduruk ndam kEl ?avalGi	nduruk ndam ke_rl ?avalGin
vera1241	?e_rn e_rn ?ili Nmala ane_r nduruk mbOmbOn ?ili ?i?ili Nmalan lOrum kpo_rN sO nduruk E Gis taEt e_rn GaGan me_r?e_rsalaruo_r	le_r nduruk ndurum?e_rn ?e_rn ?iliN malaane_r nduruk mbOmbOn ?ilima?iliN malan lOrumkpo_rN sO ndurukkE GistaEtEn Gakan me_rsalaaruwo_rwO?
vera1241	ndir saGsaG ?i ane_r	ndirsak saGEne_r?
vera1241	e_rn ?isiNme_rrE sO	En ?isiNmErE sO
vera1241	sO mba kumru ?o_rn wo_rvinkpa	sambakuN ru?On GOvinkpar
vera1241	?uwaNme_rre_r nE ?awis	uwame_rre_r ne_r ?awis
vera1241	mba nduru E lama?i ro_rs E ndo_rl ne_r sire_r ndim liEs e_rn no_rGo_r ?aNsara sisiE	mvanduru E la maro_r sEEndOl ne_r se_rre_rndimilia se_rn lOGaaN sarasisiE
vera1241	?ale_r nduruk kalraka nE ndirEm ?O?OGO nE rEvrEv nduruk van va?aGe_rn van le_rn GOGO	nE nduruG karEGa re_r OGO nEre_rv re_rv nduruG van vavan ne_rNGuGu
vera1241	GE Ew?i Ga lo_rwo_rOn kuNm Ga lo_rwo_rO nE saG ?i ro_rwe_r	GEwu ?i NGa lOwOn kuNa lOwOnE saN ?irOwe_r
vera1241	ndim ?OGO ?OGO vavan mba ndirE Galal rOs sO kpOm van rEkm ?ar naka	ndim ?OGO?OOvavan mba ndirrEGalalrOsO kpOm mvan rEk m?ar me_rn ?arnakar
vera1241	?OG ?i le_rn kpo_rN ane_r wOmarawraw nE ndur nE ndurundur san naka e_r	GOGi? le_rn mkvON anE wO mara we_rrav nE ndur nE ndur ndur san nakai
vera1241	vane_rk rEm an mbaka	wane_rk rE rEman mbaka
vera1241	ndirEk van	dire_rvan
vera1241	nduruk suo_r kal le_rn Ne_rre_r?ie_r	nduruk sukale_r Nire_r?ie_r
warl1254	NulacaNka kan`t`alku janun`u watijakul`u	NulacaNa kant`alku jananu watijakulu
warl1254	kar\`caNka modikajicaNka JinaJcalpa JaNupala	kacaNka mutukajacaNa JiniJcalpa JaNupala
warl1254	jar`iNka ji4an`u can`t`u Nunacalpa an julacalpa kulku4ukar\`i	i jaltiNka ji4anu cantu Nunacalpa ani julacalpa kulku4ukaj
warl1254	titimanu nantuwucu	ti4imanu nantuwucu
warl1254	swiNiwana maJuka4iJcakul`aNuwana	swiNuwana maJu ka4iJcakulaNuwana
warl1254	an NatiJanu	aJ NatiJanu
warl1254	kampa4uwan`u kapala Nunami maliki	kampa4uwanu kapala Nunami maliki
warl1254	NulacaNka kaNun`upina NatiJanul`u kur`uku	NulacaNka kaNunu pina Nati Janulu kur`uku
warl1254	paci kal`a	pacikala
warl1254	NulacaNa cun`t`apantun`ucana taja	NulacaNa cunta pantunucana taja
warl1254	win`paN wanti lanimani ka NapaNku	awinpaNkuwanta lanimanika NapaNku
warl1254	can`t`uNku wan`a4i jaJcun`u	can`tuNku wana4i jaJcunu
warl1254	tumaciwacaNulu posomani Juntuwaca pama Nan`iJcaku	tuwacawcaNkulu pukusumanawacJuntuwaca pama NaniJcaku
warl1254	Jampucu puku kur`upar`ukul`u	Jampucu puku kur`upar`ukulu
warl1254	mamijil`ilpa mar`an`u kal`aNu	mamijililpa ma4anu kalaNu
warl1254	NulacaNa kur`u janun`u wa4kan`u ledaNa kur`u kantakupur`a Nulalpa can`t`u ka4ica kanuJc	NulacaNa kur`u janunu wa4kanu lataNa kur`u kantakupur`a Nulalpa cantu ka4ica kanuJc
warl1254	can`t`uNulu olot cici	cantunulu latciki
warl1254	wacilil ki cun` t`acana ka Nu	paccilililki cuntacana kaNu
warl1254	wati ka Jinami cailil`a	wati kaJinami cailila
warl1254	JaJi kalu nantuwu manu puluku kuca kapala ka4i jar`wana	naJki kalu nantuwuNan`u kuluku kucakapala ka jaNapacu
warl1254	wi4ija ka ka4imi wan`awir\`i	wi4ijaka ka4imi wana wul
warl1254	kur`u manu	kur`u manu kan`taku
warl1254	pur`aNil`iwanal`upala pur\`aJcajanu	par`aNali wanalupala pur`aJca anu
warl1254	Juntu maji l`a iJaku watiki waNkaca	Juntuma la iJaku watiki waNkaca
warl1254	campin`i na ka	campini Naka
warl1254	cuNacuku r`akuku4al kaNun`u ju4kuJcul`ucu	cuNacuku r`akuku4al kawNunu ju4kuJculucu
warl1254	julaJcaJanulpal`a napu4uku	julaJcinanulpala napu4uku
warl1254	Namal`aNu wapawapal`kupala maJuka4ica swiNil`a	NamalaNu pa wapalkut palamaJuka4ijica swiNala
warl1254	Jpi4piNka kan`a Jina	Ji4piNkakana Jina
warl1254	J ampu cu kal jaJcan`i	NaJampicuk anwucwakalanicana
warl1254	can`t`u ka ka4imi	cantu ka ka4iliJ
warl1254	wati manu kur`u kapala ka4imi r\`a4aLkaciwana	watiiman kulukapala ka4imi 4a4ukacimalu
warl1254	ka4icalpa nantuwu puluku	ka4icalupa nantu puluku
warl1254	Nulacul`a wantica NaLaNka	Nulacula wantica NacaNka
warl1254	NatiJanul`u kur`uNku an caciJanul`u	NatiJanul`u kuluNku jan caciJanulu
warl1254	NulacaNacu watija maniJcal`a kicun`u wun`t`ur\`ulku	lacaNacu watija maniJcalu kicunwa wuntu4ulku
warl1254	can`pacu janun`u malikica4aku4a	can pacujanuunu malikica4aka4a
warl1254	cintakar\`il`i kur`uNu JaNulpa kankal`a4akar\`ici ki kantaku	cinta kajilu kur`uNu JaNu4upa kankula sakar`iciki kantaku
warl1254	iJacu kanta wantica Nula cu4uJajin`i kal`a luwan`i cu4uJajir\` NatiJanucu	iJacu kanta wanticaaNula cu4uJajiniki4a luwanu cu4uJajini NatiJanucu
warl1254	mar`an`i ka maliki	mar`anika maliki
warl1254	wal`u ja4pun`u Jinacalpalu famili holotciki	uwalul ja4pun`u Ninaca4 pal pajmlij wulatiki
warl1254	wur\`uLkaNu wun`t`u4u	Nur`ucu kaNu Nuntu4a
warl1254	maliki pukaka katun`u maji	malikipukaka katunumi
warl1254	kan`t`a manu maliki kapala Jinami	kanr`amanu malikiji kapala aJinami
warl1254	NulacaNa caciJanul`u luwan`u puluku	NulacaNa caciJanuNu luwanwu puluku
warl1254	kur`u iJakul`u wakukul`u Nulalpa Jinaca	kur`u jiJakulku wakukulu Nula4paJinaca
warl1254	NulacaNacu r\`a4aLkacil`aNulu janu nantuwuku pulukukul`u	mkumacan Nacu lujalakacicaNuluu janu Nantuwupuluwukulu
warl1254	Nanaji ji4an`ulpa	Nani i4anulpa
warl1254	ka4imi ka watijacu Nu4cuwati kalu	ka4imika watijac Nutcuwatikalu
warl1254	cwiNcwiNi ka ka4imi	cujiN cuiJi ka4a ka4imi
warl1254	manu gatiNi katun`u nantuwu	manu kajitiNi katunu nantu
warl1254	wal`ulu ja4pun`u muNaNkalpalu Jinaca wal`uNka said	walulu ja4panu muNaNkalpalu Jinaca waluNka sajic
warl1254	kur`uwita ka puSumanu	kutuwita4pa puSuwu manu
warl1254	malikilpa ka4ica	malikilpa ka4ica
warl1254	kur`uwita na	kulu wita na
warl1254	jun`a r\`a4aLpaca4imilki	Junu la4alpaca4i milki
warl1254	manu wantica waLaku4a mamijici	manu wantica wacaku4a mamici
warl1254	Nulalpa puta cuNan`imanu putalpa wiLpimanu lawacuku	Nulalpa putacuNani manu putalpa wilpi manu lawacuku
warl1254	maJuka4iJcal pa can`t`ukul`u witakul`u JanuNuJaNukul`u	maJu kajiJcapa cancukulu witakulu JanuJaNukulu
warl1254	maNa4ipinkikil`i jela maJunakul`u Nula kampa4ujicala mani	maNa4ipinki kilijijala maJunakuluNula kampa4ulu jicala manu
warl1254	jar`iwital`a Nu4cumanu can`t`ukucu	jati witala Nucumanu cantukucu
warl1254	jaka4apar`iJcal`a janu4alkulpa	jaka4a patiJcala janupalku4pa
warl1254	cuNacuku wiLpipar`ica juNul`a ju4kuJucul`u	cuNacukwilpatica juNula ju4kuJculu
warl1254	cuNacuku towimaniJcanulpalu kakar\`il`ipa towimaniJcan	cuNacuku tumancawanutpalu kaka4alitpa tamancawanu
warl1254	papa mamiji kakiji wir\`ical`u	papa mami kakiwu4icalu
warl1254	NulacaNka cala leda wantica Nula jaLuku4a can`t`ucu pakan`u	kulacaNacawa ni4a wanicaNula jaJcuku4acantupakana wanmijan`u wawjatiu
warl1254	nantuwuNu katun`u piJci	nantwuNu katunu pinci
warl1254	janun`i maNkur`u wa4kan`iJcakucak	januni maNkul`u wa4kaniJcakucaku
warl1254	wa: kur`u ci4ama swiNicaNka lawa JaNul`a can`t`uku ho lot	Nakur`u ci4amas wiNicaNa lawaJaNullacantuku wulat
warl1254	kan`t`aNku manu kur`uwitaNku	kantaNku anu kur`u witaNku
warl1254	Jinami na kalu car`aca4i muku kalu	Jijnamikn`akalu car`aca4imukulu kalu
warl1254	pu4aJcanulpa JanuNuJanu kacaJanu	pulaJcaanupa JanuNuJaN kacaJanu
warl1254	juwaji wi4ija kur`ucu r`aka mu4umu4uca4ica win`pacaNka	juwa wi4ija kur`ucur`aka mu4umu4uca4ica winpacaNka
warl1254	kur`u wi4ijacu wantica	kur`u wi4ijacu wantica
warl1254	manu can`t`u	manu can`t`u
warl1254	kal`icana JaJi	kalucana JaJi
warl1254	kal`aNukul`u kal`a wa4kan`i caNkar`u Nanajiki	kalaNkulukala wa4kanicaNkalu Nanajiki
warl1254	cuNacuku walpa kun`t`aNa4un`u JanuNupan`t`acu	cuNacukwalpa kuntaNa4unu JanuNu pantaci
warl1254	kulku4ucana cun`t`a	kul ku4ucana cunta
warl1254	NulacaNa JaNu jaLuku4a katun` piJciN nantuwucu	NulacaNa JaNu jacuku4awu katun pinciN nantuwucu
warl1254	Jinami kalu	Jinami kalu
warl1254	piksimani ka kan`t`aNu taja	piksijimanika kantuNu taja
warl1254	maliki capaNar`i wun`t`u4ulku	maliki capaNaji Nuncu4ulku
warl1254	kan`t`alku janu	kantaluku janu
warl1254	na kap mun`ma	na kamanik4a n`upa
warl1254	caNka kr\`i:p kaJcanupalacaNka4u	caNka ki4ip kaJcananulpala caNkalu
warl1254	NapaNkacaNka jalin`i	NapaNkacana jalini
warl1254	kur`u JaNu war`iJca4il`a JanuJaNuku malikiki witapar`uku	kur`u JaNu war`iJcajacala JanuJaNuku malikiki witapar`uku
warl1254	jun`a pacin`i muku jalumpu kantawati	cina pacinumuku alumpu kantawati
warl1254	liNkacaNkacu wana4i	liNkacaNkacu wana4i
warl1254	u:cu ka Nunami waLaNka manu pensi kal`a ja:l`Nuna kankal`umpa4a u:cu	wuwuwu4ucu ka mulami kwaJcanka maNku p4inci ka4a ja4ac Nulai kan kalcimpa4a wuucu
warl1254	NulacaNacu wanta wiLpipar`ica	NulacaNkacu wanta wuJcu par`ica
warl1254	kan`t`a manu wi4ijapatu manu maliki Nulalu pina janu	kanta manu wi4ijapatu manu maliki Nulalu pinajanu
warl1254	wacilil kalu pan`kami	wacilil kal pankam
warl1254	can`pa ka Nunami4a	canpaka Nunami4a
warl1254	panucukulu wa4kan`u motokajiwital`a witaNka	panicukulu wa4kanu mutukaji wital witaNka
warl1254	NulacaNkacu malikilpa julaca	NulacaNkawucu malikilpa jikulaca
warl1254	cintakar\`ili kir`aJanul`u cintakar\`il`a Nu4cuman jaLu manu taja	kintakaali kataJanula cintakali Nucuman jacumanutaja
warl1254	r`akacu luwan`u	4akacajan luwalu
warl1254	tumacil`a ja:l`pwantica	tuNacili alpantikta
warl1254	kin`t`aNi ka wiLpipar`imi	kintaNika wilpi par`impi
warl1254	cintakar\`i wi4ija ka wa4kan`i kantaku	cintakar`i wi4ijaka u a4kani kantaku
warl1254	cuNacuku kankala4a kar\`icikilpa kan`t`aNuc JaNu kanta cintakar\`il`i ja:l`wantica kataku4aJajin`	cuNacuku kankalaakar`icikitpa kantaNucJuaNu kanta cintakar`icila jalwantica kataku4aJajin
warl1254	JaNun`a Nacu	Ja JaNuna Nacumua
warl1254	iJaku4acuk watijaku4a watijalpa JaNu kankal`a4akar\`il`i	JiJaku4acuku watijaku4a watja4pa JaNu kankilala kar`ali
warl1254	kakul`u Nula bampimanu kakar\`i	kakuluNulupa mpimanu kka4i
warl1254	wi4ijapar`uNu Nulacu piksimanulpa	wi4ijapaluNu mulacu pici manapa
warl1254	jir\`iJajin`i NulaNku pantun`u	jur`iJajini NulaNku pan4unu
warl1254	watiNki ka luwan`i puluku	watiNki ka luwani paluku
warl1254	r\`aifelukul`u Nulacu	4ajpulukulu Nulajcu
warl1254	jalkun` Jampucu wija4pa jalkun`u	jalkunu ampucu wa4pa jalkunu
warl1254	war`iJicajica ku:kucu	war`iJcijca kuku
warl1254	jati Nu4cuJajin`i kuju	jatiji NucuJani kujju
warl1254	can`t`u JanuNuJaNu	cantu JanuNu JaNuN
warl1254	cuNacuku wiLpimanucukul or\`sici	cuNacuku wicpi mancukul wusici
warl1254	kaJi cintakar\`ici kuca wantica ja:l`pala wantica watija	kaJi kacintakar`ici kuca wantica jalpala wantica watija
warl1254	kur`ulpa wa4kan`u	kutulpa wa4kanu
warl1254	watiNi manu kan`t`aNu	watiNijimanu kant`uNku
warl1254	manu can`t`ukul`u	manu can`tukulu
warl1254	NatiJanu ka maJuka4i kur`ukul`u	Nati Januka maJuka4i kur`ukulu
warl1254	pita pakan`u kur`uwitakul`ucu JanuNupan`t`aJajin`ici	pita pakanu kutwitakulucu JanuNu panta Jajinici
warl1254	mul`unpal`a kanuJcumpa4a	malunpula kanuJcumpa4a
warl1254	pantun`u botulil`i	pantunu patulila
warl1254	kata mu4umu4u	kata mu4u mu4u
warl1254	kur`u ka4ilpa julaca	ku4u kailpaja junaca
warl1254	papa NulaNka wan`akucaku	papaa NulaNka wanakucaku
warl1254	JijacaNka majinpacu pakan`u Nacucuwaca	JiicaNa minpac pakan Nacucuwaca
warl1254	kan`t`awitaNku maniJcun`u JanuNu pur`aNka wi4ijawita	kanta witaNkumaniJcunu JunuNu plaNkau wi4ja wita
warl1254	kalu mar`an`i	kal mar`aca
warl1254	wati kar\`i cintakar\`i	wati ka4i cintaka4i
warl1254	piksimaniJcan`i mun`macuk	pikciman canika Nunmacup
warl1254	NulacaNka kr\`i:pmaniJcajanun`u NatiJaJcu manu can`t`u pensiNil`i kucalpa ku:ku wan`pacuk NuJca	NunacaNa ki4ipmancaJanulu NatiJanucu manu cantu pinciNili kucilpa kuku wanpacuk Nunaca
warl1254	wapiLpaJajin`ilki taja	wapulpaJaani iki taja
warl1254	cakur\`umanu malikiwita	caku4u manu malikwita
warl1254	wiLpipar`ica cajiliNil`i	wilpatica cajilaNala
warl1254	watiNi JaNu modikajiN	watijNi JaNu mu4ikajiNi
warl1254	manu r\`op r\`op kur`uNu kalu kaJi cintakar\`i r\`a4aLkaci Nu4a ku4a	maNku 4uk uwup kukuNkalu kaJki cintakaja wwi4aNkici Ni4apu4a
warl1254	pina janu4a r`akuku4a kanuJcu	pinajanu lakuku4a kanuJcu
warl1254	jaLuku4a luwan`u watijaNucu	jacuku4a luwanu watijaNkucu
warl1254	Nula kal`a caciJanul`u puntan`i watijacu	Nulakala caci Janulu puntani watijacu
warl1254	makiti r\`aifl	maki4i nuwasu
warl1254	wun`paNu luwan`u r`aka	wiJpaNu luwanu laka
warl1254	Nu4cumanulu tajacu	Nucu manulu tajacu
warl1254	JaNulu botuliNi pantun`u taja	JaNulu patiliNi pantunu taja
warl1254	watijal`u kankal`u manu kaNul`u	watijalu kankalumanu kaaNulu
warl1254	ku:kuN ku manu maliki	kukuku manu maliki
warl1254	kur`u par`u ka mina wita ka maJuka4imi can`t`ukul`u twiN watijawana ka4imi	kulu pa4u kajwiNa witaka NaJu4 ka4imicantukutu cuwiN watijawana ka4iki
warl1254	watiNki JaNu JanuJaNu kur`u	watiNki JaNu Janu JaNu kul`u
warl1254	NulacaNacu manulu watija	NNu4ajacaNalu  manulu watija
warl1254	juNukul`u wiLpimani	jiNukulu wilpi mani
warl1254	tal`t`ulku Nulacana cun`t`a pantun`u potuliNi	taltulku Nulacana cunta pantunu pa4iliJ
warl1254	kur`u cintakar\`i	kur`ucinta ka4i
warl1254	kan`t`awita war`iJica4ica can`t`uku	kanta wita wal`iJica4ica cantuku
warl1254	kan`t`a waNkaca jaLukul`u ka Jinami r`aka	kanta waNkacijajalukuluka Jinami taka
warl1254	juwaji watijaca4a amca4a Nulapala ka4i	j watijaca4a amica4a Nulawpal ka4i
warl1254	puluku manu nantuwu	puluku manunantu
warl1254	kal`acinta jamaNka manu NunaJcaku4a	kaJi4akalicunta jamaNka manu NunaJcaku4a
warl1254	waNkacal`a kur`uwitacu	waNkacala kur`u witacu
warl1254	nantuwu kala	nantu kala
warl1254	manu puluku ka Nunami waLaNka	Nan`u pui4pukaN Nunampi waJaNka
warl1254	kur`uNul iJa	kutunuliJa
warl1254	NulacaNa mu4umu4ulkul palu Jinaca	NulacaNa mu4u mu4ulkulpalu Jinaca
warl1254	kantaku paciniJcaku	kantaku pacunuJcaku
warl1254	NatiJanu kata luwan`u kantaNu NulacaNa Nunacalkulpa	Nati Janu kata luwanu kantaNu NulacaNa Nunacalkulpa
warl1254	kaminaca4a kapala ka4imi	kaminica4akapala ka4ini
warl1254	cintakar\`i julaca jaLukul`u r`akakul`u	cintakajipa julacak jacukulu r`akakululu
warl1254	war\`a jar\`uculuculu cun`t`amanta	wan`a jaluculuculu cunta manta
warl1254	kuju manu	kuju manu
warl1254	Napalpa wantica	Napalpa wantica
warl1254	manu janu	mani janu
warl1254	watiNi towumanu modikaji	watiJu tumanu mu4iki
warl1254	an kur`ucu war`iJica4ica	anu kur`ucu war`iJica4ica
warl1254	watiNki JaNu	watiNki JaNu
warl1254	kalu Jinami r\`a4aLkacila kaniJcan`i	a kat Ninami 4al kacil4a kaniJcali
warl1254	maliki ka julami	malikika julami
warl1254	an janun`ul`a	ana janunwili
warl1254	leda na wantica can`t`uk jaLuku4a	latunu wanticacantuk jacwu ku4a
warl1254	Nula cuNacuku	kuli cuNacuku
warl1254	NatiJanu manu kur`u	Naticanu manu kur`u
warl1254	kan`t`a ka Nunami cu4ukul`u	kalntaka kunami cu4ukulu
warl1254	kur`ukur`u kalu NunaJcani wal`uwana	kur`ukur`ukalu unaJcajani walr`uwulu
warl1254	wa4kaJcanu caciJanucu wel luwan`u win`paNku laitniNil`i	wa4kancanu cacJanucu waluwanu winpaNku4ku latniNili
warl1254	nantuwucu ka Nunami mu4umu4u wajacaNka jaLuku4a	nantu wucuka Nunami mu4umu4u wajacaNka Jaluku4a
warl1254	ku:kuN ka can`t`u mani	kukuwka caNkur`umani
warl1254	kan`t`a ka Jinami malikica4akul`u	kantaka Jinami malikica4akulu
warl1254	Nulalu JaN janu Nu4aku4a	Nulalwa JaN janu Nu4aku4a
warl1254	wa4a mantaculu r`aka	walam mantaculu r`aka
warl1254	NulacaNa caciJanu janun`u ka4icalpa watijaNka kantaku	NulacaNa caciJani janunu ka4icalpa watijaNka kantaku
warl1254	nantuwu katun`u gatiNi	nantu katunu kajtiJu
warl1254	Nula caNka jiLacakul` nantuwucu	NutacaNka icacakulu nantuwucu
warl1254	can`pa JanuNucu Nunami ka wan`pa	canpaJanuNNucu Nunamilka wanpann
warl1254	JijakantikantiJan mani cuna4pa manu wil`ijakul`aN toNs	JijakantakaniJanu manucuna4pa man wulijaklwaNtaNs
warl1254	can`t`uNu ka Nanajimani wicini wan`acaNka	cuntu wuka wunajimanij wicini wanacaNka
warl1254	wil`iJi pulukuku	wiliJi pulukuku
warl1254	kuca JanuNu pan`t`a ku pakan`u watiNi	kuca JanuNu panta ku pakanu watiNki
warl1254	jal`uNkalu wataidi ka4ica	jaluNkulu patcati ka4ica
warl1254	wati ka ka4imi	wati ka4imi
warl1254	wi4ijaca4a kur`uca4a	wi4ijaca4a kur`uca4a
warl1254	Jinacalpa watijal`a tan`Nacuku	inacat pawatijala tanNacuku
warl1254	juNuNanta pacin`i kanta	JJikuNanta pacini kanta
warl1254	ku:kuNku kaNu maliki	kukuNku kaNu maliki
warl1254	manu jaNkacu JanuNu can`t`u kaJi kal`a cun`t`a	ja manu jaNkaJanuwucantu kaJikalacunta
warl1254	potulil`i pantun`u tajacu	patalili pantunu tajacu
warl1254	kur`u wita kamina ka maJuka4imi can`t`ukul`u witakul`u	kulu ukita kamina kamaJu kasimi cantukulu ukutakulu
warl1254	kan`t`a manu maliki	kan`ta manu malikiji
warl1254	sli:pi Nanta wal`uNka	slijipiNatu waluNka
warl1254	penswana ka jani can`t`ukul`	pilswan ka JaliccaNkucuu
warl1254	Jampulkul`a janun`i JanuNulul`a pul`ami kalul`a Jampu ka Jin` i4alk u ka JanuNu	Jampulkulula januni JaNululaja pula milkalula Jampu kaNi Ji4alkuka JanuNu
warl1254	caciJanuNu manu kur`uNku	caci JanuNumanu kuluNku
warl1254	cuNacuku janulu Nu4aku4a	cuNacuka janulu Nu4aku4a
warl1254	maliki JanuNucu	maliki JanuNucwa
warl1254	pala janiJcan`u	pala janiJcanu
warl1254	war`iJilki kalu pul`ami can`t`ukul`u	watiJilki kalu pulami cantukulu
warl1254	kapi Jija	kapi Jijam
warl1254	campin`i ka Nu4cumani kapu ma	campinika Nu4cuman kapma
warl1254	jaliNi Nula luwan`u puluku liptimanu wajacu kankal`u	jalilNula luwanu puluku lipimanu wajacu kankalu
warl1254	nantuwucu Nu4cu	nantuwucu Nuccu
warl1254	kur`u cinta ka janin`i kan`t`a mani ka	kur`ucintaka janini kanta manika
warl1254	wan`acaNka ka Nuna Nula kal`a janun`i	wanacaNkaka Nuna Nulakulu januni
warl1254	NulacaNka kur`ulku janun`u	NulacaNka kur`u4 kanan witca
warl1254	ilipiJi kapala	cilipiJi ka pala
warl1254	malik kat`ir`ikil`i Nula swiNwana manu watija wir\`ical`u ka ka4imi	Nali kati4ikili Nuli swiNuwana manu watija wur`icalukaka4imi
warl1254	Nunacalpa jaLukul`u nantuwucu	Nunacalpa jacukulu nantuwucu
warl1254	can`t`u ka ka4imi	cantu kaka4in`u
warl1254	jucaka Nantalu Napapur\`u	jukacaNantalu Napapulu
warl1254	wa4un`ulkul`a NatiJanul`u kan`t`aNku anu kur`uNkul`a wa4un`u Ja4par\`a can`t`ucu	wa4unulkulula Nati Janulu kan`taNku anu kur`uNkulla wa4unu Jap4a cantucu
warl1254	Nula caNka pul`aca	NulacaNka pulaca
warl1254	Nula lanica4ica	Nula lanica4ica
warl1254	kan`t`al`a wanticaja:l`pa cu4uku4a	kantala wanticaalpa cu4uku4a
warl1254	swiNswiN kuca ka ka4imi malikiwitakul`u	swiN swiN kuca kaka4imi maliki witakulu
warl1254	manulpa pucuman	manuka pucumanua
warl1254	kaci kan`a wir\`ica4imi Jun`uca4imi kaci kan`a	kacikana wur`ica4imi Junuca4imu kacikanu
warl1254	an JanuN	Jihani januk
warl1254	wi4ija pacun`u wan`aNu	wi4ijapacunu walnaNu
warl1254	cuNacuk famili holotciki	cuNacuk pajmli ula tiki
warl1254	piksimaniJcal`a piksimaniJcal`a	piksi mancala piksimancala
warl1254	ku:ku ka Nunami jar`wana	ku kuku ka Nunami jaicuwana
warl1254	wal`u panucal`uJajin`i motokajil`acu	wallu panucalu Jajini muti kajilacu
warl1254	kar`ici4alpa kantaku watijakul`u	ka4ica4alupa kantalku watijakulu
warl1254	an ampu	anampu
warl1254	kapiNi jalkin`i wil`ija	kapiJi jalkinu wulija
warl1254	manu malikica4a	manu malikica4a
warl1254	caciJanulpa Nunaca mu4umu4u	caciJanu pa Nunajca mwi4umu4u
warl1254	Nulacu kan`a Nacul`u muku pacin`i	Nulacikanu Naculu muku pacinu
warl1254	kucalpa wapaJcajanu Nula JaNu	kucalpa wapaJcanu Nula JaNu
warl1254	ji4ar\`ulpal`a cun`t`ajulaca	i4u alulpalacuntajulaca
warl1254	wacili piJcani Jinami kapala ci4amal`u cuku	wacili piJcanicinani kapala ci4a malucukuu
warl1254	tajacu kampa4uwan`u	tajacu kampa4uwanu
warl1254	Jampu kal`a	JNan Jampukala
warl1254	wil`ijal`a juNu toNs	Nulijala jaNu NataNusu
warl1254	wi4ijal`u ka luwan`i puluku makitikil`i	wi4ijaNuka luwa4ni puluku maki4ikili
warl1254	NulacaNka wal`uNkalkulpalu Jinaca puta	NulacaNka waluNkal kulpalu Jinaca puta
warl1254	cucu ka ka4imi	cucuka ka4imi
warl1254	jar\`ucu wa4kaka	jalucu wa4ikaka
warl1254	mukulu jaka4apar`ica NunaJcawan`ucu Nulalpalu muku NunaJcaku	mukuli jaka4apatica NunaJcawanucuNululpal mukuNunacaku
warl1254	jaNkalpa ka4ica wan`aN jal`kun`u wil`ija	jaNapa ka4ica wanaNi jan`kun`u wulija
warl1254	watilpa ka4ica tan`NaJajin`i	waticpaka4acar` paNanajini
warl1254	NatiJanuNu ka pusumani	natijJanuwuka pucu mani
warl1254	ku:ku ka janin`i	kuukuka ja4iNi
warl1254	modikaji kucalu JaNu	mutukaji kucalu JaNu
warl1254	NulacaNa wan`a janun`u jalkun`u caciJanucu	NulacaNa wana janunu jalkunu caciJanucu
warl1254	manul`a war`iJica4ica	Nanula war`iJica4ica
warl1254	can`t`u palkapar`u kal mar`an`i	cantu palkapalukalmalanu
warl1254	wa4a Ja4paca4il`ipa	waJa4pacalipa
warl1254	watijal`a cun`t`a kucun`u pensi r\`a4aLmanu	wati jala cunta kicunu pincilu la4amami
warl1254	papa Nulakucaku wan`akucu	kapaa Nulakucaku wanakuca
warl1254	wur\`uLpal`ucuku wur\`uLpamanu	wur`ilpalucuku wur`ilpa manu
warl1254	an Jampuca4apala kan`t`a ka ka4i palka gen	anJampuca4akapalu kanta ka ka4ipalka kin
warl1254	cintakar\`ilki Nanta ka ka4imi watijawana jaNkawanacuku kantaku pur`a	cinta kajilkiNantaka ka4imi watijawana jaNkawanacuku kantakupur`a
warl1254	ciNiciNi janu kur`uwitakul`u	ciNiciN janu kutuwitakuluu
warl1254	kuca pacun`u	kuca pacunu
warl1254	wa4a kaNkaculu	wa4a kaNkaculu
warl1254	NulacaNa kantacu kataku4alku wantica	JulacaNa kantacu kataku4alku wantica
warl1254	NatiJanu manu kur`uca4a kapala pul`a can`paku	Nati Janu manu kuluca4a kapalla pulacanpaku
warl1254	NatiJanu Jinaca cu4u Nulacu kantaNu luwar\`	Nati Janup Jinacicu4u Nulacu kanta Nuluwan
warl1254	wi4ija ka ka4imi watijaku4a	wi4ijaka ka4umi wati jaku4a
warl1254	kantal`a wantica kataku4a NatiJanuku	kantana wantica kataku4a NatiJanuku
warl1254	manucana NapaNul`u jalun`u	manucana NapaNu jalunu
warl1254	Nantalu Nu4aku4a jantal`a cintasaidici taja pantun`u watijal`u	Nantal Nulaku4u jantila cintacajitici taja pantunu watijalu
warl1254	nun`alu kaNu Nu4aku4a	Nunalu kaNu Nu4aku4a
warl1254	jantan`i pala	jantani pala
warl1254	kal`a cun`t`akaJi4alk	caswajkali cunta kaJi4alku
warl1254	manu kur`u citica pulukukul`u kucalu janu pina wil`iJicaNka	manu kur`ucitica pulukukulu kucalu janupinawuliJicaNka
warl1254	waLaNka ci4amakar\`i kankal`u	wacaNka ci4amukal kankalu
warl1254	kar\`iwacan`a tan`Na Jinaca4ica	ka4uwicina tanNa Jinacaca
warl1254	janulku Nu4aku4a	janulku Nu4aku4a
warl1254	wi4ija ka Nunami wan`acaNa	4ijaka Nunami walnacaNa
warl1254	NulacaNacu maJuka4imilk kalu malikiwitakul`ucu war`iJilki	NulacaNacumaJu ka4imilkalu maliki witakulucu war`iJilki
warl1254	geit ka ka4i watijawana	kajic ka ka4i watijawa4i
warl1254	JaNu taja plattajaca4ica	JaNu taja platajicaca
warl1254	kan`t`a waNkaca lawa	kant`a waNkata lawa
warl1254	wa4kakal`a Nanta paciJcagan`t`i	wa4kakalaNanta pacincakNanti
warl1254	NulacaNa NatiJanulku janun`u kur\`ubaNikil`i putaluwan`u	NulacaNa Nati Janulku janunu kur`upajanikali putaluwanu
warl1254	NulacaNalpalu jaLukul`u popalacuku Jinaca	wu4acalapan pjaJcukulu puupalacuku Jinaca
warl1254	janu pacun`upala	janu pacunukala
warl1254	Nulalpal`a ja:l`Nunaca or\`siki	ulatpala jalNunacawusi jiki
warl1254	kucalpa kaNu4a	kucalpa kaNu4a
warl1254	pan`kacalu motokajiki4a japacu	pankacalu mu4ukajiki4a japacu
warl1254	kan`t`a kapala jani	kanta kapala jani
warl1254	puluku Nunami pensiNka kankal`	pulukuulaNami piJciNka santaN
warl1254	piJciNki katun`u nantuwu	pinciNki katunu nantu
warl1254	motokaji wita cun`t`acana	mutukaji wita cuntacana
warl1254	an kur`u cintakar\`ilpa Nunaca Nula wan`aN pacun`u	an kur`u cintakajatpa NunacaNula wanaNupacun
warl1254	ja:l`pwantica kankal`a4aNul`u	ijalpanica kankala4aNulu
warl1254	ci4amacukupala Nunaca puluku an or\`si	ci4amicuku4u palaNunaca puluku anuwusi
warl1254	kaminaca4a manu maLcu kalu pur\`ami	kampina ca4amanu ma4cu ka4u pulampi
warl1254	manulpa julaca car`awaNu	manulpa julacacar`awaNu
warl1254	waLaku4a wantimi	wacaku4a wantimi
warl1254	jaLuku4a pacun`u piJciNi	jacu ku4a pacunu piJciNki
warl1254	wel kanuJcu ka ka4im waLaNka	ala kanuJcuku ka4im wacaNka
warl1254	kuca ka ku:kul`u kaJi maliki wita	kucaka kukulu kaJi maliki witau
warl1254	wi4ija kan`t`a Nat ilpa ka4	wi4ija kanca NatiJ Natilpa ka4i
warl1254	Nulalul`a r`ipica kar\`kar\`i cintakar\`iki	Nulalula r`ipica kajaka4icintakar`iki
warl1254	kan`t`a cinta kar\`i wa4kan`i watijaku4a	kinta cintaka wa4kani watijapulul
warl1254	kar\` maliki	kamaliki
warl1254	an ampu ja:l`wantical`a kanta cu4uku4a	anampu jaalpu wanticala kanta cu4uku4a
warl1254	NatiJanu manu kur`u wita janulu wil`iJi	Nati Janumanukur`u wita janulu janulu wiliJi
warl1254	kur`uNku wir\`ical`u doldol ji4an`u cwiNl`a	kulwuNku witakalu ulicin tanu lijanu cuiJila
warl1254	nat manu maniJcaku pala kaniJca4akar\`i caNkar`u puntan`i	nat manupamaniJcak ulapar`a kaJci4aNar`i caNulu kar`a4i
warl1254	kur`uN manu kir`aJanul`u Nulaculpalu waja pulumanu	kur`uN manu kr`aJanulu Nulacilpalu waja puluwu manu
warl1254	Nula kipiLpaca4ica tajacu	Nula kipilpaca4ica tajacu
warl1254	NulacaNa can`pa janun`u	NulacaNacan pa janunwu
warl1254	r`akur`alkulu janu muNuNalpa NunaJcanu pulukucu	akalalkulu janu mucuNalpa NunaJcaanu palukucu
warl1254	Napa ka wantimi	Napa ka wantimi
warl1254	cuNacukulu Nunaca	cuNacukulu Nunaca
warl1254	can`paNu manu can`t`u	can`paNu manu can`tu
warl1254	wati ka wa4kan`i	wati ka wa4kani
warl1254	NatiJanu manu caciJanu	NatiJanu manu caciJanu
warl1254	cu4u tumac pakan`u	cu4utumac pakanu
warl1254	maliki palkacuk	maliki palkacuku
warl1254	janun`u kan`t`apar`ucu manu can`t`u	janunu kantapar`ucu manu can`tu
warl1254	JanuNu jani pina kalu Nu4aku4a	manu wjani pinakalu Nu4aku4a
warl1254	maliki witapar`u	Nan`iku wataka
warl1254	wati manu kan`t`a kur`uwita lu janu	wati manu kanta kulu wita lu janu
warl1254	jaLu Jampuku	jalu Jampuk
yong1270	o~ts`_hMnej\i zo t_hi lenv=hMJitsM mv=	7ts`_hMni{zot_hi linMhijotsMmv=
yong1270	w7 t`{b7 kiJM lepopobi t_hi w7 t`{b7JM lets`7	w{t_h{b7kinMlipopobit_hiw7 t_h{b7nMlets`_ho
yong1270	tomi ts`_hMdz\o zono ARoz\iq_hw7bv= nv=mi Jikv=tsM mv=	domi s`Mdz\ozono {RozMqwobM nv=miJikotsMm{mm
yong1270	ARo ts\MJize m{ ARo lets\Mse dz\o t_hi j\ilv=kv=ze m{	{Rots`_hMJidz\Mm{ {Rolets`_hisMegit_hi jilv=kMdz\Mm{
yong1270	zomv= h7ze pi g7se ts7ze	zomv=hMzipig7sitsezio
yong1270	mv= d`Mv=dz\o t_hi hi~ki kiJitsM mv=	mMd`owodz\ot_hi hikikiJitsMmv=
yong1270	ts7 hA z\im7Rodz\o sor\=` ts7r\=` z\im7Rodz\o sok_hw7 pi ts`_hMnej\i dz\okv= ts`_hMk_hw7 mv=ts`{k_hMts{Ji	tseh7zMm7wodz\o soMtsMl`Mzimowodz\osok_hw7pi ots`_hv=Jidz\k_hMts`_hv=k_hw7 mMts`_h{k_hMts{Ji
yong1270	s`ek_hM ts`_hMd`Mmi dz\o m7dz\o @mAki t_hit`Mdz\o m7dz\o @gi	s`ik_hMts`_hMd`Mmiidz\om7dz\7 AmAt_hMt_hMt_hodz\i{dz\et_hd`
yong1270	z\imi ts`_hMqo di g{p_h{ ts`_hMqo p_h{ mv=p_h{ ts`_hMqo p_h{ dv=p_h{ ts`_hMqo p_h{ z\imi ts`_hMnej\i t_hip_h{Jim{	zimits`_hMqodi g{p{ts`_hqop{ mMp{ts`_hMop{ dv=p{ts`_hMqop{zimits`_hMit_hip{Jim{
yong1270	pi ts`_hM b{ pi ts`_hMts\o b{ se led`w{ led`w{ led`w{ d`w{	pMpMpMpits`_hMp{MpMpMpis`Mts`_hob{Mtsil{d`w{l{d`{l{d`w{d`{d`
yong1270	t`{b7 Jikv= RAs`e lepojo t`{b7 lets`_ho mv= k_hMhi~ dz\o t_hi w7 k_hv= ts`7Jipi lAk_hv=hi~ JM k_hMzokv=	t_h{b7Jiko7s`Mlepojo t_h{b7lets`_ho mMk_hMJMdz\Mt_hi w7k_hv=ts`_h7JiJipilAk_hv=nMk_hMzokv=
yong1270	nj7 @si ts`_hMts\iJM t_hi k_hv=miki p_hv=d`Mj\izokv=pizo	J7{sMts`_hin7 t_hik_hv=mikipv=d`Mj\zokv=pizwA t_ht_h
yong1270	lez`w{se t_hi dz\M lek_hM	l{zAsMt_hidz\ilik_hM
yong1270	t_hi lejom7k_hM zo t_hv=v=ki d`Mb{d`Mb{ lemv=do lemv=do lemv=dodz\o t_hi	t_hilejokMzot_hMwokid`Mb{d`Mb{lemMdolimMdo lMmMdodz\ot_hi
yong1270	q{dots`_hM z`v=l`Mts`_hM t`_h{{~ Jil`M sol`M sol`M sol`M t`_h{t`_h{zo g7bi ts`_hMqo t_hik_hMseno t_hi no w7 h{~k_h7ts`_hM ts`_hMnej\i mv=ts\o k_hMJim{ d`Ml`M d`Ml`M d`Ml`M	q{dot_hMz`v=lots`_hMt_h{JiMsosoosolots`_h{ts`_h{zogebit_hMqot_hikMsinM t_hinow7 h{k_hMts`_hMts`_hMne mMts`_hMk_hMJim{d`MMd`Mld`MlM
yong1270	ts`_hMk7 RA ts`_hMk7 m7RA ts`_hMnej\i lesi leli	ts`_hMk7Rots`_hMk7mw7Rots`_hMnelesMleli
yong1270	@j\is`Mj\i d`Mdz`MKAts_ho nj{zM ho~ho~hi~ nobv=ts_hMr\=` Ji pitsM mv=	{j\is`Md`Mdz\MlAts7J{zMhohonobMts7MJipitsMm{
yong1270	t_hi nobv=ts_hMr\=`JM @mA m7s`M pi	t_hinobMtsonM {mAmos`Mpi
yong1270	t_hi w7 GM ledA	t_hiw7hMled7
yong1270	t_hi d`Mj\id`Mj\ig7 sidzits`_hM zono tsMqw{tsMqw{ pidz\o @mi lA t_hidz\o@dipizo o~too~ q_hAne d`w{kv= nj7 @j\is`Mj\i dz\MRo t_hihA~	t_hid`id`ig7sizMts`_hMzv=notsMqh{tsMq{pedz\M {mi lAt_hidz\odipizo ot_hoo q7ned`{koJi{j\is`idz\MRot_hih7
yong1270	@p_hv=qA t_hits\_ho @v= ts`_hMts\iqA t_hits\_ho hA gv=bi v=ts_h7 ts`_h{ o~ts`_hMne j\ibi dz\i mv=	{pv=q7t_hits`_ho Mw7s`iq7t_hits`_ho hogv=bi wv=ts{ts`_h{ 7ts`_ho niibidz\Mm{
yong1270	@j\is`Mj\i d`Mz\ir\=`ts`_hM ts`_hMnej\i gv=JitsM mv=	{j\is`Md`MzMs`Mts`_hMnigoJitsMmv=v=v=
yong1270	@sMkv= zM zM ts`_hMdz\o k_hv=miJM kihi~Ji	AsMkMzMzMts`_hMdz\ok_hv=minikiJi
yong1270	hi~diqo m7hw{Ji m{	hidiqom{hwAJim{ht_hht_hh
yong1270	zono d`Ms\ik_hv= d`MJitsM mv=	z7nd`is`ik_hod`MJMtsMm{
yong1270	t_hi ts`_hMne j\isedz\o t_hi ARo let_hv=	ts`_hoMts`_hMnejisidz\ot_hiARolit_hv=
yong1270	ARo @mAki t_hidim{ @gi	Aw7 Am7kit_hidim{{dz\e
yong1270	lek_hi t_hi ARo let_hv=kw7ts\MlA @z\i@p_hv= doho~ ARo t_hv=kw7ts\MlA qoqA ts`_hMl`Mqo t_hv=kw7 mv=zo t`_hMl`M led`w{zo	lekidi {Rolet_hv=kw7tsMloezi{p_hMdoho ARot_hv=kw7tsikoq7ts`_hMlMqodMhonozot_hMlM l{d`{zwA
yong1270	Ats_hA ts`_hMl`M lez\i ts`_hMqo ts\M hi~ mohi~ts`_hM	ko{tsAts`_hMlMliz\it_hv=qots`_hi himohMs`7
yong1270	@mi ts`_hMr\=`se hi~r\`{ {tso{moJM d`w{ dz\o pizo hi~r\`{	imits`_h{si {tso {monv=d`w{dz\opMzMh{
yong1270	lihM t_hi @miJM zono t_hv=qolA ts`_hMqo t_hihi~ nj7 mv= @Ji pidz\o mv=JM @mA gMj\i Ji pitsM mv=	lihMt_hi eminMzMnots`_hv=qol7t_hv=qot_hihiJem77Jipedz\M mMnM Am7gMJibitsMm{
yong1270	lets_hMdz\o zono t_hi @zM zoz`7zoho~Ji mv=z`7zoho~Ji d`w{ m7zo hi~ z`w7 t_hiz`w7k_hM {s`{q_hw7 d`Mk_hw7 dz\okv=	le{tsMdz\MtsMnot_hi 7zozoz`ozohoJi mMz`ozohoJi d`w{m7zo hiz`ot_hiz`k_hM {s`{q7d`v=k_hodz\Mkv=
yong1270	nobv=ts_hMr\=` ts`_hMzMdz\o d`w{ fv=fv=Jidz\o nor\=` nj7r\=` fv= nj7r\=` nor\=` fv= noki kidz\o	t_hinobMtsM7ts`_h7zMdz\od`o{fv=fv=Jidz\oozMJ7osMko noMJMMfv=JiM noMfv= nokikidz\o
yong1270	w7 q{dopoJM ledAzo z\iq_hw7	w7 q{doponMliwdozozMqv=
yong1270	@mA gMj\i gM pitsM mv=	Am7gMj\igMpMtsMmM
yong1270	g{p_h{ t_hidi mv=p_h{ t_hidi	g{p{t_hMdi mMp{t_hidi
yong1270	mv=zo lihMp_h{didz\o t_hv=Jidz\o tAtA {~Rv= dzMRotodz\o t_hv=JM lelizo d`Mr\`w{p_h{didz\o {~Rv=JM qv=ts`{ {tsM	mMzolihMp{didz\ot_hMJidz\ot_hot_ho {RozMot_hodz\ots`_hMnM lilizod`o{p{didz\oM {RonMqots`_h{ {tsM
yong1270	nj7dz\o t_hi qoqARo t_hidzidz\o leNv= leNv=dz\o m7Jv= Jv= ARo let_hv=ze @z\i nj7 q_hAne ARo t_hv= pi dz\o t_hi	Jedz\ot_hikoq7ot_hezMMdz\oliNoliNwMdz\o m{nv=nM {Rolit_hv=zMezeJeqv=niARot_hopedz\ot_hi
yong1270	t_hi ledA dz\o t_hi q{dots`_hM t_hAninihi~ @gi	t_hil7d7dz\ot_hiqedots`_hMt_h7t_hAnini igi
yong1270	t_hi lesMJi pidz\o @miJM gMm7j\i pitsM mv=	t_hil{sMJipidz\o MminM gMm7ipitsMmM
yong1270	w7 dz\MRoJM let`7 lepots_hM ARo w7 zoqo dziho~r\=` t_hv=qo w7 ts`_hMqo dzizoho~ pi ts`e d`Mt`v= qw{ @j\is`Mj\i nAts`_hMdz\o	t_hiw{dz\MRonolet_hMlipv=tsM {wowAzoqozMhot_hqo w{ts`_hv=qozMzoho bits`_hid`Mt_hMqw{{j\is`Mj\i nAts`_hMdz\o
yong1270	r\=`b7dz\o t_hi q_hAne gv=hi~ nj7JM z`w7bi pidz\o	h7MbAdz\otsMiq7Jigv=JJ7nMz`w7bipidz\omv=
yong1270	t_hi m7fv=dz\o t_hi ARo Jiz\i fv= @dAlA @miJM ts`_hMz\iki kitsM mv=	t_hi mAfv=dz\ot_hi {RoJigMzMfv= {dAl7iminMs`MzMk_hikitsMmM
yong1270	@mA nj7JM r\=`b7dz\o lez`w7kibi pitsM mv=	AmA J{nMh7b7dz\olez`okibipitsMmv=MM
yong1270	nAdz\idz\o sA nAhAdz\o o pikv=tsM mv=	nAdz\idz\osAnAhAdz\ogopikMtsMm7ts`_ht_hJnJd`t_hts`_h
yong1270	t_hi t_hv=qo t_hv=dz\o h{~q_hv= t_hi noJMdz\o dz\ihv=~ d`Mdzi pok_hi	t_hit_hoqot_hodz\oh{qot_hMnon7dz\Mdz\ihv=d`izMpok_hi
yong1270	les`M s`MhA~ gv=JM @zM @mA no toto bi pitsM mv=	les`Ms`MhAgon77zM {monot_hot_hobipitsMm{
yong1270	t_hi ts`_hMz\iki kidz\o d`MJidz\o z`M let`_hMtsM mv=	t_hitsizMt_hikidz\od`MJidz\Mz`Mlet_hMtsMm{
yong1270	ts`_hMsMkv= t_hi z`M j\iq_hw7 p_hv= let`_hM @j\is`Mj\i	t_hits`_hMts`_hosMkv=t_hi z`Mjiqw7pMlits`_hM 7j\is`i
yong1270	t_hi sos`Mqo t_hv=dz\o {~Rv= d`Ml`M g7p_hi lets_hM pitsM mv=	t_hisos`MqotsMdz\o {Rod`MlMgMpil{tsMpitsMm7h
yong1270	o~bv=o~ @mi r\`{JM loq_hw7 ts`_hMnej\i Jikv= m{ @j\is`Mj\i	obo imi{nM loqwAts`_hMJiJik_hMm{is`M
yong1270	t_hi hM hMdz\o ts\_h7Jini t_hi ts`_hMz\iki z`M t`_hMsedz\o t_hi ts`_hMr\=`dz\o p_hv=d`M j\i	t_hihMhMdz\Mts`_heJinet_hits`_hMzMts`_hiz`Mt_hMsMdz\ot_hits`_hMMdz\ipv=d`Mji
yong1270	hi~ leRAs`e lepots_hM t_hi legv=gv=	JiileR7s`MlepotsM t_hilegv=gv=
yong1270	g7qw7 zAbAlAts`_hMdz\o zono ARobv= z\idv=bv= nv=mi	g7qwA zAbAlAs`Mdz\ozMno {RobMzidMbM nv=mi
yong1270	@sMkv= ts`_hMnej\i nj7JM ARo nosMkv=ki RAmi z`w7m7ts_hM pidz\o nj7mv=dz\o noki kiJize	AsMkots`_hv=niJ{JM{RonosMkokiR{miz`7m{tsMpidz\oJ{mMdz\o nokikiJizi
yong1270	Ji Ji pidz\o @mA nj7 nobv=ts_hMr\=` Ji pitsM mv=	JiJ{peMdz\o {mAJionobMtsMJipitsMmv=
yong1270	s`v=nj7 t_hidihi~pi sohw7 t_hi w7 tsiq_hw{kv=pi	s`oJ{t_hidiipid`Msohw7t_hi w7tsMqh{kMpe
yong1270	r\=`ts`_hed`MmA r\=`ts`_hed`MmA pidz\o k7m7ts`MtsM mv=	{ts`_hid`Mm7{ts`_hid`MmA {pedz\MkMs`otsMmv=
yong1270	z\iq_hw7 no z\imi m7Ji sol`M	ziqwonozimim7JisolM
yong1270	w7 mv=p_h{ pizo w7 d`Ml`M t_hidim7di	w7Mp{pozow7d`MltsMd`iwod`i{
yong1270	t_hi no @tse j\izo no ts`_hMnej\i dzMJi pidz\o t_hi k7m7ts`MtsM mv=	t_hino {zizonots`_hMnizMJ{pedz\o t_hik7mots`_hotsMm{
yong1270	nAhAdz\o o nAdz\idz\o sA pi {s`{tAmv= nj{sMkv= zono le s`Mdz\o t_hv= mv=s`M kw7ts\M lA sA m7 dz\o m7	nAhAdz\oRo nAdz\idz\osApe {s`{t_h7mMJ{sMkv=zMles`7dz\o t_hMmes`Mkw7tsilAsAm7dz\omA
yong1270	lodz\o p_hv=Rotodz\o Nw7qo lez\i RApv= tv=dz\o t_hi {~Rv= g7p_hi lets_hMtsM	lodz\opv=wot_hodz\o Noqolez\M R7pv=wot_hv=dz\ot_hi {RMgMpil{tsMtsM
yong1270	t_hi mv=zoJM lehM @miki lehM @mA k_hi p_hor\=` nj7 Ji pi	t_hi mMzonMlihM emikilihM AmAts`_hipoMJ7Jipi
yong1270	mv= ts`_hMz\ir\=`JM lodz\olopv= mv=@mir\=`JM d`w{ t_hik_hMk_hMJitsM mv=	mMts`_hMj\izMMnM lodz\olopM mv=imij\MnM d`v=t_hikMhiJtsMmMMMd`d`
yong1270	t_himv=kw7ts\MlA t_hi Jikv= Jikv= t_hi lep7p7JitsM mv= lep7p7 p_hoJitsM mv=	t_hi mMop{zMlAt_hi Jikw Jikwet_hi lepopoJitsMm{lepop7poJitsMm{
yong1270	ts`_hMmv=ts`_hMdz\o r\=`ts`_hed`MmA mv=ts`{JitsM mv=	ts`_hMmMts`_hMdz\M {ts`_hid`Mm7mMts`_h{JitsMmv=
yong1270	t_hi nj7dz\o nobv=ts_hMr\=` Ji no doJi pidz\o t_hi no RAmi nj7 d`MsMr\=`k_hM	t_hiJedz\o nobMts7MJi nodoJMpidz\ot_hinoR7miJ{d`MsMk_hMpiJtsooJJ
yong1270	R{ m7z\i dA m7d`o pizo @z\imor\`{JM @j\is`Mj\i hi~mor\`{JM ts`_hMnej\i z`w7kv= m{	{mozid7m7d`opizo izim{7nM 7j\is`i himo{Jts`_hMhidz\okom{
yong1270	sidzi ts`_hMJM no li m7do nj7 li m7do @mi led`w{zo hilej\i z`7miqo t_hv= @j\i s`v=d`v=zo z`7mits`_hM ko ko ts`_hMnej\i d`Mk_hM t_hidi z`7mits`_hM t`_h{{~ ts`_hMhw7lA gv=kv=	sMzMts`_hMnMnolim7doJilim7do {mil{d`Azohilez`emiqot_h{isMd`MzMz`emits`_hM gv=qots`_hMnid`Mk_hMt_hMdez`emits`_hM pMt_h{Jts`_hMh7{gv=gv=
yong1270	miKik_h7 d`Ml`M poJMdz\o lep7p7 dz\M t_hits\M hA gv=	milik_hMd`MlMponodz\olipopodz\Mt_hits`_hi hogv=t_h
yong1270	nj{sMkv= nAts`_hMdz\o q_hv=ts_hik_hv= zM zM q_hv=ts_hik_hv=Roto ts\ik_hM q_hv=ts_hik_hv= d`Mk_hMJitsM mv=	JiesMkv=Mn7ts`_hMdz\o qAtsMk_hMz7zMq{tsMk_hMot_hots`_hikM q{tsMk_hv=d`Mk_hMJitsM m{
yong1270	@j\is`Mj\i z\imi no sol`M dAze sol`M nj{sMkv= nj7 lesM ts`_hMts\o tAJM	ej\is`Mz\iminosolodAdz\MsoloJisMkoJ7l{sMset_h7n7
yong1270	k_hv=milA zono nAbv= zM k_hv=lA zono hi~ zM zM ts`_hMdz\o q{ q{Jikv=tsM mv=	kfv=milA zMno nAbM zMk_hv=lAzMno hizMzMts`_hMdz\i qeq{JikMtsMmM
yong1270	z\idv= j\itsoJi s`Mm7d`o	z\idv=j\itsoJi s`Mm7d`o
yong1270	ts`_hM s`Mdz\o m7j\i nj7 w7 @tso j\i t_hij\ik_hM s`v=d`v=zo w7 d`Ms`M p_hv= w7 qv=r\=` pitsM mv=	ts`_hMs`Mdz\omwejiJiMw7AtsMjoit_hiik_hMs`Mdz\Mso w7dz\Ms`MpMw7q7ApitsMnM
yong1270	v=ts_h7 @tsom7Ji dz\oJi ts_hotsM kv= tAs{kidz\o kv= pikv= m{	wv=ts7 {tsMm7Jedz\MJMtsotsM kv= t_h{s{ts`_hidz\i kv=pMkv=m{
yong1270	zono loloJM p_hokv= m{	zMnMlolonM pokom{
yong1270	lodz\o p_hv=JitsM mv=	lodz\opv=JitsMm{
yong1270	ts`_hMne j\isedz\o t_hi mv=p_h{ ti g{p_h{ ti t_hi z\imi mv= k_hM d`Mso z\imiqo dzi d`Mso dz\o @gi	ts`_hMnijisidz\ot_himMpt_hi g{p{t_hi t_hidz\imi mMk_hMd`Mso z\imiqozMrM sodz\oMdz\o
yong1270	d`Ms`M p_hv=dz\o pitsM mv= @mi ts`_hMv= @mi t_hAJi @hM ts`_hM d`w{ j\iJitsM mv=	d`Ms`MpMdz\MfitsMm7 imits`_hMwo imit_hAJ{hMs`Md`w{jiJizMnM
yong1270	t_hi no m7d`w{ pizo zo ts`_hMz\i @miJM les`v=hMJitsM mv=	t_hinom{d`w{{pizo zots`_hMzeimilis`v=hiJitsMM d`dz\dz\t_h
yong1270	bv=q_hv= t_hidi hw7li t_hidi ts`_hMnej\i d`Mt`v=d`Mt`v= q_hAj7 t_hidiJim{	bv=qv=t_hidihw7lit_hidits`_hMned`Mt_hod`ot_h7q7t_hidiim{
yong1270	zono nAts`_hMdz\o k_hv=miki d`w{ p_hv=d`Mj\its`_hMdz\o zono	zMnon7s`Mdz\Mk_hv=mikid`{pMd`MjiJitsMdz\MzMnot_h
yong1270	nj7 @tso ts`_h{GM q_hw7 pi Nv=JitsM mv=	J7{tsots`_h{oqwApiJMhitsMm{
yong1270	AmA no m7bi no m7bi @zM no dzMk_hMm7bi	Am7dz\i mbinMm7bi AzMn7zMk_hMm7bi
yong1270	t_hi t_hv=qoJM ts`_hMnej\i d`Mts\o lebidz\o w7 gipihi~ d`Ml`M dikv=m{	t_hit_hMqonMts`_hv=nedMts`_holebidz\iw7dz\ipid`MlMdikom{
yong1270	s`{d`{ dit_hAk_hM	s`{d`Ad`itsAk_hM
yong1270	d`Mk_hv= d`Ms`Mhi~ts`_hMdz\o s\il`M s\il`M q_hAdze nv=l`M nv=hv=~ j7jo qw{	d`Mk_hv=d`is`oJitsMdz\is`ilM s`ilM qozi nolM nv=hMjejo kw{
yong1270	t_hi RAmi ts\_h7Jini noki kiselA nobv=ts_hMr\=`dz\o noki hMp_h{di	t_hi{mits`_hJinenokikisMl7nobv=tsModz\onokihMp{di
yong1270	z`w{k_hv=hi~ts`_hMdz\o lets\i lepojokv= pizo {s`{tAmv= ts`_hMnej\i dz\oJitsM mv=	z`{k_hv=JMs`Mdz\ilets`_hilepojokv=pizo {s`{t_hAmMdz\os`Mnedz\oJitsMm{
yong1270	legv=gv= t_hi nj{sMkv= nAts`_hMdz\o @gi zono dv=p_h{ pizo zono z\iq_hw7 d`Ml`M dikv=m{	legMgM t_hiJ{sMkMn7ts`_hMdz\oidz\i d`MnodMp{pizozMno izMqw7d`MlMd`ikMm{
yong1270	les`Mdz\o dz\i mv=m7k_hM	leMs`Mdz\idz\owomMmw7k_hM
yong1270	zono k_hv=milA hi~ts`_hMdz\o zM zMts`_hM q{ q{JitsM mv=	zMnok_hv=mil7hits`_hMdz\ MzMts`_hM q{q{JitsMmv=
yong1270	no zoqo nobv=ts_hMr\=` Ji nj7 m7sM pidz\o	nozMqonobMtsMMJ{J{m{sMpidz\M
yong1270	Rv=ts`_hMJM Rv=ts`_hMJM ho~ts_hik_hv= d`MJitsM mv=	t_hiRos`MnM os`Mnv=hotsMk_hv=d`MJitsM m{
yong1270	z\imi notAk7dz\o w7 @m7v= Ji	z\iminot_hAk7dz\o7mMbv=Je
yong1270	leJ{kw7ts\MlA t_hi mv=zo dz\o t_his`Mdz\o ts`_hMr\=`dz\o t_hi lo j\ilets_hMzetsM mv=	l{nk7ts`_hMlot_hiimMzv=dz\Mt_his`Mdz\Mts`_hMdz\ot_hi loj\il{tsMziitsMmv=
yong1270	ts`_hM lo j\ihMkw7ts\MlA nj7 ts`_hM nomv= libi	ts`_hMMlojMhMp7t_hol7Ji7ts`_hM nomMlibi
yong1270	ts7hA z\im7Rodz\o sor\=` pi	tseh7zim7Rodz\osol`oMpi
yong1270	d`MKi let`7 dz\Mk_hM t_hv=Jizem{ @gi	d`Mhilet_hodz\ik_hMtsMJizM m{{dz\e
yong1270	@mi nj7r\=` z`v=mi ts`_hMv=dz\o ts`_hMnej\i les`Mze d`Mdz`MKAts_ho ts`_hMdz\o @tse j\iJi	emiJiMz`v=mits`_hMwodz\ots`_hMniilis`MzinMdz\MlAtsots`_hMdz\oetsiJ{
yong1270	t_hi o~ts`_hMnej\i zo z\imits`_hMdz\o tApits`_hMdz\o @gi	t_hiots`_hMnij\7zozimits`_hMdz\oimit_hApits`_hMdz\o ijep
yong1270	t_hi loj\ihMsedz\o t_hi ts`_hM poJM hA gv=k_hMtsM mv=	t_hilojMhMMsidz\ot_hits`_hMponM h7gv=k_hM7tsMmM
yong1270	t_hi gv=Kimi ts_heKimi d`MKimiqo t_hv=kw7ts\MlA t_hi ts`e tsA ts`e tsA	t_higv=limitsilimi d`Mllimiqot_hMMkwAts`_hMlot_hits`_hMtsAts`_hMtsA
yong1270	les`M leots_hMze pi ts`_hMnej\i d`Mz`w7r\=`	les`MlewotsMzipits`_hMnied`oz`o
yong1270	nj7r\=`dz\o z\iq_hw7 ts_hiJize pi z\iq_hw7 ts`_hMqo dziJi pi dz\7ts_hokv= @j\is`Mj\i	J77dz\izMqwetsMJizepiizMqwes`MqoziJizMpidz\otsokw{Ms`i
yong1270	sol`Mhi~ts`_hM t_hi z\imi dA dz\o t_hi dz\MRo dAbikv=zem{ @gi	solMts`_hot_hiz\imi dAdz\ots`_hidz\iqo dApikv=zMme {dz\{
yong1270	t_hi t`{b7 leRAs`e tv=q_hv=qo t_hik_hMhMze pitsM mv=	t_hit_h{bAli7s`Mit_h7hoqot_hik_hMhMzipitsMmv=
yong1270	t_hi ts`_hMki w7 lehMdz\o mv=JM s`MhA~ gv= d`MJi @milA mv= t_hitoto Nv=JitsM mv=	hits`_hMt_hiolehMdz\omMnMs`v=h{gonid`iJi emil{m7t_hit_hot_ho Nv=otsom
yong1270	zono nAts`_hM z\imi d`Ml`Mhi~qo g{p_h{ mv=p_h{ m7dihi~ w7 m7dz\7Ji	zMnon7ts`_hMz\iz\mid`MlMJiqoog{p{mMp{m7diiw7m7dz\eJ7
yong1270	ts`_hM mizM ts`_hMv= dz\o t_hi p_h{ts\i ts`_hMz\iki bis`v=d`v=	ts`_homizMts`_hoodz\ot_hi p{t_hits`_hMdz\ikibis`v=d`o
yong1270	sit_hv=ts`_hMdz\o zono @z\i@p_hv= les`Mdz\o lejozo sit_hv=qo dzikv=tsM mv=	sMt_hMtsMdz\ozono ej\ze{pM leMs`M7dz\oleojozo sMt_hMqozMkMtsMm{
yong1270	d`Ms`MlA Ji w7	d`v=s`MlAJo
yong1270	ts`_hMnej\i tAmv= dz\okv=tsM mv= lAk_hv=hi~ z`w{k_hv=hi~ jok_hv=hi~ t_hv=sokv=poJM t`_h{{~ jomidz\o hA dzM lez\i dz\o dz\okv= hA Jikv=	ts`_hv=nit_hAmMdz\ok_hv=tsMm{ lAk_hv=hi z`{k_hv=hijok_hv=hit_hMsMkopv=nMt_h{ jomidz\o h{zMlizidz\Mdz\okv= hoJikM
yong1270	d`Ml`Md`Ml`Mhi~dz\o ho~ts_hilA Jil`M	d`MlMd`MMd`ihotsMlAJilM
yong1270	ts_ho z\i di m7z\ihi~qo t_hv=zedz\o t_hi ts`_hMnej\i zo	tsozi dimAz\iiqot_hMzedz\ot_hits`_hMni{zo
yong1270	t_hi ts`_hM lets_hMdz\o t_hi k7ts`M m7hi~ les`Mni t_hikw7 nj7 lep_hoze pitsM mv=	t_hits`_hMletsMdz\ot_hikMts`_hMmohilis`Mnit_hikwoJelipozipitsMmv=
yong1270	dz`v=nAmidz\o d`Ms\ik_hv= d`M Rv= ts`_hMdz\o ho~ts_hik_hv= d`M	zonAmidz\Md`Ms`ik_hv=d`M ARos`Mdz\ihotsMk_hv=d`M
yong1270	gv=Kimi t_hiKi ts_heKimi t_hiKi z`et`{Ki t_hiKi	gv=limit_hlts`_hitsilimit_hits`_hi z`it_hAts`_hi t_hilts`_hi
yong1270	leKiJize m{	lits`_hiJizMb{
yong1270	{~Rv= dzMbinigv=zo ts`_hMnej\i ledzMzo qv=ts`{ {ze pitsM mv=	{w7zMbinigv=zots`_hMnili {zMzMqots`_h7 {zipitsMmv=
yong1270	t_hi lets_ho lets_ho hi~r\`{ki mv=k_hv= h{~q_hv=	lieletsoletsohi{kimMk_hwe h{k_hw7v=l
yong1270	d`Mtv=k_hv= zono d`Ms\ik_hv= s`Mts_hik_hv= ho~ts_hikv= Nw7ts_hik_hv= q_hv=ts_hik_hv= ts`_hMdz\o t_hi @j\is`Mj\i	t_hid`Mt_hv=k_hv= zMno d`Msik_hM s`MtsMk_hM hotsMk_hM N7tsMk_hM qotsMk_hMtsMdz\ot_hi ej\is`M
yong1270	t_higv=sedz\o t_hi no w7 qw7 t_higv=	t_higMsMdz\Mt_hinow7wot_higMt_ht_ht_ht_h
yong1270	t_hi k_hv=pv= d`MhA~ dz\o t_hi zono hi~ d`Mv= t_hAdzM hAts`_hM	t_hik_hv=pv=d`Mh7dz\ot_hi zMnohid`Mw7t_hAzM hots`_ho
yong1270	o~ @mi lA ledzM o~ ARo @z\ilA @p_hv=ki q_hAne z`w7tsoJi	7imil7lezM7{R7ezil7 {p_hMkiqMnedz\otsoJi
yong1270	s`MhA~ gv= d`MJid`MJi nj7 ts`_hMne j\iJi pitsM mv=	s`Mh7gv=dv=Jidz\iJ7nMts`_hMnij\iJipitsMmv=
yong1270	t`{s`M pim7Jize nobv=ts_hMr\=` piJi	At_h{s`Mpim7jiz7nobMtsMpiJi
yong1270	q_hw7d`M m7to letoze nj7mv=zodz\o RAmi ts`_hMnej\i gv=Ji tsM	q_hwAdz\Mmot_holet_hoziJimMzodz\o hAmits`_hMnigv=JitsM
yong1270	s`MKimi ho~Kimi gv=Kimi ts_heKimi qo t_hv= t_hi w7 s\il`M leh{~h{~	s`Mlimiholimigolimitsilimi qot_h7t_hiw7s`MlMleh{h{
yong1270	k_hv=miki p_hv=d`Mj\izokv=	k_hv=mikipv=d`v=j\izoko
yong1270	nAts`_hMdz\o z\imi m7dihi~ m7dz\oJi	nots`_hMdz\ozizimim7diim7dz\oJi
yuca1254	ti?al in b_<in tak tE:lO? k_>a:b_<E:t ja:S ta:nilE? kin	tia:inb_<intak tElO:?k_>a:b_<Et ja:Sta:nilEki
yuca1254	wa dE a:k_>ab_< tE:lO? su:ka:n u b_<E:ta:lE?	wa:dEak_>atElO sukanu b_<EtalE?
yuca1254	kuStal ma:jaE? tak b_<Ehla:kE? ku mEjahtSahal	kuStal ma:ja:? takb_<E?la:kE? ku mEja:htSahat
yuca1254	ja:katS b_<a:tE:l ta:mb_<alil tu:S ta:kpahO:b_<	ja:katSb_<a:tE ta:nb_<al il tuS ta:kpa:hO:?
yuca1254	ka tu jilah b_<in huntu:l tSan Snu:k	ka:tu jila:b_<in u tutSa:nSnu:k
yuca1254	ku p_>E:p_>kO:b_< u k_>u:k_>mEl	kub_<Eb_<kO:b_<uk_>uk_>mEn
yuca1254	u la:k_> lE b_<EhO? wa ka k_>utSukEtS tE:h	ula:b_<ElEhb_<EhO: wa:kak_>utSkEtSEtE
yuca1254	lE p_>u:h tu:nO? ti?al u ja:ntal u b_<ak_>El	lEb_<u:htunO:? tja:l u u ja:ntal ub_<ak_>il
yuca1254	O: ja:nE? ku mE:tikO:b_< wOlis ja:nE? Ol ma? wOlisi?	OO:ja:nEkumEtb_<O wOlisja:nE? Olma:?wOlisi
yuca1254	lEti?O:b_< ti?al u b_<E:jtal hO:k_>lO:b_< ta:nil	lE tijO:tSja:l u b_<EjtaluuhO:k_>lO:ta:nil
yuca1254	hO:k_>Ol tu:n b_<in u pa:htEh b_<in ma:k tE:h jO? b_<EhO:b_< tun b_<in b_<EjO? tumE:n	hO:k_>OtumEn upha:t min ma:ktEjO:?b_<EhEO:b_<inb_<E ja tumEn
yuca1254	in kaStik u b_<E:lil	in ka:Stik ub_<Elil
yuca1254	u b_<E:jtal in ta:sik in na?E? ki b_<in	ub_<Ejtalita:ski inaE?kiu?
yuca1254	ka b_<in hO:p_> u ja:la:lti? ja:n huntu:l ku kahtal wEja? ta:n u kaStik ma:k mEjah	kab_<iO:b_<b_<uja:lti a: ja:nutu Ejku ka:hta wEja: kEalaini tan u kaStik ma:kmEja:
yuca1254	u k_>ahO:ta:l jE:tEl u	uk_>ahO:ltalO: jEtElu
yuca1254	nOhOtS b_<Ej b_<Ehla:k ja:n kin wilik	nOhOtSb_<Ej b_<E?lakja:n kEb_<E
yuca1254	hun pa:k kEn a manilE? ts_>O:kOlE? kuS tu:n pi:kil ku ja:la:lO?	un pa:ki kEna:manilEts_>O:EkuStunE Epi:ki kuja:lalO:
yuca1254	wa ka kulakEtS a wu:j u tsikb_<alO:b_<	waka: kulakEtSawujutsikb_<alO:b_<
yuca1254	jO:k_>Ol u lE? E ha:sO? ku mE:ntik E ha:j wa:h nu:ktak	jO:lulEE ha:sO:b_< kumEtkE ha:jwa:hnu:ktak
yuca1254	mu:n k_>astal mu:n wEkikO:b_< ma? tSOkO b_<in tSEn u b_<isO:b_<i?	munk_>asta: mun wEhkO:b_< ma:tSO:kOb_<intSEn ub_<isO:b_<i?
yuca1254	b_<Ej k_>a?k_>atts_>a:b_<il kEn a ts_>a:h b_<Eja?	b_<E uk_>ak_>ats_>a:b_<i kanats_>a:b_<Eja:
yuca1254	ku jikO:b_< tu:nE? ti? b_<in tSan Snuk tun b_<in b_<Eja? tSilikb_<al b_<in	kikO:tumb_<Enitka:nib_<a Sunuktumin b_<Eb_<inatSilikwEb_<b_<in
yuca1254	ka tu ki:nsO:b_< b_<in tu tO:kahO:b_< b_<in	ka:tu kinsO:?b_<in tO:kub_<in
yuca1254	pi:b_< lE b_<a:S ku k_>u:b_<ulti?O:b_<O?	lE pilllE b_<a:Skulk_>u:b_<utijO:b_<O:
yuca1254	b_<a:lE? ja:n k_>i:nE? kin wa:kO:nE	b_<a:lE? ja:nk_>inE kiki wa:kO:nEb_<ps
yuca1254	b_<Ej tu:nO? ts_>O:k u tSOkOtal b_<Ej lE	b_<EjtunO?ts_>O:kutSOkOtab_<EE?lE
yuca1254	SnO:hO? ts_>O:kOl atS_>a:k E ja:Sil ja:n ta SnO:hO? ka b_<in tOh	SnO:hO:?ts_>O:klats_>EkE Sa:jja:ntaSnO:hO:? kab_<itO:b_<
yuca1254	u wina:lil ku ja:la:lO?	uwijna:lil nOb_<jEmb_<E kja:la:lO:n
yuca1254	pu:stik la:kal b_<a:S k_>a:s jani? ja:n	b_<u:stik la:kab_<a:k_>a:tsjanih ja:n
yuca1254	miS b_<a:l kin kkaStikO:n waja? in ktSan kna:jO:nE? ta:jtak u lu:b_<ul	Estab_<unuSb_<a:h kikaStikO:unwaja: intSana:ju? nE ta:i tullu:up
yuca1254	kO:S p_>a:n jOk_>sal ku ja:la:l wa	kO:Sts_>a:n jO:sa: kja:lab_<b_<a:lO:Es wa:
yuca1254	hE:lO? b_<Ej ti?anO:b_< ja:nal tu:n	EOb_<Ea:O ja:natun Ek_>
yuca1254	tak ti? u kutSul u la:k_>	tak ti uk_>utS4Ola:
yuca1254	hE:S lE tSa:?ah tSa:kO? ku ja:la:l tS_>a? tSa:k tumE:n ta:n u k_>a:t O:ltikO:b_<	hEStSa:tSa:kO:b_< kuja:la?tSa:tSa:k tumEn tan uk_>a:O:l tikO:b_<
yuca1254	ku ja:lik b_<inE?	kEikib_<inja:
yuca1254	ma?k itSil b_<in b_<Ej u ja:lik b_<in tE:h ma:kO:b_<O? ka b_<in tSa:b_< u b_<in ka a:la:b_< b_<in ti?E? ja:n in ja:n in wikO:n tu:S ka b_<in ki b_<in	ma:k itSib_<in b_<i kOmuja:lik b_<in tEma:kO:b_<aka:b_<intSa:b_<ub_<i jlab_<in tE? janin janE b_<ikO:n tuSkab_<ikkib_<i
yuca1254	hu:tS ka:S wa u b_<ak_>El b_<a:ltSE?	hu:tSEka:S waub_<ak_>EEn b_<a:ltSE?
yuca1254	ma:nal k_>a:sil b_<iS kEn takil b_<a:l b_<Ej a wO:l ti? tSOhOkb_<al a ta? tu pa:tS a	ma:na:k_>a:ts_>i b_<iS kEnatakkib_<a b_<EO:b_<titSO:hOkwalata:tO pa:tSa:l
yuca1254	ts_>O:kOlE? ku pa:na:l	ts_>O:klEku pa:na:
yuca1254	itSil tu:n lE hE:lO? ka u b_<in u u:u	itSitun EhElOkapub_<inu
yuca1254	b_<a:lamO:b_< wa ma? E? u u:tSb_<En kanul	b_<a:lamO:umE apEi utSb_<E a:pEjdO ES kanun
yuca1254	ku ha:ntikO:b_<	kuha:ntkO:b_<EtEn sO:hpa:
yuca1254	ja:b_< ma:S ku k_>a:t O:lal	jEa ma:S kuk_>atO:lal
yuca1254	ti?al a b_<in tak a hO:k_>Ol tE:h b_<EhO?	tuja:la b_<intak a hO:k_>OtEb_<EhO:
yuca1254	lE:ti? San ktSi:npO:ltik ktSi:mpOltik San fiE:staO:b_<O?	lEtiSa:n ka:ktSimpOl titSinOltiSa:nlEjtO:b_<b_<O:
yuca1254	E tE:l b_<i:S tu:nO?	E tEb_<iStunO:
yuca1254	in kaStik b_<iS kEn in tsOlil ti? b_<a:StEn ma k_>a:b_<E:t u tsa:ik u tu:p lE:ti:?	min kaStik b_<iSkEn intsOlitiEb_< b_<a:S tEn ma:k_>ab_<Et uts_>iku tuplEti
yuca1254	u ti?al ma:kO? a kimEnO:b_< b_<EjO? tSEn k_>utSukO:b_<E? lE:ti?O:b_<E? tu:n	u tima:kO:b_< b_<anO:? a:kimEhnO:b_<EjO:?tSEnk_>utSkO:b_<Eb_< psnEkib_<E tukha:nkO:
yuca1254	hEla:n u kuStal kES ti? hump_>E:lili? ka:h jan	hEla:nu kuStakES tiub_<EElli ka:hja:n
yuca1254	in tsikb_<al jE:tEl lE nukutS ma:kO:b_<O? lE Su:na:nO:b_<O? lE ta:NkElEmO:nO? pa:lalO:b_<O? la:jli? San lEti? kts_>a:kO:n k_>ahO:ltb_<il	jintsikb_<a:l tElEukutSuma:kO:b_<b_<O:lE SunanO:b_<ullE ta:nkilEn pa:lalO:b_< tula:liSan lEtikts_>a:kO:nk_>a:O:lb_<i
yuca1254	E kO:lElO:b_<O? ja:n b_<a:S u b_<E:jtal u mEjahtikO:b_<E? ja:n b_<a:S mu:n b_<E:jtal u mEjahtikO:b_<	E kO:lElO:b_<O:? ja: b_<a:Su b_< ja:kOb_<E ja: b_<a:Sb_<b_<E b_<ja:htikO:b_<
yuca1254	ku ts_>OkOlE? ku ts_>a:k ta:b_<E? ku Sa:k_>tik	kuts_>O:kOlEkuts_>ak ta:b_<Eku Sa:k_>tik
yuca1254	ku jilik b_<inE? k_>utS ti? hump_>E:l tu:S b_<inE?	kikb_<inEk_>utStub_<Et tuuSb_<inEh
yuca1254	ku ts_>a:kO:b_< u nib_< O:lil lE ku mEjahkO:b_< kO:l ku ts_>a:kO:b_< u ni:n O:lil si:b_<il ti?al lEti?O:b_<	kuts_>a:kO:b_<un ib_<O:lEl likO:maja:hkO:b_<kO:l kuts_>a:kO:b_<unib_<O:lEl si:b_<i tia:llE tijO:b_<
yuca1254	u ts_>O:k ka:p_>E:l b_<in E b_<EhO? ka hO:p_> u b_<in ka hO:p u b_<in	uts_>O:h ka:b_<Eb_<inEnb_<E hO: kab_<ub_<i kab_<ub_<b_<i
yuca1254	ka tu jO:tah b_<in sut ka:tE:n dE wi:nikil b_<in E	ka:tjO:tab_<inusutka:tEn win kib_<inEE
yuca1254	ti? kun b_<E:ntb_<il tu:ni?	tikumb_<Ej b_<itO:ni
yuca1254	ha:s k_>u:m	haa:sk_>u
yuca1254	ja:b_< k_>u:m kEn mE:ntEh jO:k_>sal kEn	ja:b_<k_>um kEn amEti jO:salkEnt
yuca1254	E E? b_<O:b_< wa ka hO:k_>OkO? ja:n u ha:nta:lO:b_< wa ka:b_<al wa jO:k_>Ol b_<Eh janO:b_< ha:	Eb_<O:b_<wakahO:kOb_<usikuan u ha:hntalOwaka:b_<a wa:jO:?b_<Eh janO:h
yuca1254	lE kEn jat u tSan si:stal b_<EjO? lE:ti?E: ts_>O:k San u Sa:k_>tik E hu:tS_> jE:tEl lE	lEkEn atutSansista wElOl lEtjEts_>O:kSan u Sa:ktikEl hutSijEtEl m
yuca1254	pi:b_< ti?al lE ha: al iSan hE:S u mE:nta:l lE b_<i:SO?	sitElEn ha:nal piSan hESumEta:lE b_<i:SO:b_<
yuca1254	ka:hlO:b_< tu:S hatS a?ik aha:n u tu:kulO:b_<E? tumE:n hE:l b_<iS ti?al klu:mil tO:n	ka:hlO: tuS hatSa:k aha:n u tukulO:b_<EtumEn hEb_<iS wa:jtja:klu?miltO:n kintan aO:
yuca1254	hE:lO? in laStik b_<iS kEn in wa:lil ti? tin kaStak hE:l b_<iSakE? in ts_>a:ik tE:tS ta:k_>in in b_<E:tik b_<Eja?	hEO mumin kaStik tun b_<iSkEni wa:ltitin kaStan b_<iS SakEb_<ints_>a:k tESta:k_>imin b_<Etb_<a:
yuca1254	lE:ti? E b_<a:l b_<a:lO? wa lE:ti? E b_<a:l b_<a:lO? in wO:hEl	lEtEb_<b_<a:lOwallE tEb_<a:b_<a:la ink_>aswO:hE
yuca1254	E kO:lElO:b_<O? ku mE:EntikO:b_< u ka:Sil ku mE:ntikO:b_< u k_>O:lil	EkO:?lElO:b_<ukumEtkOb_<b_<uka:Si ku mEtkOb_<b_<uk_>O:lil
yuca1254	tsikb_<altE ti? tE:n b_<iS kuSlik ka:tS lE u:tSb_<En ma:jaO:b_<O?	tsikb_<at b_<iS kuSlik ka:SlEnk_>utSub_<En ma:ja:Ob_<O:?
yuca1254	jan la:gunasO:b_< wa jO:kha?O:b_< tE:lO? ja:n a ma:nsik tu:S ku b_<in ma:k hatS	ja:n la:gunatsO:waj jO:kha:O: tElO:? ijan ama:nsik tuS kub_<in ma:katS
yuca1254	u kili:tS hala:tSO:b_< b_<EjO? ka k_>a:Sak ha?	ukilitSalatSO:b_<EjO:b_< kajik_>a:Saka:
yuca1254	pO:l u jO:hEl ma:S ki? u ju:b_<ik u Si:k_> u tu:tS	pO:l ujO:hil b_<a:Skiuju ku Si:k_>u tu:tS
yuca1254	jE:tEl hump_>E:l tSan ta:sa? E ki:wahO? b_<a:SE? tSEn u b_<ak_>El	jEtE humb_<EtSan ta:sa:kiwa:hO:tSEna:tSitSEn u b_<ak_>El
yuca1254	tE:h akta:n hump_>E:l ti?an lE kisb_<u:ts_>O:b_<O? ti? ku hE:lElO:b_<i? ti?al u b_<i na:kal lE ma:kO:b_< ti?al u b_<inO:b_<	tEakta:n ub_<Eama:slE? tia:n lE kisb_<uts_>O:b_<O:? ti ku hElElO:b_<b_<i tijal u b_<iuna:k lE ma:kO:b_< tial u b_<inO:b_<
yuca1254	b_<a:lE? wa ka b_<inE? ja:n a kaSta:l jE:tEl a wa:lO:b_< jE:tEl a la:k_>tsilO:b_< ja:n u ta:sa:lO:b_< ku ja:la:l b_<in ti?	b_<a:lE wakab_<inE jan a ka:Stal jEtOla wa:lO:p jEtOla la:kilO:?jin O ta:sa:lO:b_<kil ija:lamati
yuca1254	jE:tEl u wOlisilE? ku b_<up_>ik E k_>O:lO?	ts_>EtulislE ku b_<utkEk_>O:lO:b_<
yuca1254	tumE:n E b_<a:S b_<in hE:lO? tats_> ma:n ku mE:ti b_<in u jO:l lE ts_>O:n ti? u ki:nsa:l lE:ti?E: ma? ts_>a:b_< ti? ki:nsb_<ili?	tumEn E b_<a:SmijElumutats_>ma:n kub_<Etik b_<in u jO:lEts_>O:ntib_<mun kinsa:EOSilEtEma:ts_>a:ti?kinsb_<il
yuca1254	b_<iS u ma:n u ta:k u b_<a:O:b_< ka:tS tun ju:tSul lE	b_<iSu ma:nO: ta:?kub_<a:O ka:tStun jutSlEkEaE ka:stab_<i
yuca1254	kin wa:lO:nE jan hE:S wa hE:S u ja:lik in a:b_<uE:laO? in k_>a:tE? in wa:b_<ilO:b_<E? kanO:b_< lE jO:p_>O?	ki wa:lOnE?pajan hSwESuja kia:mb_<Ola:O: tiink_>a:tE in wa:b_<ilO:b_<E? kanO:b_<Eh jO:ts_>O:?
yuca1254	E majak tSE?O? tE:h ja:nal lE majak tSE?O? ti? jan tu:n E O:Stul mEhEn mu:tSO:b_<O?	E majaktSEO: tEja:hnalEmajaktSEO: tija:ntunEOS tumEmutSO:b_<ub_<
yuca1254	hump_>E:l wa:h nOhOtS	ub_<El wa:h nOhOtS
yuca1254	b_<a:lE? ti?al tu:n E hE:la? ku b_<E:ta:l hEhEla:s ha:nalO:b_< tu ts_>O:k k_>i:nE?	b_<a:lE tuja:l tun EhEla: tuja: kub_<Etal hEhElaha:nlO:b_< tuts_>O:hk_>i:nE?
yuca1254	kib_< dE ti? E mEhEn pa:lalO:b_<O? ti? E nukutS ma:kO:b_<O? b_<OS kib_<	kib_< dE kOlOE tiEmEhEn pa:lalO:b_<O:? tiEn ukutSma:kb_<Ob_< b_<O:Skib_<
yuca1254	hE:lO? ka b_<inO:b_< tun b_<in hump_>E:l k_>i:n b_<EjO? ka tu hO:k_>sO:b_< b_<in E 4E:jO? b_<Ej ja:b_<O:b_<O?	ElO:b_< ka:tb_<inO:tuEn ub_<Ek_>i:nb_<EjOkatu hO:sO:b_<b_<in a 4EjO:b_<b_<Ej ja:b_<O:b_<O:
yuca1254	ka janak E	ka:ja:nlakE sa:ntOka:sia:
yuca1254	tumE:n hE:S E dE ka:ldO? ma:ta:n u b_<E:jtal u b_<isikO:b_< u wE:kEl ti?O:b_< tE:h b_<EhO?	tumE ESEdE ka:lO:pas ma:ta:n ub_<kwEkE tjO:tEb_<EhO:b_<
yuca1254	ti?al u mE:tO:b_< b_<in pi4a:midEsO?	tEalumEtOb_<En pia:miEsO:
yuca1254	tSEn b_<a:lE? k_>a:na:n San a wilikE? wa	tSEb_<alEk_>a:n a SOnab_<ikE wa:
yuca1254	b_<Ehla:k tun tu k_>inilE? u k_>a:t ma:kE? ka ta:ka:k E nO:k_>O:b_<O?	b_<Elak tun tuk_>inil lE uk_>a:t ma:kE ka:ta:hkEnO:kub_<O:b_<
yuca1254	hE:S tu ka:hil tSan kah bE:4ak4u:sE? kaSta:n sa:ntOsO:b_< itSil lE EstEn lE lE	hES tuka:hitSa:n kab_<EaklusEka:Sta:n llEa:ntO: itSill a:ntO
yuca1254	ka:ldO wa ka:S ku ki:nsa:lE?	ka:llO:wa:tEn ka:Sku kinsa:lE
yuca1254	mp_>E:lili? u b_<O:nil dE	b_<Eliliu b_<O:niE
yuca1254	miS b_<a:l tSika:ni tu:n ju:b_<ikE? ja:n ma:k b_<in	miSb_<a:tSika:?nipOtun ju kE ja:ma:kb_<in
yuca1254	u kib_<il wa ti? mEhEn pa:lalE?	u kib_<i wa:timEnpa:lalE?
yuca1254	lE pi:b_<il wa:hO? hE:S su:k u mE:ntik in na?tsil jE:tEl in ju:mtsilE? hump_>E:l	lEpib_<i wa:hO? hES su:kumEtikina:?tsil jEtElinjumtsulEh huk_>El
yuca1254	u EstEn u tS_>ujub_<il tumE:n tak E tS_>ujub_<O? lElO? ti?	wEstEn utSujub_<it tuman takkEtSujub_<O:n lEinOtiku
yuca1254	ku ts_>OkOl tu:nE? hE:S in wa:lik tEtSO? ku ts_>a:k hump_>E:l	kuts_>akOtunEhESin wa:jtESO kuts_>a:k hub_<E
yuca1254	wa ma? a wO:hEl miS b_<a:l tu jO:k_>salO:b_<E? tsikb_<altE tEn b_<iS a tukultik u tsikb_<alilO:b_< u:tSil	wa:ma:awO:hEl miS b_<a:l tu jO:k_>salO:b_<E?tsikb_<al tE b_<iS a tukul tik utsikb_<alilO:b_<u:tSil
yuca1254	huntu:l pa:lE? hatS k_>a:b_<E:t u tSi:mpO:ltik	huntu pa:lEhatSk_>a:b_<E tutSimpOltik
yuca1254	ts_>O:kOl tu:nE? tE:lO? ka k_>utSul b_<a:nta:h u b_<Ehil ka:Sa:jil u b_<Ehil San ku b_<in tu b_<Ehil	ts_>O:kOtun tElO:? kak_>utSub_<a:nta: b_<Ehil ka:Sa:jil u b_<Ehil Sa:n kub_<in tu b_<Ehilil
yuca1254	hE:lO? tEtSE? a ju:m wa a na?E?	hEb_<OtEtSE a:jju:m wa:naE
yuca1254	hE:lO? lE:tiE:? ka tu la:h hunta4tO:b_< b_<in u ju:mil kahtalil b_<inO?	hElO:klEdjEka: tula:h hO:nta tO:?b_<in unju:milE ka:htal ib_<inO:
yuca1254	b_<a:lE? itSil lE E lE hE:la? k_>a:b_<E:t in	b_<a:lE itSilEtnElE hEla:k_>ab_<Eti
yuca1254	tSOwak b_<in u tsO:tsEl u pO:l kE u ji:tS_>ak b_<inE? tSOwaltak b_<in kE	tSO:wwak min utsO:?tsEl u pO:lkE jitSapmin EtSO:hwaktakmin kE
yuca1254	ku b_<E:ta:l tu:n E pi:b_<il wa:hO?	hu b_<Etal tun hnE pib_<il wa:hO:?
yuca1254	tSEn lE:ti? ku ha:ntikO:b_< lE wa:hO? ku b_<E:ta:l San dE mEhEn	tSEn lEti?ku ha:ntkO:jlO:b_< wa:hO kub_<Eta:Sa:n dEb_<mEhEn
yuca1254	ka b_<in	ka:b_<in EtEm
yuca1254	u u pi:b_<il lE wa:hO?	uEEnO u pib_<ilEn wa:hu
yuca1254	k_>a:b_<E:t u hE:ts_>El u p_>a:nil	k_>a:mb_<E tu hEts_>luts_>a:ni
yuca1254	ku k_>i:nsikO:b_< lE hka:SO?	kukinsikOb_< lEh ka:SO:b_<
yuca1254	b_<a:lE? lE tu:tSitSO? ja:nE? ti? ku b_<isik jO:k_>Oli? ja:nE? ja:nE? ku ts_>a:b_<kO:b_< ja:nal	b_<a:lElE tu:ntSO: ja:NinE? tiku b_<isik jO:li a:nEja:nE? kuts_>a:jkO:? ja:na
yuca1254	E hE:lO? ta:h ja:n San u mu:k_> itSil lE ma:sEwa:l kuStalilO?	ElO:ta:hja:nSan umuk_>itSilE ma:swal kuStalilO:?
yuca1254	b_<Ej tu:nO? ja:n a tsOlik tu la:kal tak u flO:4Esil tak u EstEn	b_<EjtuO:jnatsO:lik tula:kataku lO:lE sitakub_<EEnu
yuca1254	tak tu:n a k_>utSul tu ka:hil hu maj	n taktO:nak_>O:tSu tu ka:hil uma:j
yuca1254	lE:ti?O:b_< SanE?	lE tiO:SanE
yuca1254	ku sp_>O:kOlE? ku la:lik tu:n E ma:ntEkah	ts_>O:lEkul la:hlik tun uEma:ntEka:
yuca1254	E hE:lO? tu hu:nal kun b_<in u	ElO: tu hO:nakOnb_<inu
yuca1254	b_<a:lE? b_<Ehla:kE? lE p_>u:hO? Ol Ol ma:tS u mE:nta:l	b_<a:lE b_<ElakE lEb_<u:hOOl Ob_<i min na:b_<a:tSumEta:
yuca1254	ku ts_>O:kOl tu:nE? lE hE:lO? in ju:m SanE? sa:m u p_>ab_< E k_>a:k_>O?	kuts_>O:kO tunEkEja:tElE hElO: in jumSanEllEtjE sa:muts_>a:b_<ik_>a:kO:b_<
yuca1254	ka b_<in k_>utS iknal E b_<inO? ka b_<in a:la:b_<ti?E: hatS ha:h	ka:b_<inkutS inEEb_<inO: ka:b_<i a:tiEh hatSa:
yuca1254	ja:n a ma:nsik tu:n E lElO? ts_>O:kOl E? ku sE:gE4 a b_<in ka la:ili? ka b_<in a tSa:k a b_<inE?	ja:nama:sik tun E kusEOlElO:ts_>O:k la kasEkEab_<in kala:jli? ka:b_<in tSa:kab_<inE
yuca1254	tsu sa:tal	ts_>usa:ta:
yuca1254	tE:h ts_>a:b_<il tE:h tSu:kO? b_<a:S ku mE:nta:lE? ku li:l ha:ta:l lE tamali?O:b_<O? jO:k_>sal lE	Ets_>a:b_<itEtSukOb_<a:S kub_<EtalE ku lil ha:ta:lu ta:mal ljO:b_<O: jO:salE
yuca1254	jO:k_>Ol ka:b_< E nuE:bEO? lE:ti? lE E	jO:k_>O:l ka:p En wEb_<O:l lE tElsn
yuca1254	kO:lEl b_<inO? ka b_<in tu tSa:h b_<in E ts_>O:n lu:b_<sa:b_< tumE:n E ma:k	kO:?lEb_<in Ol kab_<itSa:h b_<in Ets_>O:mil lusa:umEn Emakb_<
yuca1254	mEhEntak ma nu:ktak u b_<E:nta:li?	mE hEnta:k ma:nu:ktakO:ub_<Eta:li
yuca1254	kuSukb_<alO:b_< tak walkil lE u:tSb_<En	kuSub_<alO:? tak wa:lkil lEE O:tSb_<En a:EjtO
yuca1254	ka b_<in tu:n ja:n ta:jtak a k_>utSul ha:silE? ja:n hump_>E:l tSan	a b_<intun ja:n ta:ita kak_>utSu ha:silE jan ub_<EjtSan
yuca1254	u ma:ma b_<inO? tu hO:k_>sah b_<in tE:l tSan kahtalil tu:S janO:b_<O?	u ma:b_<ab_<b_<inO: tu hO:sa:b_<intEtSan ka:htali tu:SanO:b_<O:
yuca1254	hE:lO? ka tu:n tu ja:lO:b_< ti? b_<EjO? u ka tu k_>aSO:b_<E? ka tu tsa:hO:b_< b_<in b_<Eja?	hElO:b_< ka:tun kia:lO:b_< tib_<EjO:?u katuk_>a:SO:b_<in Eka:tuka: tuts_>a:O:b_<b_<in b_<Eja:
yuca1254	hatS ta:jtak b_<in u k_>utSul b_<in ti? ump_>E:l tSan kahtalil ku ik tE:h na:tSil b_<in b_<Ej b_<inO?	a:tSta:itak b_<En uk_>utSub_<in tub_<EtSa:n ka:htalikiktE?na:tSib_<in b_<Eb_<ina:
yuca1254	ja:n u u:tSili?	u ja:n ua:nOs wEnu kutSilil
yuca1254	hE:l u b_<E:jtal in wikO:nE? hatS ha:h hE:S u kaSta:l San lE ta:k_>inO:b_< ti? muka:nO:b_<O?	ub_<Ejtalib_<ikO:nE? hatSa: hESu kaSta:SanE ta:k_>inO:tilEmuka:nO:k_>O:
yuca1254	ta:n San u p_>a:b_<al lE k_>a:k_>O?	ta:nSan uts_>a:lEk_>a:kO:b_<
yuca1254	ka b_<in mu:tS_> b_<in u jEt ma:kilO:b_< b_<in b_<Eja? ku ja:likO:b_< b_<inE?	ka:b_<i mu:tSb_<inu ujEt ma:kilO:?b_<in b_<a:ja:kO:? b_<inElh
yuca1254	u kis b_<u:ts_>il u b_<in ma:kE? ja:n hump_>E:l tE:h k_>i:wikO?	ukitsb_<uts_>il ub_<i ma:kE? ja:nE?un pEl tEEnEk_>i:wihO:?
yuca1254	lElO? u	lElO:u
yuca1254	tE:h k_>i:n hE:lO? la:jli? San u b_<E:jtal u ja:la:l wa ja:n u la:k_> u la:k_>O:b_< wa ja:n ma:S b_<Ej u la:k_>kimEnO?	tEk_>i:n hElO: la:jliSa: unb_<Ejtal u ja:la:l wa:ja:n u la:ul u la:k_>O:hO:ja:n ma:S b_<ujO:la:kib_<EnO:
yuca1254	kEn a p_>ab_<la:ntE ki:b_<O? E hE:la? a b_<E:tik u b_<E:jtal a b_<E:tik	kEn atab_<lntE kib_<O: EhE?la: jan ab_<iub_<Ejtal ab_<Etik
yuca1254	mE:n huntu:l nOhOtS ma:k b_<a:lE?	EmEn u tun hO:tSuna: pa:lE
yuca1254	hE:lO? E nO:k_> tu:nO? hE:S tO:n b_<Ehla:ka?	hElO:b_< i nu:k_>tunO:b_< tES tO:n b_<E?la:ka:
yuca1254	lE EstEn E ku ja:la:lO? ts_>O:kO tu:nE? ka k_>utSul tE:lO? hatS tu akta:n b_<EjO? ka ts_>a:ik ka ts_>a:ik u tSan buE:ltah b_<EjO?	lE inb_<E4na:dEO: kuja:lanO:?ts_>O:ku tun E? kak_>utSu tElO: hatStu hatStuakta:n b_<EjO: kats_>a:jk kats_>a:jkutSan wEltEb_<Eja:
yuca1254	tu k_>i:nil b_<Ej ta:jtak u kO:lO:b_<O? lE:ti?O:b_<E? ku k_>a:tikO:b_< ti? lE	tuk_>inilb_<Ej ta:j tu kO:lO:b_<O: lEtiO:b_<b_<E kuk_>a:tkO:b_<tib_<lE?
yuca1254	E jan b_<in E E 4E:jO? huntu:l b_<in	EEjja:nb_<in EjO:? u tumb_<uuhO:b_<in
yuca1254	ku hu:pulO:b_< u ts_>i?ktE E b_<ak_>O?	kuk_>uplu:m sik tEb_<akO:
yuca1254	lE:ti?E: ja:n u b_<E:jtal u ha:nal ma:lOb_<	pOlEtEja:n ub_<tlu ha:na ma:lO:
yuca1254	jO:ks?al ma? u tE:k E:lEl ma? sakantal	jO:?salma:u tEk ElEnma:u sakantal
yuca1254	tEnE? b_<Ehla:kE? kin wilikE? hatS mina:n miS jE:tEl lE kpa:lalO:n	tEnEb_<ElakjEkE mikE hatShatSmina:n miSEtElin pa:lalO:b_<
yuca1254	lE:ti? E kEn in tsOl San	EtEkEintsO:lSa:
yuca1254	tE:h k_>i:nO:b_< b_<Ehla:ka? hatS tu la:kal tsu la:h hElpahal	tEk_>i:n ub_<Ela ka:hatSjitulla:kats_>ulla:hhElpa:ha:n
yuca1254	utSul u ju:tSul lE b_<a:tE:l taa:mb_<al wa	utSul u jutSul E b_<a:tE ta:mb_<a:l wagEaEka:tasO:?
yuca1254	lE tS_>a:h tSa:kO? ku b_<E:ta:l b_<Eja?	lEtSa:tSa:kO:b_< kub_<Eta:l b_<Eja:
yuca1254	ku ma:n tu:n	kuma:n tun EtEn
yuca1254	E ha:nlil	Eha:likO:
yuca1254	ja:n nahO:b_<i? ja:n E pa:4sElasO:b_<O? ja:n nahilO:b_< ja:nE? mina:n	ja: nahO:b_<i? ja:npa:sElab_<O jnnahilO: ja:nEminb_<E
yuca1254	ja:n a tSi:mpO:ltik hE:l ma:Sak ka wil ma:s nOhOtS tEtSO?	jan atSimb_<Oltik ma:tSak b_<E ka:wil ma:SnOhOtStEtSO:
yuca1254	u la:k_> b_<a:S San kin wu:jik tu jO:k_>sal SanE? jO:k_>sal lE b_<a:ltSE?O:b_< hatS ta:h ja:n San	lEula:b_<a:Sa:n kin wujik tu jO:saSanE? b_<ajO:lsa lEanEEb_<a:ltSEO: hatSta:h ja:Sa:n
yuca1254	pi:b_<il wa:h ku b_<isikO:b_< tumE:n E hE:lO? mu:n	pib_<il wa:h kub_<iskO: kumEElElOmu
yuca1254	hatS miS ma? utsi?	hatSmiS ma:utsi
yuca1254	ja:n u hE:ts_>El u p_>a:nil	inu hE?ts_>uta:ni
yuca1254	E wa:hO?	Ewa:kun
yuca1254	kEn ts_>O:kOk tu:n b_<Ej u si:stal E k_>O:lO? b_<a:S ku b_<E:tik tu:nE? ku ki?	kEnts_>O:k tumb_<E ju sitEk_>O:lOb_<aS kub_<Etik tunEkukE
yuca1254	ti:n wilikE? ja:b_< E ja:b_< E tsikb_<al tu:sO:b_< ku mE:nta:l b_<Ej tu jO:k_>sal E E?b_<O:b_<O?	ti wEkEja:b_<E ja:b_<Etsikb_<al tusuku mEtab_<EjitEjO:sE b_<O:b_<O:?
yuca1254	ma? ma? na:tSi? mi kES wa ka k_>utSul tu:n Sha:sil ti? ja:n hump_>E:l a:h b_<Ej ma? k_>utSkEtSO? ja:n hump_>E:l asEradE4Oi?	mamana:tSii kmtt hak_>utSutul Sa:sil tja:n ub_<E asEaEOb_<EmakutSkEtSO? jE ub_<asEaEO
yuca1254	b_<E:j ts_>OkOlE? nOhOtS u	Ejts_>O:kEn nO:htSutS
yuca1254	ma:sEwa:lE? ka u b_<in u u tSan b_<in u	ka:b_< ma:sEwa:lE kapub_<in  utSa:nb_<inO:
yuca1254	ja:b_< u k_>a:t O:lal ma:k jO:k_>sal u k_>a:ta:l santO ha?O?	ja:a:b_< uk_>a:tO:lal ma:k jO:sal uk_>a:tal a:ntOha:O:
yuca1254	ka b_<in OhE:lta:b_< tu:n b_<inE? tSEn tSan Snu:k b_<in ta:k u mE:ntik b_<a:O:b_< ti? ma:kO:b_< b_<in	kab_<iOhEhta:tub_<En EStSaSinukb_<in ta:kb_<inub_<b_<in b_<a:lO:ti?ma:kO?mib_<E
yuca1254	u hO:k_>sa:l tu:n E pi:b_<O? ts_>O:k u hO:k_>sa:l b_<Ej E pi:b_<O?	u hO:sa? tun Epib_<Ots_>O:ku hO:sab_<EjEpi:b_<O:b_<
yuca1254	piSanO:b_<O? ti?al b_<in u b_<isO:b_<	piSa:nO:b_<u tija:lb_<inun b_<iskO:
yuca1254	tumE:n tEnE? hE:S b_<in in mE:ntik E ka:nsah ti SOkna:lO:b_< ku ta:l tin wiknala?	tuEn tEnESb_<iS inb_<Et kE ka:nsah b_<Etil nESOkna:lO:kuta:lO:?iltib_<iknala:wE
yuca1254	ku ts_>a:b_<al b_<in lE lElO? jO:k_>sal b_<inE? lE:ti?O:b_< ta:n u ha:ntikO:b_< E hE:lO?	ps kuts_>a:b_<ab_<inElElO:?jElsab_<EnOlEtO:Ektun ha:nkOb_<ElElO:?
yuca1254	ka u jil ma? u	ka:wujil ma:wu
yuca1254	tak tSEn tSE?O:b_< kEn a wil tE:l b_<EhO?	taktSEntSEO:?kin a wiltEb_<EhO:
yuca1254	ja:n ump_>E:l jO:k ha? wa sEnO:tE? b_<Ej ta Sts_>i:ka? ti? ja:n hump_>E:l sEnO:tEi?	b_<ja:n humb_<EljO:ka:wa:sE nO:tE b_<EttaSts_>i:ka? ja:n hub_<EEnO:tE
yuca1254	sa:hkO:n in tS_>a:O:n lE ja:n k_>i:nO?	sa:hkOn i intSa:OnE EspO:nsab_<b_<iligat ja:nk_>inO:?
yuca1254	ka ti? tun ku ka:hal a wilik ump_>E:l tSan nah ti? ump_>E:l Sa:n b_<Eja?	katitun ka ka:hlawiltub_<EtSan nah tub_<ESa:nb_<Eja:?
yuca1254	sOlda:dOsO? b_<in b_<EjO? tSa? in han b_<ini? ki b_<in	sO:lda:dO sO:?b_<inb_<EjO:tSain ha:nb_<ini? kib_<i
yuca1254	ku Sa:k_>ta:l lE hu:tS_> jE:tEl lE siklO?	hub_<Sa:ktalE hutSEtElE siklO:
yuca1254	ma? hE:S ka:tS u:tSO? tSEn ma:nakEtS tu:Sak b_<Ehil ka ma:nakEtS kEn a wil huntu:l nOhOtS ma:kE?	mES ka:tSutSO:tSE ma:nktuSakb_<Ehi ka ma:n kEtSEtSin a wil hun tunO:hutSma:kE
yuca1254	u nO:k_>O:b_< lE:ti?O:b_<E? ku b_<u:kintikO:b_< ku ts_>a:kO:b_< b_<in lE ku ja:la:lO?	nO:k_>O: lEtiO:b_<E kub_<ukin tikO:b_< kuts_>a:kO:b_< lE pEna:tSO:skijalalO:
yuca1254	tu ta:sO:b_< b_<a:lO:b_< San tu:mb_<En b_<a:lO:b_<	tu ta:sO:b_< b_<lO:?iSan tumb_<En b_<a:lO:b_<
yuca1254	ka b_<in tu tSa:h E ts_>O:nO? ka b_<in tu ts_>Onah b_<in tu tsajah b_<in ti?	kab_<inEtEtutSaEts_>O:nO: kab_<in tuts_>O:na:hb_<in tutsa:ja:hb_<in ti?
yuca1254	ts_>a:b_<al lE nukutS wa:hilO	ts_>a:b_<lEn ukutSuwa:hnO:b_<b_<
yuca1254	ts_>O:kOl tu:nE? ku ku u ts_>a:b_<al itSil lE pi:b_<O?	ts_>O:kOtunE? ku kuwEhaO:ts_>a:b_<a:itSilE Epi:b_<O:
yuca1254	ma? tu tSa? u b_<a:E? ka b_<isa:b_< in k_>alb_<il itSil lE	ma:tutSa:ub_<a:E? ka b_<isa:b_< ina:b_<alak_>alb_<i intSilE kEab_<E ka:stas
yuca1254	E hE:lO? ku ja:la:lE? ti?al mEhEn pa:lal	EhE?lOkja:lalE timE hEn pa:la:
yuca1254	wa a k_>a:t b_<inE? tE:lO? ja:n a kaStik ja:b_<katS ta:k_>ini? k_>a:b_<E:t a mEjah	wa:k_>a:t b_<inEtElu ja nakaStikja:katSta:k_>ini pOkab_<ta mEa:
yuca1254	ku la:h ts_>i:ktik E b_<ak_>O? tSEn b_<a:lE? tE:n in na?E?	ku la:htsiktikEb_<ak_>O:?tSEn b_<a:lE tEnE ina:?
yuca1254	hEla:n tE:l San tak mu:nisi:piOa? hEla:n San ti?al lE hEla:n San	hEla:n San tak munisipja: hEla:ESantia:lEspa:O: jESantja:llE pEnjinksula: juk_>atO:m
yuca1254	ka ja:nlak ha? ka tE:h lE ju:m tSa:k E E nukutS ma:kO:b_<O?	kaja:nlak ha:katElE jumtSa:kE E nukutSma:k_>O:b_<u
yuca1254	wa ja:n p_>a:t nukutS tSE:? ku b_<in u hO:k_>sa:l	wa ja:nb_<a:tnukuSEkub_<in u hO:?sa:
yuca1254	b_<a:S ma:Sti? kEn a ts_>a?E? wa ti? nukutS ma:kO:b_<E? b_<O:Stak	b_<a:S ma:StikEnats_>a: watin ukutSma:kO:b_<b_<E? b_<O:Stak
yuca1254	b_<E:lakE? tak hE:S u ja:lik in nO:lE? b_<E:la:kE? ja:n pa:lalO:b_<E	b_<ElakE tak hESu ja:lik in nO:lE? b_<ElakE? ja:m pa:lalE?
yuca1254	tSEn b_<a:SE? ma? ja:S	tSE ma:tSEn ma:?ja:S tEn
yuca1254	kin kuStalO:n itSil E ku ja:la:lO? tumEn	nkin kuStalO:n itSilE inkOkija:la:lO:? tumEpas
yuca1254	hump_>E:l ku:tSilil tu:S ku jutSul pa:k_>a:l E pa:k_>a:l i:k b_<a:lO:b_< b_<EjO? ku pa:k_>alO?	hunb_<El ku:tSilil kuS kun jutSupa:k_>al E pa:k_>altiik EtE b_<a:lO:b_<Ej ku pa:k_>a:lO:
yuca1254	ku p_>a:b_<al	kuts_>a:b_<a:
yuca1254	ma:n u b_<E:jtal a b_<E:tik ti?O:b_< b_<Eja? u b_<E:jtal a wa:likti?O:b_< b_<Eja?	mO:nb_<Elab_<Etikb_<itEO:b_<Ejb_<Elaa:wa:liktOb_<Eja:n
yuca1254	E 4E:jO? ma? tu pE:4dOna:4tO:b_<i? ma? tu sa:tsO:b_< u si:pil b_<Ej b_<a:S tu sEn mE:ntahO?	pEsa EjO: ma:tu pEdO na:tO: ma:tua:sO:b_<b_<u sipil b_<Ejb_<a:StsuEmEtO
yuca1254	ka ma:nsik E tO:pEO? ka b_<in ku lantSahal a b_<in a wilik nahO: tu:n	ama:sE tO:pEO: kab_<in kula:tSa:hlab_<in kab_<ina:kwilik na:hO:tu:
yuca1254	lE ku ta:kal lE	lE ku ta:klE
yuca1254	tE:h a:k_>ab_<ilO? lE b_<E:tik ku ts_>a:b_<al lE kib_<Ob_<O:b_<O?	tEa:k_>ab_<ilO:lE?b_<E tE kuts_>a:b_<lEE kib_<O:b_<O:
yuca1254	ka su:nah b_<in ka:tE:n tu tSan kahtalilE?	ka:sub_<nab_<in ka:tanutSankahtallE
yuca1254	tak tE:h k_>i:nilO:b_< hE:S janikO:na? ku Si:Sta:l b_<iS janik	ta:k tk_>inilO:b_<S ja:nikO:na:? kuuSiSta:b_<iSanik
yuca1254	u b_<ak_>El b_<EjO ku	ub_<ak_>inb_<EjO:?ku
yuca1254	lE kEn ts_>O:kOk u tahal lE hka:S b_<EjO? kEn ila:k tsu Si:kil lE b_<ak_>O?	lEkEnts_>O:h ku ta:hlEka:Sb_<EjO:kEjilakts_>ul Sik lE b_<ak_>O:
yuca1254	ti? jan E pa:l kulukb_<al ta tsE:lO? tu:n tSa:ntik a witS b_<a:S ka wa:lik	tia:n E pa:lkulub_< b_<atats_>ElO:h tuntSa:n kawutSb_<a:S kawa:Ek
yuca1254	ku ts_>a:b_<al tu:n San E ki:b_<O:b_<O?	kuts_>a:b_<atun SanE E kib_<O:b_<O:
yuca1254	si lE hE:la? in wa:kE? ma? tSEn k_>a:k_>as b_<a:li ka b_<in O:kO:b_< b_<in tE:l itSilO?	sjElE Na wa:kE ma:tSEnk_>ahk_>asb_<a:likE?b_<in kaik_>O:kO:b_<En tEitSilO:
yuca1254	ka:hO:b_<O? ti? k ilikE? kuSa:n lE nukutS ma:kO:b_<O? lE hatS u Oksah O:lmO:b_< lEti?	sa:ntO ka:hO:b_<O:? tik_>ikE kuSa:nE nukutSma:kO:b_<O:latSuksa:O:lmO: lE tilE
yuca1254	hatS u ja:b_<ilE?	hatSuja:b_<ilE OaEmi
yuca1254	ka:nal k_>a:b_<E:t u na:ksik b_<E:jtal u na:kalO?	ka:nak_>a:b_<EtO na:ksik mun b_<EjlO:tS na:klO:
yuca1254	ti? ka paktO:b_< wa ka kulakEtS a wil u ha:nal	tika: a:paktO:wa ka:kula:katSawiluha:na:
yuca1254	Sa:k_>pEsk_>aha:n in mia:tsilO:n	Sa:kb_<Esk_>aha:n inja:tsilO:n
yuca1254	u:tSb_<En ma:jasO:b_< tE:h ma:jasO:b_< hE:S E ja:n tE:h k_>i:nilO:b_<a?	utSb_<En ma:ja:sO:tEn mha:ja SOS ja:ntib_<Ek_>i:nilO:b_<a:
yuca1254	hatS tSEn waj ti?al lu:mil ku mEjahta:lE?	katSwjtia:llu?mil kjOEtOkub_<nO ja:htalE
yuca1254	E kib_<O? ku ts_>a:b_<al tumE:n jE:tEl kEn u si:silku:nsEh u b_<E:lO:b_< tSEn Si:k_>Ob_<	E kib_<O:k uts_>a:b_<atumEn jEtE kn usa:si kuntub_<ElO:b_<tSn Si?kO:b_<
yuca1254	tak u p_>a:nO:b_<E? Ol u Ol u p_>a:tak ma? u u tSa:b_<al u p_>aNkO:b_< ma?	tak uts_>a:nO:b_<E O:l O:lub_<a:tak u mau utSa:b_<luta:nkO:ma:
yuca1254	ku:tSil tu:S ku b_<in b_<a:b_< E ma:kO:b_<O? p_>E:l tu:S kO:nOl O:tS b_<a:lO:b_< b_<EjO?	hutSi tuS ku b_<in b_<a:b_<E ma:kOb_<EtuSkO:?nO: O:EtSb_<a:lO:b_<ija:
yuca1254	hump_>E:l k_>i:n b_<inE?	humb_<Elik_>inb_<inEl
yuca1254	ja:n b_<in huntu:l ma:k b_<inE? E kana:ntik E 4E:jO? E gua:4diaO?	b_<EO: ja:b_<inu tuma:k b_<inE E kana:nkE EhjO:E gwa:dja:
yuca1254	u tOhb_<E:nil ti? lE:ti?E?ka p_>a:tak ta wiknal u jil b_<a:S kEn a mE:ntEh u ju:b_< b_<a:S kEn a mE:ntEh	u tOhb_<Eni tiEka:Eb_<a:taku tab_<ukunal ujElb_<a:S kanab_<EtE ujub_<b_<a:S knab_<EtE
yuca1254	kES b_<EjO? tu hOlah u SikinO?	kESb_<EOtu hO:luSEknO:b_<
yuca1254	tumE:n ja:n u b_<inO:b_< San	tumEja:n ub_<inO:Sa:
yuca1254	tOh ta:n tu b_<E:lO:b_< lE:ti?O:b_< tia?l ma? lu:b_<ul u jO:lO:b_< ti?al lE b_<a:tE:l ta:mb_<alO? ka u Oksah O:ltO:b_<	tO:h ta:n tu b_<ElO:?lE tiO:tial ma:u ulub_<lu jO:lO:tijalE b_<a:tE? ta:nb_<alO: ka:u OksahO:ltO:l
yuca1254	miS b_<a:l ja:n in ha:ntO:n tEnE? ta:k in kaStin ump_>E:l tuuS	iSb_<a:ja:n i ha:nts_>O:tE ta:hakin kaStik ub_<E tu:S
